{
"type": "FeatureCollection",
"name": "Departamentos",
"crs": { "type": "name", "properties": { "name": "urn:ogc:def:crs:OGC:1.3:CRS84" } },
"xy_coordinate_resolution": 0.0001,
"features": [
{ "type": "Feature", "properties": { "DPTO_CCDGO": "05", "DPTO_CNMBR": "ANTIOQUIA", "REGION": "Andina" }, "geometry": { "type": "Polygon", "coordinates": [ [ [ -76.5103, 8.8039 ], [ -76.4286, 8.854 ], [ -76.4135, 8.8738 ], [ -76.3812, 8.7942 ], [ -76.4191, 8.7579 ], [ -76.416, 8.7492 ], [ -76.3997, 8.7461 ], [ -76.3679, 8.7207 ], [ -76.3456, 8.6398 ], [ -76.314, 8.6565 ], [ -76.2815, 8.6489 ], [ -76.2661, 8.6388 ], [ -76.2648, 8.6176 ], [ -76.2507, 8.6103 ], [ -76.2548, 8.5945 ], [ -76.2655, 8.5844 ], [ -76.2538, 8.5758 ], [ -76.2228, 8.5733 ], [ -76.2239, 8.5618 ], [ -76.2372, 8.5563 ], [ -76.21, 8.5229 ], [ -76.2097, 8.4768 ], [ -76.2187, 8.4436 ], [ -76.1804, 8.3961 ], [ -76.2429, 8.37 ], [ -76.3034, 8.3112 ], [ -76.3033, 8.2845 ], [ -76.3241, 8.2647 ], [ -76.328, 8.2421 ], [ -76.3534, 8.1942 ], [ -76.3496, 8.1721 ], [ -76.3311, 8.1515 ], [ -76.3493, 8.1552 ], [ -76.3573, 8.1462 ], [ -76.3682, 8.1529 ], [ -76.3749, 8.1115 ], [ -76.4017, 8.1021 ], [ -76.3999, 8.1459 ], [ -76.4087, 8.0739 ], [ -76.425, 8.0743 ], [ -76.5514, 7.9521 ], [ -76.4249, 8.073 ], [ -76.4276, 8.0198 ], [ -76.4116, 8.007 ], [ -76.4155, 7.9545 ], [ -76.4229, 7.9505 ], [ -76.4211, 7.9118 ], [ -76.4382, 7.9048 ], [ -76.4481, 7.8797 ], [ -76.4644, 7.87 ], [ -76.4636, 7.8576 ], [ -76.4813, 7.8217 ], [ -76.4835, 7.758 ], [ -76.4966, 7.7497 ], [ -76.4856, 7.6893 ], [ -76.4923, 7.6405 ], [ -76.5112, 7.6134 ], [ -76.5144, 7.5883 ], [ -76.5034, 7.5522 ], [ -76.5273, 7.5474 ], [ -76.4962, 7.5514 ], [ -76.4525, 7.5011 ], [ -76.4557, 7.4839 ], [ -76.4388, 7.4697 ], [ -76.4163, 7.4185 ], [ -76.3797, 7.3916 ], [ -75.8455, 7.3471 ], [ -75.8337, 7.3713 ], [ -75.8321, 7.4021 ], [ -75.8177, 7.4158 ], [ -75.8275, 7.426 ], [ -75.8251, 7.4422 ], [ -75.8012, 7.4464 ], [ -75.7878, 7.4598 ], [ -75.7751, 7.5014 ], [ -75.7873, 7.5122 ], [ -75.7668, 7.5291 ], [ -75.7764, 7.5449 ], [ -75.7739, 7.5649 ], [ -75.7609, 7.5773 ], [ -75.7655, 7.6015 ], [ -75.7501, 7.6136 ], [ -75.7119, 7.5813 ], [ -75.6828, 7.5834 ], [ -75.6713, 7.598 ], [ -75.6332, 7.5831 ], [ -75.6017, 7.5897 ], [ -75.5976, 7.5856 ], [ -75.6026, 7.6011 ], [ -75.5709, 7.6249 ], [ -75.553, 7.6273 ], [ -75.5581, 7.6428 ], [ -75.5483, 7.6455 ], [ -75.551, 7.6684 ], [ -75.534, 7.6888 ], [ -75.5337, 7.723 ], [ -75.4995, 7.7191 ], [ -75.485, 7.7373 ], [ -75.4773, 7.7733 ], [ -75.4543, 7.7975 ], [ -75.4674, 7.8207 ], [ -75.4587, 7.8338 ], [ -75.4224, 7.8194 ], [ -75.4161, 7.8391 ], [ -75.4054, 7.8418 ], [ -75.4043, 7.8575 ], [ -75.3468, 7.875 ], [ -75.331, 7.9254 ], [ -75.3262, 7.904 ], [ -75.3286, 7.9349 ], [ -75.3382, 7.9445 ], [ -75.3093, 7.9474 ], [ -75.2918, 7.9602 ], [ -75.2669, 7.9993 ], [ -75.244, 8.0076 ], [ -75.2358, 8.0291 ], [ -75.2471, 8.0421 ], [ -75.22, 8.0681 ], [ -75.209, 8.0569 ], [ -75.1956, 8.0562 ], [ -75.1886, 8.0445 ], [ -75.1591, 8.0555 ], [ -75.1344, 8.054 ], [ -75.1255, 8.0401 ], [ -75.1008, 8.0557 ], [ -75.093, 8.0706 ], [ -75.082, 8.0636 ], [ -75.0809, 8.0532 ], [ -75.0474, 8.0424 ], [ -75.0239, 8.0551 ], [ -75.0134, 8.0706 ], [ -74.9899, 8.0748 ], [ -74.9684, 8.0906 ], [ -74.9544, 8.0786 ], [ -74.9279, 8.0746 ], [ -74.9134, 8.0996 ], [ -74.8939, 8.1156 ], [ -74.8671, 8.1592 ], [ -74.8679, 8.1961 ], [ -74.8275, 8.1991 ], [ -74.8113, 8.1825 ], [ -74.8124, 8.1675 ], [ -74.7986, 8.1595 ], [ -74.7736, 8.1218 ], [ -74.7607, 8.1305 ], [ -74.7383, 8.1165 ], [ -74.7286, 8.1184 ], [ -74.7181, 8.0981 ], [ -74.6739, 8.0779 ], [ -74.6677, 8.06 ], [ -74.6503, 8.0515 ], [ -74.6309, 8.0546 ], [ -74.6257, 8.0358 ], [ -74.6146, 8.0318 ], [ -74.6026, 8.0374 ], [ -74.5912, 8.0043 ], [ -74.5389, 7.9469 ], [ -74.5366, 7.9161 ], [ -74.5205, 7.9033 ], [ -74.5275, 7.8518 ], [ -74.5172, 7.8017 ], [ -74.5253, 7.7826 ], [ -74.5136, 7.781 ], [ -74.507, 7.7226 ], [ -74.4979, 7.7115 ], [ -74.4753, 7.7056 ], [ -74.4765, 7.6822 ], [ -74.5306, 7.6712 ], [ -74.5641, 7.6403 ], [ -74.5684, 7.5181 ], [ -74.5898, 7.5119 ], [ -74.5879, 7.4823 ], [ -74.5985, 7.4657 ], [ -74.5791, 7.4336 ], [ -74.5613, 7.4283 ], [ -74.559, 7.4145 ], [ -74.5098, 7.3752 ], [ -74.4942, 7.3445 ], [ -74.4738, 7.3458 ], [ -74.4481, 7.3777 ], [ -74.4194, 7.3886 ], [ -74.4119, 7.4396 ], [ -74.4223, 7.4422 ], [ -74.4124, 7.4604 ], [ -74.3798, 7.466 ], [ -74.3711, 7.48 ], [ -74.353, 7.4622 ], [ -74.3349, 7.4592 ], [ -74.3194, 7.4399 ], [ -74.3612, 7.3941 ], [ -74.3738, 7.3642 ], [ -74.3977, 7.3479 ], [ -74.4034, 7.3195 ], [ -74.3863, 7.2993 ], [ -74.3887, 7.2663 ], [ -74.6395, 7.1565 ], [ -74.3891, 7.2645 ], [ -74.4086, 7.2192 ], [ -74.4038, 7.21 ], [ -74.4091, 7.1941 ], [ -74.3996, 7.1889 ], [ -74.37, 7.1252 ], [ -74.372, 7.0981 ], [ -74.3514, 7.0816 ], [ -74.3557, 7.0099 ], [ -74.3295, 7.0107 ], [ -74.3222, 7.0189 ], [ -74.3058, 6.9992 ], [ -74.2867, 7.0017 ], [ -74.2772, 7.0122 ], [ -74.2437, 7.0015 ], [ -73.9159, 7.2956 ], [ -73.9245, 7.2676 ], [ -73.9224, 7.2186 ], [ -73.9388, 7.1823 ], [ -73.9305, 7.1512 ], [ -73.9332, 7.1248 ], [ -73.8882, 7.0702 ], [ -73.8813, 7.0157 ], [ -73.8912, 6.9942 ], [ -73.934, 6.9558 ], [ -74.0106, 6.9133 ], [ -74.023, 6.8913 ], [ -74.0772, 6.8419 ], [ -74.0812, 6.8215 ], [ -74.1151, 6.7656 ], [ -74.1426, 6.7566 ], [ -74.1773, 6.7249 ], [ -74.2081, 6.7218 ], [ -74.231, 6.7103 ], [ -74.2565, 6.6751 ], [ -74.3122, 6.6543 ], [ -74.3302, 6.6296 ], [ -74.3608, 6.6334 ], [ -74.4089, 6.5854 ], [ -74.4029, 6.567 ], [ -74.4067, 6.5426 ], [ -74.3938, 6.5005 ], [ -74.4047, 6.4709 ], [ -74.3695, 6.4122 ], [ -74.3903, 6.3941 ], [ -74.4235, 6.39 ], [ -74.4404, 6.3711 ], [ -74.4504, 6.3319 ], [ -74.5028, 6.2875 ], [ -74.5443, 6.2671 ], [ -74.5343, 6.2693 ], [ -74.5734, 6.2157 ], [ -74.5749, 6.1921 ], [ -74.6113, 6.1304 ], [ -74.5845, 6.0882 ], [ -74.5617, 6.0783 ], [ -74.5774, 6.0443 ], [ -74.5673, 6.0575 ], [ -74.5659, 5.99 ], [ -74.5786, 5.9827 ], [ -74.5941, 5.986 ], [ -74.6124, 5.9699 ], [ -74.6066, 5.9425 ], [ -74.5857, 5.925 ], [ -74.5854, 5.9031 ], [ -74.5904, 5.8947 ], [ -74.6241, 5.8824 ], [ -74.6405, 5.8592 ], [ -74.6518, 5.8282 ], [ -74.6505, 5.793 ], [ -74.665, 5.7685 ], [ -74.6806, 5.7792 ], [ -74.7137, 5.7724 ], [ -74.713, 5.7558 ], [ -74.7203, 5.7576 ], [ -74.7271, 5.7438 ], [ -74.7294, 5.7065 ], [ -74.7524, 5.6965 ], [ -74.7656, 5.6997 ], [ -74.7724, 5.6897 ], [ -74.8287, 5.7128 ], [ -74.8411, 5.7384 ], [ -74.8808, 5.7453 ], [ -74.887, 5.7389 ], [ -74.9316, 5.7335 ], [ -74.9519, 5.7201 ], [ -74.9933, 5.7153 ], [ -74.9915, 5.7061 ], [ -75.0088, 5.6822 ], [ -75.0479, 5.6609 ], [ -75.089, 5.6726 ], [ -75.0703, 5.6635 ], [ -75.0768, 5.6567 ], [ -75.0871, 5.6608 ], [ -75.0962, 5.6503 ], [ -75.089, 5.6152 ], [ -75.0959, 5.6033 ], [ -75.0881, 5.595 ], [ -75.1299, 5.5531 ], [ -75.1362, 5.5285 ], [ -75.1923, 5.519 ], [ -75.2208, 5.5029 ], [ -75.2793, 5.419 ], [ -75.2832, 5.4756 ], [ -75.2961, 5.4747 ], [ -75.3163, 5.4592 ], [ -75.3108, 5.5087 ], [ -75.3288, 5.5246 ], [ -75.3269, 5.5418 ], [ -75.3339, 5.5501 ], [ -75.3278, 5.5578 ], [ -75.3458, 5.5871 ], [ -75.3402, 5.603 ], [ -75.3653, 5.6016 ], [ -75.3763, 5.6109 ], [ -75.3835, 5.627 ], [ -75.3687, 5.6399 ], [ -75.3679, 5.6549 ], [ -75.3762, 5.6732 ], [ -75.4066, 5.6812 ], [ -75.4127, 5.6943 ], [ -75.4237, 5.696 ], [ -75.4782, 5.6643 ], [ -75.5199, 5.6951 ], [ -75.5355, 5.691 ], [ -75.5428, 5.7194 ], [ -75.5649, 5.7231 ], [ -75.5685, 5.7361 ], [ -75.5719, 5.7229 ], [ -75.5993, 5.7373 ], [ -75.5979, 5.6836 ], [ -75.6147, 5.6697 ], [ -75.5995, 5.6812 ], [ -75.5724, 5.6647 ], [ -75.5896, 5.6444 ], [ -75.5691, 5.5399 ], [ -75.5693, 5.5228 ], [ -75.5774, 5.5162 ], [ -75.5964, 5.5181 ], [ -75.6166, 5.5323 ], [ -75.6273, 5.5259 ], [ -75.6705, 5.5295 ], [ -75.6891, 5.5193 ], [ -75.7424, 5.5895 ], [ -75.7305, 5.5634 ], [ -75.7648, 5.5483 ], [ -75.7715, 5.5373 ], [ -75.7857, 5.54 ], [ -75.8325, 5.4888 ], [ -75.8523, 5.4936 ], [ -75.8623, 5.5063 ], [ -75.868, 5.4902 ], [ -75.9052, 5.4799 ], [ -75.8836, 5.5006 ], [ -75.9061, 5.4811 ], [ -75.9308, 5.5089 ], [ -75.9593, 5.5051 ], [ -75.9834, 5.5194 ], [ -76.0083, 5.5637 ], [ -76.0122, 5.5924 ], [ -76.0019, 5.6001 ], [ -76.0052, 5.6219 ], [ -76.0854, 5.6861 ], [ -76.0801, 5.7086 ], [ -76.0631, 5.7274 ], [ -76.0709, 5.7428 ], [ -76.0618, 5.7549 ], [ -76.0648, 5.7639 ], [ -76.0725, 5.7614 ], [ -76.0807, 5.7663 ], [ -76.071, 5.781 ], [ -76.0863, 5.794 ], [ -76.0814, 5.8157 ], [ -76.0993, 5.8311 ], [ -76.0989, 5.8498 ], [ -76.0816, 5.8828 ], [ -76.061, 5.886 ], [ -76.0564, 5.8952 ], [ -76.0607, 5.9256 ], [ -76.0539, 5.9316 ], [ -76.0511, 5.9513 ], [ -76.0673, 5.9614 ], [ -76.0668, 5.9781 ], [ -76.0858, 5.9874 ], [ -76.1135, 6.0213 ], [ -76.1237, 6.0182 ], [ -76.1319, 5.9998 ], [ -76.1438, 5.9976 ], [ -76.1727, 6.0174 ], [ -76.1747, 6.0436 ], [ -76.1909, 6.0577 ], [ -76.197, 6.0802 ], [ -76.2058, 6.1473 ], [ -76.2012, 6.1603 ], [ -76.2134, 6.1673 ], [ -76.2095, 6.1845 ], [ -76.2243, 6.1883 ], [ -76.2377, 6.2083 ], [ -76.2616, 6.2092 ], [ -76.2852, 6.1934 ], [ -76.3264, 6.2026 ], [ -76.3328, 6.1962 ], [ -76.3898, 6.1915 ], [ -76.4052, 6.1856 ], [ -76.4091, 6.1724 ], [ -76.4208, 6.1657 ], [ -76.4687, 6.1766 ], [ -76.4748, 6.1605 ], [ -76.4823, 6.1605 ], [ -76.499, 6.1742 ], [ -76.5529, 6.1785 ], [ -76.5835, 6.1935 ], [ -76.618, 6.1869 ], [ -76.6439, 6.1683 ], [ -76.6785, 6.1731 ], [ -76.6867, 6.1615 ], [ -76.7181, 6.1727 ], [ -76.7138, 6.1914 ], [ -76.7214, 6.1999 ], [ -76.7178, 6.217 ], [ -76.7267, 6.2238 ], [ -76.7231, 6.237 ], [ -76.7565, 6.2522 ], [ -76.7594, 6.2614 ], [ -76.749, 6.2796 ], [ -76.7819, 6.2888 ], [ -76.7902, 6.3202 ], [ -76.7777, 6.3279 ], [ -76.7908, 6.3387 ], [ -76.789, 6.3499 ], [ -76.7714, 6.3632 ], [ -76.7874, 6.3779 ], [ -76.7692, 6.3798 ], [ -76.7651, 6.3893 ], [ -76.792, 6.4092 ], [ -76.7953, 6.42 ], [ -76.7709, 6.4208 ], [ -76.7618, 6.4322 ], [ -76.7688, 6.4402 ], [ -76.7894, 6.433 ], [ -76.7958, 6.4437 ], [ -76.7818, 6.4626 ], [ -76.7823, 6.4746 ], [ -76.7706, 6.4649 ], [ -76.768, 6.478 ], [ -76.8004, 6.508 ], [ -76.82, 6.4872 ], [ -76.8194, 6.5255 ], [ -76.8411, 6.5215 ], [ -76.8513, 6.5607 ], [ -76.8639, 6.5715 ], [ -76.8819, 6.5605 ], [ -76.8905, 6.5662 ], [ -76.8993, 6.5855 ], [ -76.891, 6.6034 ], [ -76.8631, 6.609 ], [ -76.8581, 6.6197 ], [ -76.874, 6.6303 ], [ -76.908, 6.6281 ], [ -76.9124, 6.6399 ], [ -76.8961, 6.6591 ], [ -76.8981, 6.6682 ], [ -76.9094, 6.6702 ], [ -76.9248, 6.6469 ], [ -76.9375, 6.6546 ], [ -76.939, 6.6863 ], [ -76.9523, 6.6751 ], [ -76.9641, 6.6809 ], [ -76.9336, 6.7109 ], [ -76.9402, 6.7232 ], [ -76.9573, 6.7248 ], [ -76.9672, 6.7431 ], [ -76.9653, 6.7804 ], [ -76.9579, 6.7925 ], [ -76.9713, 6.7969 ], [ -76.9723, 6.809 ], [ -76.9579, 6.8167 ], [ -76.933, 6.8121 ], [ -76.9135, 6.8469 ], [ -76.9153, 6.8419 ], [ -76.9003, 6.8366 ], [ -76.9, 6.8323 ], [ -76.8841, 6.8482 ], [ -76.8551, 6.8462 ], [ -76.8353, 6.8287 ], [ -76.8343, 6.8385 ], [ -76.8179, 6.8377 ], [ -76.8306, 6.8586 ], [ -76.798, 6.8616 ], [ -76.7855, 6.8775 ], [ -76.7967, 6.9016 ], [ -76.8001, 6.9486 ], [ -76.8083, 6.9502 ], [ -76.8134, 6.9635 ], [ -76.8285, 6.9555 ], [ -76.8191, 6.976 ], [ -76.8303, 6.9724 ], [ -76.8318, 6.9891 ], [ -76.8425, 6.9883 ], [ -76.8248, 7.0055 ], [ -76.7067, 7.0249 ], [ -76.684, 7.0213 ], [ -76.6757, 7.0299 ], [ -76.6453, 7.0083 ], [ -76.6156, 7.0168 ], [ -76.6033, 7.0005 ], [ -76.5929, 7.0116 ], [ -76.584, 6.9831 ], [ -76.5718, 6.9797 ], [ -76.5483, 7.0022 ], [ -76.5494, 7.0167 ], [ -76.5306, 7.0601 ], [ -76.5388, 7.0687 ], [ -76.5249, 7.1063 ], [ -76.5141, 7.1112 ], [ -76.5083, 7.1386 ], [ -76.4924, 7.1315 ], [ -76.4571, 7.1355 ], [ -76.4853, 7.1351 ], [ -76.4985, 7.1522 ], [ -76.5084, 7.1841 ], [ -76.5044, 7.1946 ], [ -76.5304, 7.255 ], [ -76.5627, 7.2735 ], [ -76.579, 7.3042 ], [ -76.5855, 7.2979 ], [ -76.6187, 7.3162 ], [ -76.6596, 7.4442 ], [ -76.801, 7.5717 ], [ -76.8258, 7.5815 ], [ -76.9362, 7.5834 ], [ -76.9436, 7.5892 ], [ -76.9601, 7.6398 ], [ -77.0397, 7.7048 ], [ -77.1217, 7.7874 ], [ -77.1276, 7.8276 ], [ -77.1217, 7.8327 ], [ -77.0952, 7.8251 ], [ -77.0806, 7.8452 ], [ -77.0584, 7.8515 ], [ -77.0314, 7.8801 ], [ -77.0123, 7.9338 ], [ -77.0214, 7.9488 ], [ -77.0001, 7.9584 ], [ -77.0056, 7.9823 ], [ -76.9957, 8.0212 ], [ -76.9872, 8.031 ], [ -76.9599, 8.0369 ], [ -76.9391, 8.0628 ], [ -76.9556, 8.1227 ], [ -76.9493, 8.1723 ], [ -76.9665, 8.1918 ], [ -76.9802, 8.2553 ], [ -76.9623, 8.2561 ], [ -76.9484, 8.2527 ], [ -76.9418, 8.2485 ], [ -76.9458, 8.2446 ], [ -76.9505, 8.252 ], [ -76.9558, 8.2355 ], [ -76.9685, 8.2433 ], [ -76.9574, 8.1848 ], [ -76.9414, 8.1799 ], [ -76.9347, 8.1888 ], [ -76.9437, 8.2106 ], [ -76.9278, 8.2014 ], [ -76.9323, 8.2074 ], [ -76.9266, 8.2078 ], [ -76.9262, 8.1923 ], [ -76.9196, 8.1962 ], [ -76.9103, 8.1908 ], [ -76.9269, 8.1899 ], [ -76.9281, 8.1813 ], [ -76.9094, 8.1776 ], [ -76.9317, 8.1736 ], [ -76.9262, 8.1628 ], [ -76.9325, 8.1585 ], [ -76.9432, 8.1667 ], [ -76.9503, 8.1448 ], [ -76.9527, 8.1266 ], [ -76.9351, 8.1109 ], [ -76.941, 8.1018 ], [ -76.9319, 8.0915 ], [ -76.9028, 8.1011 ], [ -76.8886, 8.1144 ], [ -76.8936, 8.1323 ], [ -76.8293, 8.1411 ], [ -76.8359, 8.135 ], [ -76.8221, 8.1383 ], [ -76.8127, 8.1317 ], [ -76.8541, 8.12 ], [ -76.8572, 8.1124 ], [ -76.8473, 8.0992 ], [ -76.8547, 8.0913 ], [ -76.8216, 8.0944 ], [ -76.8345, 8.0812 ], [ -76.8732, 8.0681 ], [ -76.83, 8.0504 ], [ -76.8375, 8.0424 ], [ -76.8534, 8.0568 ], [ -76.8716, 8.0532 ], [ -76.8579, 8.0435 ], [ -76.8597, 8.0352 ], [ -76.8342, 8.0198 ], [ -76.8643, 8.0202 ], [ -76.8666, 8.0263 ], [ -76.8745, 8.0214 ], [ -76.8795, 8.0384 ], [ -76.8905, 8.0455 ], [ -76.912, 8.0417 ], [ -76.9248, 8.0246 ], [ -76.929, 8.0057 ], [ -76.9205, 7.9989 ], [ -76.928, 7.9887 ], [ -76.9328, 7.9437 ], [ -76.9222, 7.9176 ], [ -76.8625, 7.9006 ], [ -76.7682, 7.9103 ], [ -76.7484, 7.9221 ], [ -76.7534, 7.9368 ], [ -76.7391, 7.9472 ], [ -76.7455, 7.9616 ], [ -76.7266, 7.9816 ], [ -76.7445, 8.0186 ], [ -76.7279, 8.0288 ], [ -76.7353, 8.037 ], [ -76.7202, 8.0392 ], [ -76.7148, 8.0616 ], [ -76.733, 8.0889 ], [ -76.7281, 8.0906 ], [ -76.736, 8.0925 ], [ -76.739, 8.0742 ], [ -76.7332, 8.0708 ], [ -76.7439, 8.0647 ], [ -76.736, 8.0985 ], [ -76.7402, 8.1152 ], [ -76.7464, 8.1109 ], [ -76.741, 8.1012 ], [ -76.7559, 8.1214 ], [ -76.7438, 8.1377 ], [ -76.7382, 8.1703 ], [ -76.7532, 8.2348 ], [ -76.7709, 8.2672 ], [ -76.7743, 8.2665 ], [ -76.7533, 8.3292 ], [ -76.761, 8.3511 ], [ -76.7581, 8.3929 ], [ -76.7677, 8.414 ], [ -76.7881, 8.4212 ], [ -76.8037, 8.4699 ], [ -76.8251, 8.4966 ], [ -76.848, 8.5106 ], [ -76.9137, 8.5351 ], [ -76.9157, 8.5462 ], [ -76.9283, 8.542 ], [ -76.9349, 8.5477 ], [ -76.9226, 8.5275 ], [ -76.9153, 8.5346 ], [ -76.9073, 8.5323 ], [ -76.915, 8.5314 ], [ -76.9216, 8.5273 ], [ -76.9273, 8.5263 ], [ -76.9383, 8.5534 ], [ -76.8914, 8.5921 ], [ -76.8852, 8.6231 ], [ -76.7985, 8.6316 ], [ -76.6918, 8.655 ], [ -76.6451, 8.6744 ], [ -76.6332, 8.6955 ], [ -76.6409, 8.7106 ], [ -76.6295, 8.7195 ], [ -76.6316, 8.7295 ], [ -76.5396, 8.7648 ], [ -76.5138, 8.7809 ], [ -76.5103, 8.8039 ] ] ] } },
{ "type": "Feature", "properties": { "DPTO_CCDGO": "08", "DPTO_CNMBR": "ATLÁNTICO", "REGION": "Caribe" }, "geometry": { "type": "Polygon", "coordinates": [ [ [ -75.0052, 10.9804 ], [ -74.9561, 10.9935 ], [ -74.9426, 11.0184 ], [ -74.9219, 11.0287 ], [ -74.9213, 11.0455 ], [ -74.8737, 11.0479 ], [ -74.844, 11.0631 ], [ -74.8546, 11.1054 ], [ -74.8384, 11.0578 ], [ -74.7736, 11.0077 ], [ -74.7559, 10.9698 ], [ -74.7573, 10.9454 ], [ -74.7748, 10.9431 ], [ -74.7607, 10.9442 ], [ -74.7184, 10.9094 ], [ -74.7347, 10.893 ], [ -74.7381, 10.876 ], [ -74.7418, 10.884 ], [ -74.7407, 10.8345 ], [ -74.7251, 10.7717 ], [ -74.7236, 10.667 ], [ -74.7464, 10.6511 ], [ -74.7252, 10.6204 ], [ -74.725, 10.6036 ], [ -74.7384, 10.581 ], [ -74.7389, 10.5423 ], [ -74.7807, 10.5168 ], [ -74.8065, 10.4829 ], [ -74.8093, 10.4852 ], [ -74.8149, 10.4317 ], [ -74.8272, 10.4112 ], [ -74.8597, 10.3905 ], [ -74.8659, 10.3731 ], [ -74.8612, 10.3527 ], [ -74.8953, 10.2954 ], [ -74.9081, 10.2533 ], [ -74.9832, 10.3434 ], [ -75.005, 10.3603 ], [ -75.0334, 10.3689 ], [ -75.0244, 10.3697 ], [ -75.053, 10.3819 ], [ -75.0727, 10.4102 ], [ -75.13, 10.3976 ], [ -75.1683, 10.4518 ], [ -75.1904, 10.4679 ], [ -75.2337, 10.4795 ], [ -75.2412, 10.5195 ], [ -75.223, 10.5528 ], [ -75.237, 10.5697 ], [ -75.2269, 10.5876 ], [ -75.2236, 10.6308 ], [ -75.242, 10.6544 ], [ -75.2471, 10.6957 ], [ -75.2389, 10.6984 ], [ -75.2474, 10.6959 ], [ -75.2495, 10.723 ], [ -75.2214, 10.7724 ], [ -75.2303, 10.7838 ], [ -75.2166, 10.8047 ], [ -75.1283, 10.8075 ], [ -75.1165, 10.7904 ], [ -75.1249, 10.8082 ], [ -75.2167, 10.8048 ], [ -75.2077, 10.818 ], [ -75.1564, 10.8319 ], [ -75.131, 10.8627 ], [ -75.1031, 10.8668 ], [ -75.0773, 10.8864 ], [ -75.064, 10.8774 ], [ -75.0735, 10.8861 ], [ -75.0431, 10.8992 ], [ -75.026, 10.9469 ], [ -75.0321, 10.9521 ], [ -75.0458, 10.9402 ], [ -75.0437, 10.9521 ], [ -75.0052, 10.9804 ] ] ] } },
{ "type": "Feature", "properties": { "DPTO_CCDGO": "11", "DPTO_CNMBR": "BOGOTÁ, D.C.", "REGION": "Andina" }, "geometry": { "type": "Polygon", "coordinates": [ [ [ -74.0742, 4.8365 ], [ -74.0706, 4.8285 ], [ -74.0661, 4.8354 ], [ -74.0606, 4.8276 ], [ -74.0499, 4.835 ], [ -74.0331, 4.8208 ], [ -74.0056, 4.8214 ], [ -73.9983, 4.8038 ], [ -74.0133, 4.7978 ], [ -74.0187, 4.7633 ], [ -74.0072, 4.7423 ], [ -74.0144, 4.6962 ], [ -74.0016, 4.6753 ], [ -74.0084, 4.6618 ], [ -74.0251, 4.6619 ], [ -74.0314, 4.6461 ], [ -74.0094, 4.6389 ], [ -74.0092, 4.6262 ], [ -73.9861, 4.6291 ], [ -74.0018, 4.5939 ], [ -74.0053, 4.5606 ], [ -74.0296, 4.5579 ], [ -74.0423, 4.5124 ], [ -74.0726, 4.5131 ], [ -74.0759, 4.4632 ], [ -74.1011, 4.4526 ], [ -74.1121, 4.4331 ], [ -74.1144, 4.3857 ], [ -74.0962, 4.3794 ], [ -74.0982, 4.3456 ], [ -74.1527, 4.2546 ], [ -74.1361, 4.2298 ], [ -74.1386, 4.2149 ], [ -74.1239, 4.1954 ], [ -74.1233, 4.1811 ], [ -74.11, 4.1819 ], [ -74.1096, 4.1325 ], [ -74.1285, 4.1257 ], [ -74.1306, 4.116 ], [ -74.1315, 4.1028 ], [ -74.1201, 4.0976 ], [ -74.1327, 4.0804 ], [ -74.1269, 4.0485 ], [ -74.1507, 4.0048 ], [ -74.1603, 4.0178 ], [ -74.1756, 4.018 ], [ -74.1839, 4.0088 ], [ -74.1955, 4.0165 ], [ -74.2174, 4.0109 ], [ -74.2443, 3.9544 ], [ -74.2601, 3.9483 ], [ -74.2564, 3.9279 ], [ -74.2736, 3.9249 ], [ -74.2975, 3.8833 ], [ -74.3103, 3.8884 ], [ -74.3168, 3.8813 ], [ -74.3041, 3.8512 ], [ -74.3071, 3.8403 ], [ -74.2943, 3.8317 ], [ -74.2966, 3.8189 ], [ -74.3168, 3.8152 ], [ -74.3263, 3.8267 ], [ -74.3356, 3.8217 ], [ -74.3369, 3.811 ], [ -74.3536, 3.8071 ], [ -74.3633, 3.7861 ], [ -74.3939, 3.7699 ], [ -74.3872, 3.7527 ], [ -74.3974, 3.7537 ], [ -74.4016, 3.7374 ], [ -74.4229, 3.742 ], [ -74.4396, 3.7306 ], [ -74.4507, 3.7499 ], [ -74.4337, 3.7646 ], [ -74.4317, 3.7839 ], [ -74.3953, 3.8238 ], [ -74.3857, 3.8655 ], [ -74.3596, 3.9137 ], [ -74.3569, 3.971 ], [ -74.3746, 3.9859 ], [ -74.3626, 4.0095 ], [ -74.3661, 4.0363 ], [ -74.3506, 4.0573 ], [ -74.3299, 4.1305 ], [ -74.2997, 4.1056 ], [ -74.2657, 4.0917 ], [ -74.2456, 4.1032 ], [ -74.2415, 4.1808 ], [ -74.2318, 4.2167 ], [ -74.2173, 4.2363 ], [ -74.2043, 4.2397 ], [ -74.2055, 4.2689 ], [ -74.2219, 4.2821 ], [ -74.2137, 4.3073 ], [ -74.218, 4.3608 ], [ -74.2085, 4.407 ], [ -74.1944, 4.4267 ], [ -74.1781, 4.4863 ], [ -74.1815, 4.5039 ], [ -74.1746, 4.5071 ], [ -74.1877, 4.5292 ], [ -74.1736, 4.5409 ], [ -74.1838, 4.5965 ], [ -74.2043, 4.5997 ], [ -74.2226, 4.6294 ], [ -74.1942, 4.6551 ], [ -74.1837, 4.6527 ], [ -74.1852, 4.647 ], [ -74.1585, 4.6628 ], [ -74.1748, 4.6766 ], [ -74.1676, 4.6882 ], [ -74.1692, 4.701 ], [ -74.177, 4.7029 ], [ -74.1581, 4.7255 ], [ -74.1261, 4.7294 ], [ -74.132, 4.7406 ], [ -74.1166, 4.762 ], [ -74.1139, 4.7882 ], [ -74.1007, 4.7992 ], [ -74.0936, 4.7907 ], [ -74.0874, 4.7958 ], [ -74.0795, 4.8093 ], [ -74.0865, 4.8209 ], [ -74.0789, 4.8215 ], [ -74.0868, 4.8323 ], [ -74.0742, 4.8365 ] ] ] } },
{ "type": "Feature", "properties": { "DPTO_CCDGO": "13", "DPTO_CNMBR": "BOLÍVAR", "REGION": "Caribe" }, "geometry": { "type": "MultiPolygon", "coordinates": [ [ [ [ -75.076, 10.41 ], [ -75.0254, 10.3624 ], [ -75.005, 10.3603 ], [ -74.9646, 10.3255 ], [ -74.911, 10.2554 ], [ -74.9283, 10.2155 ], [ -74.9454, 10.1286 ], [ -74.9988, 10.1051 ], [ -74.9439, 10.1252 ], [ -74.9266, 10.1081 ], [ -74.8961, 10.1072 ], [ -74.8595, 10.0912 ], [ -74.8263, 10.0618 ], [ -74.7877, 10.0082 ], [ -74.8204, 9.9673 ], [ -74.8662, 9.944 ], [ -74.8626, 9.944 ], [ -74.8733, 9.9357 ], [ -74.8717, 9.9019 ], [ -74.8811, 9.8682 ], [ -74.878, 9.8581 ], [ -74.8156, 9.7899 ], [ -74.8052, 9.7618 ], [ -74.8153, 9.7312 ], [ -74.7876, 9.6969 ], [ -74.8058, 9.6755 ], [ -74.7907, 9.6526 ], [ -74.7726, 9.6096 ], [ -74.7767, 9.5796 ], [ -74.8068, 9.5507 ], [ -74.7757, 9.5016 ], [ -74.8084, 9.4619 ], [ -74.8008, 9.4421 ], [ -74.7759, 9.4633 ], [ -74.7514, 9.4576 ], [ -74.7393, 9.427 ], [ -74.7556, 9.3989 ], [ -74.7546, 9.3918 ], [ -74.7391, 9.426 ], [ -74.7229, 9.4173 ], [ -74.698, 9.4264 ], [ -74.6718, 9.4126 ], [ -74.6602, 9.386 ], [ -74.6209, 9.3742 ], [ -74.6135, 9.3609 ], [ -74.6157, 9.3414 ], [ -74.5659, 9.3146 ], [ -74.5608, 9.2929 ], [ -74.5347, 9.2629 ], [ -74.5322, 9.2416 ], [ -74.5255, 9.2427 ], [ -74.5109, 9.2341 ], [ -74.4638, 9.2713 ], [ -74.4312, 9.2708 ], [ -74.4248, 9.245 ], [ -74.4058, 9.2163 ], [ -74.3882, 9.2125 ], [ -74.3918, 9.2152 ], [ -74.3559, 9.2328 ], [ -74.2911, 9.1938 ], [ -74.2995, 9.1743 ], [ -74.299, 9.1608 ], [ -74.2879, 9.1573 ], [ -74.2665, 9.1696 ], [ -74.2492, 9.1654 ], [ -74.2201, 9.1361 ], [ -74.2284, 9.124 ], [ -74.1766, 9.0893 ], [ -74.1774, 9.0771 ], [ -74.1576, 9.0709 ], [ -74.1573, 9.0574 ], [ -74.1347, 9.0644 ], [ -74.1181, 9.0491 ], [ -74.139, 9.0421 ], [ -74.1423, 9.034 ], [ -74.1289, 9.0278 ], [ -74.1118, 9.0402 ], [ -74.1003, 9.0187 ], [ -74.0921, 9.0152 ], [ -74.0775, 9.0263 ], [ -74.0566, 9.0186 ], [ -74.0367, 9.0445 ], [ -74.0309, 9.0291 ], [ -74.0205, 9.0249 ], [ -74.0068, 9.0318 ], [ -73.9849, 9.0102 ], [ -74.0008, 9.0106 ], [ -74.0047, 9.0014 ], [ -73.9779, 8.9828 ], [ -73.9671, 8.9944 ], [ -73.9155, 8.9776 ], [ -73.9002, 8.9808 ], [ -73.87, 8.9599 ], [ -73.8702, 8.8955 ], [ -73.819, 8.8346 ], [ -73.7953, 8.8168 ], [ -73.7892, 8.7502 ], [ -73.8157, 8.7215 ], [ -73.809, 8.6952 ], [ -73.8192, 8.6627 ], [ -73.8273, 8.6595 ], [ -73.8203, 8.6619 ], [ -73.8145, 8.6257 ], [ -73.7749, 8.5606 ], [ -73.7799, 8.5119 ], [ -73.7469, 8.4659 ], [ -73.7485, 8.3627 ], [ -73.7576, 8.3315 ], [ -73.7467, 8.3169 ], [ -73.7603, 8.2999 ], [ -73.7503, 8.2719 ], [ -73.7622, 8.2603 ], [ -73.7796, 8.2081 ], [ -73.771, 8.1622 ], [ -73.7782, 8.1386 ], [ -73.8068, 8.1304 ], [ -73.8236, 8.1056 ], [ -73.8615, 8.0785 ], [ -73.8676, 8.0636 ], [ -73.8825, 8.0887 ], [ -73.8671, 8.0611 ], [ -73.8673, 7.9819 ], [ -73.8316, 7.9359 ], [ -73.8354, 7.8962 ], [ -73.8212, 7.8649 ], [ -73.8216, 7.823 ], [ -73.7981, 7.775 ], [ -73.8317, 7.7316 ], [ -73.8124, 7.7089 ], [ -73.8121, 7.6986 ], [ -73.8172, 7.6918 ], [ -73.7973, 7.6544 ], [ -73.8034, 7.6445 ], [ -73.8184, 7.6428 ], [ -73.8103, 7.6166 ], [ -73.8287, 7.6024 ], [ -73.8305, 7.5757 ], [ -73.8407, 7.5662 ], [ -73.8492, 7.5347 ], [ -73.8666, 7.5331 ], [ -73.8815, 7.5063 ], [ -73.9131, 7.4936 ], [ -73.9174, 7.4726 ], [ -73.8954, 7.4301 ], [ -73.9513, 7.4305 ], [ -73.8955, 7.4281 ], [ -73.8994, 7.3912 ], [ -73.9075, 7.3814 ], [ -73.904, 7.3591 ], [ -73.9144, 7.2993 ], [ -73.9424, 7.2674 ], [ -73.9413, 7.273 ], [ -74.2458, 7.0027 ], [ -74.2916, 7.0157 ], [ -74.2864, 7.0019 ], [ -74.308, 7.0 ], [ -74.3222, 7.0189 ], [ -74.3295, 7.0107 ], [ -74.3557, 7.0099 ], [ -74.3514, 7.0816 ], [ -74.3721, 7.0982 ], [ -74.37, 7.1252 ], [ -74.4098, 7.202 ], [ -74.387, 7.2789 ], [ -74.3863, 7.2993 ], [ -74.4034, 7.3195 ], [ -74.3977, 7.3479 ], [ -74.3738, 7.3642 ], [ -74.3612, 7.3941 ], [ -74.3194, 7.4399 ], [ -74.335, 7.4593 ], [ -74.3533, 7.4624 ], [ -74.3577, 7.4729 ], [ -74.3079, 7.4552 ], [ -74.3706, 7.48 ], [ -74.3798, 7.466 ], [ -74.4124, 7.4604 ], [ -74.4223, 7.4422 ], [ -74.4119, 7.4396 ], [ -74.4194, 7.3886 ], [ -74.4481, 7.3777 ], [ -74.4523, 7.3662 ], [ -74.4679, 7.3607 ], [ -74.4699, 7.3476 ], [ -74.4942, 7.3445 ], [ -74.5181, 7.3849 ], [ -74.559, 7.4145 ], [ -74.5639, 7.4327 ], [ -74.5722, 7.4306 ], [ -74.5985, 7.4657 ], [ -74.5879, 7.4823 ], [ -74.5898, 7.5119 ], [ -74.5684, 7.5181 ], [ -74.5641, 7.6403 ], [ -74.5306, 7.6712 ], [ -74.4767, 7.6819 ], [ -74.4749, 7.7043 ], [ -74.4874, 7.7136 ], [ -74.4979, 7.7115 ], [ -74.507, 7.7226 ], [ -74.5136, 7.781 ], [ -74.5253, 7.7826 ], [ -74.5172, 7.8017 ], [ -74.5275, 7.8518 ], [ -74.5198, 7.9008 ], [ -74.5366, 7.9161 ], [ -74.5389, 7.9469 ], [ -74.5741, 7.9794 ], [ -74.6026, 8.0374 ], [ -74.6146, 8.0318 ], [ -74.6257, 8.0358 ], [ -74.6309, 8.0546 ], [ -74.6503, 8.0515 ], [ -74.6677, 8.06 ], [ -74.6739, 8.0779 ], [ -74.7181, 8.0981 ], [ -74.726, 8.117 ], [ -74.7607, 8.1305 ], [ -74.7736, 8.1218 ], [ -74.7986, 8.1595 ], [ -74.8124, 8.1675 ], [ -74.8113, 8.1825 ], [ -74.8306, 8.2 ], [ -74.8339, 8.2203 ], [ -74.8258, 8.23 ], [ -74.8171, 8.2247 ], [ -74.795, 8.2464 ], [ -74.8073, 8.2589 ], [ -74.8088, 8.2743 ], [ -74.7951, 8.2689 ], [ -74.7709, 8.2794 ], [ -74.7644, 8.2945 ], [ -74.7348, 8.2982 ], [ -74.7275, 8.281 ], [ -74.7249, 8.2987 ], [ -74.7127, 8.3041 ], [ -74.684, 8.292 ], [ -74.668, 8.2953 ], [ -74.6535, 8.279 ], [ -74.6493, 8.3135 ], [ -74.614, 8.347 ], [ -74.6145, 8.4065 ], [ -74.5968, 8.4033 ], [ -74.5856, 8.3842 ], [ -74.5611, 8.3901 ], [ -74.5556, 8.4116 ], [ -74.539, 8.428 ], [ -74.5354, 8.4806 ], [ -74.5563, 8.5086 ], [ -74.5687, 8.5076 ], [ -74.5765, 8.5443 ], [ -74.5639, 8.5492 ], [ -74.5626, 8.5691 ], [ -74.5947, 8.5923 ], [ -74.5867, 8.6308 ], [ -74.5991, 8.6553 ], [ -74.5907, 8.6688 ], [ -74.5948, 8.6946 ], [ -74.6091, 8.7257 ], [ -74.5999, 8.7442 ], [ -74.6107, 8.7559 ], [ -74.5713, 8.7732 ], [ -74.5752, 8.7855 ], [ -74.5637, 8.7958 ], [ -74.5396, 8.8004 ], [ -74.5648, 8.8363 ], [ -74.535, 8.8383 ], [ -74.536, 8.8386 ], [ -74.5856, 8.8407 ], [ -74.5794, 8.8728 ], [ -74.5895, 8.8718 ], [ -74.5947, 8.901 ], [ -74.6086, 8.9195 ], [ -74.606, 8.931 ], [ -74.6234, 8.9305 ], [ -74.6394, 8.9775 ], [ -74.6838, 9.0115 ], [ -74.7049, 9.0078 ], [ -74.7369, 9.0158 ], [ -74.7505, 9.0424 ], [ -74.7819, 9.0377 ], [ -74.7856, 9.0468 ], [ -74.8238, 9.0574 ], [ -74.8291, 9.0865 ], [ -74.8633, 9.1485 ], [ -74.903, 9.1635 ], [ -74.9022, 9.1932 ], [ -74.9099, 9.2097 ], [ -74.9047, 9.2296 ], [ -74.9104, 9.2449 ], [ -74.931, 9.2548 ], [ -74.9257, 9.279 ], [ -74.9312, 9.2917 ], [ -74.9445, 9.2958 ], [ -74.9329, 9.3284 ], [ -74.9505, 9.3483 ], [ -74.9421, 9.3514 ], [ -74.9124, 9.4158 ], [ -74.8884, 9.423 ], [ -74.8909, 9.4311 ], [ -74.9357, 9.4482 ], [ -74.9458, 9.4371 ], [ -74.9691, 9.4351 ], [ -75.0219, 9.4594 ], [ -75.0364, 9.4762 ], [ -75.0206, 9.525 ], [ -75.0123, 9.5303 ], [ -75.0265, 9.5289 ], [ -75.0399, 9.5404 ], [ -75.0779, 9.5328 ], [ -75.1035, 9.5658 ], [ -75.132, 9.58 ], [ -75.1334, 9.5964 ], [ -75.1542, 9.6004 ], [ -75.1659, 9.6133 ], [ -75.1826, 9.6036 ], [ -75.1893, 9.6293 ], [ -75.1813, 9.6277 ], [ -75.1645, 9.6465 ], [ -75.1802, 9.639 ], [ -75.2002, 9.652 ], [ -75.2327, 9.6467 ], [ -75.2706, 9.67 ], [ -75.2694, 9.6848 ], [ -75.2812, 9.6844 ], [ -75.2998, 9.67 ], [ -75.3007, 9.6572 ], [ -75.3147, 9.6528 ], [ -75.3271, 9.6167 ], [ -75.3343, 9.6199 ], [ -75.331, 9.6319 ], [ -75.3562, 9.6473 ], [ -75.3629, 9.647 ], [ -75.3625, 9.6307 ], [ -75.3739, 9.6301 ], [ -75.3744, 9.6452 ], [ -75.3835, 9.6506 ], [ -75.3714, 9.6746 ], [ -75.3808, 9.6822 ], [ -75.3701, 9.6924 ], [ -75.378, 9.7204 ], [ -75.36, 9.7375 ], [ -75.3356, 9.8119 ], [ -75.341, 9.822 ], [ -75.3392, 9.8287 ], [ -75.3768, 9.8494 ], [ -75.3936, 9.8808 ], [ -75.4218, 9.8845 ], [ -75.3967, 9.8938 ], [ -75.4276, 9.8929 ], [ -75.4309, 9.9127 ], [ -75.4461, 9.9132 ], [ -75.4497, 9.8947 ], [ -75.4655, 9.8918 ], [ -75.4638, 9.9059 ], [ -75.482, 9.9299 ], [ -75.4692, 9.9247 ], [ -75.4778, 9.9351 ], [ -75.4642, 9.9614 ], [ -75.4801, 9.9784 ], [ -75.4702, 10.004 ], [ -75.4844, 10.0069 ], [ -75.4761, 10.0186 ], [ -75.4873, 10.0368 ], [ -75.483, 10.0387 ], [ -75.5017, 10.0353 ], [ -75.5106, 10.0251 ], [ -75.5426, 10.0391 ], [ -75.4962, 10.1479 ], [ -75.4424, 10.1649 ], [ -75.4941, 10.1497 ], [ -75.5736, 10.0864 ], [ -75.5807, 10.1255 ], [ -75.5641, 10.1236 ], [ -75.5295, 10.1664 ], [ -75.5446, 10.1597 ], [ -75.543, 10.1736 ], [ -75.5545, 10.1783 ], [ -75.5422, 10.1791 ], [ -75.5374, 10.1875 ], [ -75.5361, 10.1728 ], [ -75.527, 10.1699 ], [ -75.5338, 10.1755 ], [ -75.5209, 10.1734 ], [ -75.5246, 10.2211 ], [ -75.5373, 10.2272 ], [ -75.5462, 10.2168 ], [ -75.5468, 10.2294 ], [ -75.5228, 10.2365 ], [ -75.5423, 10.2444 ], [ -75.6026, 10.2002 ], [ -75.62, 10.1968 ], [ -75.6376, 10.177 ], [ -75.6372, 10.188 ], [ -75.6387, 10.1753 ], [ -75.669, 10.1376 ], [ -75.6811, 10.1379 ], [ -75.679, 10.1428 ], [ -75.6845, 10.1307 ], [ -75.6976, 10.1329 ], [ -75.7025, 10.1438 ], [ -75.6939, 10.1497 ], [ -75.6966, 10.1438 ], [ -75.6902, 10.1425 ], [ -75.6822, 10.1596 ], [ -75.6648, 10.1591 ], [ -75.6536, 10.1639 ], [ -75.654, 10.1775 ], [ -75.6478, 10.1773 ], [ -75.6386, 10.1887 ], [ -75.6302, 10.1901 ], [ -75.6068, 10.222 ], [ -75.6044, 10.2369 ], [ -75.5861, 10.2257 ], [ -75.5881, 10.2357 ], [ -75.6217, 10.2508 ], [ -75.6128, 10.2602 ], [ -75.5839, 10.2616 ], [ -75.5946, 10.2677 ], [ -75.5885, 10.2961 ], [ -75.5786, 10.2999 ], [ -75.581, 10.2791 ], [ -75.5615, 10.2633 ], [ -75.5564, 10.2749 ], [ -75.5319, 10.2796 ], [ -75.535, 10.2855 ], [ -75.5445, 10.2814 ], [ -75.5282, 10.2913 ], [ -75.5305, 10.3042 ], [ -75.526, 10.2941 ], [ -75.5031, 10.3011 ], [ -75.5114, 10.3373 ], [ -75.504, 10.3427 ], [ -75.5118, 10.3551 ], [ -75.509, 10.3742 ], [ -75.5167, 10.3863 ], [ -75.5263, 10.3859 ], [ -75.5245, 10.3921 ], [ -75.5274, 10.3855 ], [ -75.5242, 10.3812 ], [ -75.5374, 10.3939 ], [ -75.5247, 10.3922 ], [ -75.5303, 10.3978 ], [ -75.5241, 10.3966 ], [ -75.524, 10.4049 ], [ -75.5397, 10.4059 ], [ -75.5491, 10.4223 ], [ -75.546, 10.4119 ], [ -75.5546, 10.3979 ], [ -75.5448, 10.3903 ], [ -75.5664, 10.3966 ], [ -75.5521, 10.409 ], [ -75.554, 10.4255 ], [ -75.5106, 10.4564 ], [ -75.493, 10.4846 ], [ -75.5024, 10.5015 ], [ -75.4956, 10.5369 ], [ -75.5153, 10.5605 ], [ -75.5127, 10.5711 ], [ -75.4615, 10.5897 ], [ -75.4515, 10.6276 ], [ -75.3986, 10.6628 ], [ -75.3942, 10.6827 ], [ -75.2933, 10.7007 ], [ -75.2878, 10.6914 ], [ -75.2938, 10.703 ], [ -75.2765, 10.714 ], [ -75.2659, 10.7374 ], [ -75.2701, 10.7571 ], [ -75.2723, 10.7461 ], [ -75.2712, 10.7793 ], [ -75.2618, 10.8007 ], [ -75.2223, 10.7954 ], [ -75.2304, 10.7832 ], [ -75.2199, 10.7772 ], [ -75.2495, 10.723 ], [ -75.242, 10.6544 ], [ -75.2236, 10.6308 ], [ -75.2269, 10.5876 ], [ -75.237, 10.5697 ], [ -75.223, 10.5528 ], [ -75.239, 10.5291 ], [ -75.242, 10.5043 ], [ -75.2336, 10.4793 ], [ -75.1904, 10.4679 ], [ -75.1531, 10.4346 ], [ -75.1527, 10.4231 ], [ -75.127, 10.3989 ], [ -75.1349, 10.3934 ], [ -75.0894, 10.4105 ], [ -75.076, 10.41 ] ] ], [ [ [ -75.5581, 10.3459 ], [ -75.5598, 10.3371 ], [ -75.5664, 10.3452 ], [ -75.5808, 10.3347 ], [ -75.5749, 10.3277 ], [ -75.5821, 10.318 ], [ -75.5914, 10.3234 ], [ -75.5934, 10.3477 ], [ -75.5754, 10.3814 ], [ -75.5702, 10.3735 ], [ -75.539, 10.3604 ], [ -75.5375, 10.357 ], [ -75.5516, 10.3559 ], [ -75.5383, 10.3492 ], [ -75.5489, 10.3361 ], [ -75.5581, 10.3459 ] ] ], [ [ [ -75.6632, 10.1693 ], [ -75.6696, 10.1637 ], [ -75.6681, 10.1686 ], [ -75.6544, 10.1724 ], [ -75.6539, 10.1673 ], [ -75.6632, 10.1693 ] ] ], [ [ [ -75.7489, 10.1827 ], [ -75.7237, 10.1813 ], [ -75.7475, 10.1724 ], [ -75.7489, 10.1827 ] ] ], [ [ [ -75.7902, 10.1576 ], [ -75.7961, 10.1693 ], [ -75.7862, 10.1674 ], [ -75.7834, 10.1592 ], [ -75.7902, 10.1576 ] ] ], [ [ [ -75.8512, 9.8046 ], [ -75.8474, 9.7933 ], [ -75.8428, 9.7988 ], [ -75.8278, 9.7904 ], [ -75.8561, 9.7884 ], [ -75.85, 9.7969 ], [ -75.8562, 9.8 ], [ -75.8512, 9.8046 ] ] ], [ [ [ -75.8761, 9.7801 ], [ -75.8755, 9.7832 ], [ -75.8689, 9.7806 ], [ -75.8761, 9.7801 ] ] ], [ [ [ -76.1787, 9.378 ], [ -76.1906, 9.3849 ], [ -76.1761, 9.3989 ], [ -76.1787, 9.378 ] ] ] ] } },
{ "type": "Feature", "properties": { "DPTO_CCDGO": "15", "DPTO_CNMBR": "BOYACÁ", "REGION": "Andina" }, "geometry": { "type": "Polygon", "coordinates": [ [ [ -73.6626, 5.6875 ], [ -73.63, 5.7444 ], [ -73.6243, 5.8123 ], [ -73.6002, 5.8694 ], [ -73.6113, 5.8871 ], [ -73.6315, 5.8952 ], [ -73.6359, 5.9112 ], [ -73.6074, 5.9309 ], [ -73.5912, 5.9567 ], [ -73.586, 6.0063 ], [ -73.5318, 6.0486 ], [ -73.5152, 6.0991 ], [ -73.4957, 6.1061 ], [ -73.4596, 6.0862 ], [ -73.4515, 6.0723 ], [ -73.4517, 6.0779 ], [ -73.429, 6.0684 ], [ -73.4148, 6.0731 ], [ -73.4191, 6.0684 ], [ -73.3707, 6.0052 ], [ -73.3755, 5.9644 ], [ -73.4081, 5.8891 ], [ -73.4445, 5.902 ], [ -73.4569, 5.8904 ], [ -73.4489, 5.8798 ], [ -73.4638, 5.8484 ], [ -73.504, 5.8757 ], [ -73.4631, 5.8475 ], [ -73.4716, 5.8216 ], [ -73.4757, 5.8241 ], [ -73.4735, 5.8168 ], [ -73.4359, 5.7982 ], [ -73.43, 5.7665 ], [ -73.4171, 5.7686 ], [ -73.3905, 5.7511 ], [ -73.3565, 5.8049 ], [ -73.3457, 5.8422 ], [ -73.3515, 5.8726 ], [ -73.3294, 5.8516 ], [ -73.3126, 5.8562 ], [ -73.2901, 5.8504 ], [ -73.2833, 5.8602 ], [ -73.2689, 5.8525 ], [ -73.2653, 5.8349 ], [ -73.2469, 5.816 ], [ -73.205, 5.8266 ], [ -73.1835, 5.8505 ], [ -73.2073, 5.8888 ], [ -73.2212, 5.8914 ], [ -73.2213, 5.9106 ], [ -73.2083, 5.9215 ], [ -73.2247, 5.9411 ], [ -73.2163, 5.9623 ], [ -73.2205, 5.9727 ], [ -73.1993, 6.0031 ], [ -73.1743, 5.9909 ], [ -73.1755, 5.9945 ], [ -73.1426, 5.9611 ], [ -73.1008, 5.9623 ], [ -73.0678, 5.982 ], [ -73.0622, 6.0111 ], [ -73.0327, 6.023 ], [ -73.0487, 5.9735 ], [ -73.0312, 6.0212 ], [ -73.0106, 5.9642 ], [ -72.983, 6.01 ], [ -72.9697, 6.0192 ], [ -72.9536, 6.0475 ], [ -72.9527, 6.0674 ], [ -72.9228, 6.0879 ], [ -72.9234, 6.0983 ], [ -72.9001, 6.1125 ], [ -72.895, 6.1239 ], [ -72.8725, 6.1251 ], [ -72.8684, 6.1445 ], [ -72.8434, 6.1438 ], [ -72.8285, 6.1529 ], [ -72.8296, 6.1485 ], [ -72.8037, 6.216 ], [ -72.775, 6.2105 ], [ -72.7447, 6.2292 ], [ -72.7459, 6.2749 ], [ -72.754, 6.2789 ], [ -72.7579, 6.3151 ], [ -72.7496, 6.3244 ], [ -72.7484, 6.3476 ], [ -72.7314, 6.3569 ], [ -72.7311, 6.3671 ], [ -72.7259, 6.3722 ], [ -72.738, 6.4403 ], [ -72.7249, 6.4567 ], [ -72.7368, 6.473 ], [ -72.7359, 6.4907 ], [ -72.7654, 6.4991 ], [ -72.7784, 6.5287 ], [ -72.7971, 6.5301 ], [ -72.8109, 6.5424 ], [ -72.8089, 6.5592 ], [ -72.7819, 6.5797 ], [ -72.7592, 6.5798 ], [ -72.7427, 6.5689 ], [ -72.7434, 6.5589 ], [ -72.7207, 6.5537 ], [ -72.7036, 6.5392 ], [ -72.6609, 6.4426 ], [ -72.6491, 6.4364 ], [ -72.6233, 6.4381 ], [ -72.583, 6.4764 ], [ -72.5483, 6.4871 ], [ -72.5237, 6.4811 ], [ -72.5392, 6.488 ], [ -72.5033, 6.5373 ], [ -72.5344, 6.4961 ], [ -72.5446, 6.503 ], [ -72.5495, 6.5215 ], [ -72.5363, 6.5404 ], [ -72.5459, 6.5672 ], [ -72.5427, 6.5828 ], [ -72.527, 6.5916 ], [ -72.5188, 6.6201 ], [ -72.497, 6.6339 ], [ -72.4855, 6.6571 ], [ -72.4911, 6.6818 ], [ -72.4847, 6.7026 ], [ -72.4989, 6.7283 ], [ -72.4876, 6.7436 ], [ -72.4986, 6.7644 ], [ -72.4985, 6.7984 ], [ -72.484, 6.8081 ], [ -72.4762, 6.8433 ], [ -72.5006, 6.8712 ], [ -72.4964, 6.8965 ], [ -72.5029, 6.9082 ], [ -72.4878, 6.9245 ], [ -72.4323, 6.8829 ], [ -72.3873, 6.8739 ], [ -72.3705, 6.8899 ], [ -72.35, 6.8929 ], [ -72.3134, 6.9322 ], [ -72.2814, 7.0101 ], [ -72.2525, 7.0075 ], [ -72.2554, 6.984 ], [ -72.2341, 6.9793 ], [ -72.201, 7.0067 ], [ -72.2058, 7.0224 ], [ -72.1997, 7.0412 ], [ -72.1857, 7.0539 ], [ -72.1737, 7.0531 ], [ -72.1531, 7.035 ], [ -72.1221, 7.0277 ], [ -72.0757, 7.0454 ], [ -72.0096, 7.0334 ], [ -71.9489, 7.0113 ], [ -71.9602, 7.0016 ], [ -71.9929, 6.9294 ], [ -72.0345, 6.8297 ], [ -72.0377, 6.7959 ], [ -72.0508, 6.7686 ], [ -72.1004, 6.7454 ], [ -72.0914, 6.646 ], [ -72.1128, 6.6121 ], [ -72.1309, 6.5206 ], [ -72.1779, 6.4968 ], [ -72.1747, 6.463 ], [ -72.2134, 6.4658 ], [ -72.2189, 6.4386 ], [ -72.2359, 6.4216 ], [ -72.246, 6.4205 ], [ -72.26, 6.4418 ], [ -72.2679, 6.4416 ], [ -72.2688, 6.4192 ], [ -72.2795, 6.421 ], [ -72.2867, 6.4034 ], [ -72.2811, 6.3829 ], [ -72.3031, 6.3588 ], [ -72.3165, 6.3638 ], [ -72.3216, 6.3318 ], [ -72.3396, 6.3461 ], [ -72.354, 6.3435 ], [ -72.3789, 6.2931 ], [ -72.3978, 6.2726 ], [ -72.3872, 6.2613 ], [ -72.4025, 6.2076 ], [ -72.4189, 6.1867 ], [ -72.3925, 6.1883 ], [ -72.3931, 6.1616 ], [ -72.3744, 6.1497 ], [ -72.3769, 6.1342 ], [ -72.3892, 6.1237 ], [ -72.3641, 6.0993 ], [ -72.3749, 6.0938 ], [ -72.3711, 6.0828 ], [ -72.3607, 6.0753 ], [ -72.3212, 6.0882 ], [ -72.3215, 6.0678 ], [ -72.3655, 6.0367 ], [ -72.3402, 5.9995 ], [ -72.3406, 5.9532 ], [ -72.3251, 5.935 ], [ -72.335, 5.8896 ], [ -72.4157, 5.9039 ], [ -72.4509, 5.8784 ], [ -72.4617, 5.8475 ], [ -72.4547, 5.8508 ], [ -72.4014, 5.8367 ], [ -72.3919, 5.8189 ], [ -72.3076, 5.7928 ], [ -72.3072, 5.7795 ], [ -72.2963, 5.7676 ], [ -72.2974, 5.7502 ], [ -72.2955, 5.7542 ], [ -72.2804, 5.7496 ], [ -72.2769, 5.7308 ], [ -72.2479, 5.6954 ], [ -72.2495, 5.6851 ], [ -72.2357, 5.6874 ], [ -72.2213, 5.6754 ], [ -72.2284, 5.6668 ], [ -72.2721, 5.6622 ], [ -72.2627, 5.6335 ], [ -72.2875, 5.6056 ], [ -72.2852, 5.5746 ], [ -72.2958, 5.5533 ], [ -72.3009, 5.506 ], [ -72.3176, 5.498 ], [ -72.3381, 5.5008 ], [ -72.3968, 5.5703 ], [ -72.4209, 5.5632 ], [ -72.4422, 5.5196 ], [ -72.4899, 5.4818 ], [ -72.5073, 5.4387 ], [ -72.584, 5.382 ], [ -72.5997, 5.398 ], [ -72.5893, 5.3832 ], [ -72.5672, 5.3734 ], [ -72.5798, 5.3503 ], [ -72.5917, 5.358 ], [ -72.6334, 5.3421 ], [ -72.6538, 5.3054 ], [ -72.7008, 5.2793 ], [ -72.7006, 5.2733 ], [ -72.7203, 5.2886 ], [ -72.7256, 5.318 ], [ -72.7569, 5.3314 ], [ -72.785, 5.3711 ], [ -72.8118, 5.3801 ], [ -72.8207, 5.3701 ], [ -72.8418, 5.3636 ], [ -72.8554, 5.3419 ], [ -72.8669, 5.3406 ], [ -72.8664, 5.3526 ], [ -72.8827, 5.3632 ], [ -72.8857, 5.3516 ], [ -72.8784, 5.3499 ], [ -72.9007, 5.2953 ], [ -72.8918, 5.2864 ], [ -72.895, 5.2653 ], [ -72.9233, 5.2153 ], [ -72.9373, 5.2041 ], [ -72.9357, 5.2112 ], [ -72.9504, 5.1762 ], [ -72.9735, 5.1465 ], [ -72.9286, 5.0997 ], [ -72.9093, 5.1035 ], [ -72.9038, 5.0679 ], [ -72.9285, 5.0472 ], [ -72.9261, 5.0296 ], [ -72.9528, 5.0096 ], [ -72.9753, 4.9748 ], [ -73.0165, 5.0027 ], [ -73.0293, 4.9841 ], [ -73.0491, 4.9223 ], [ -73.0415, 4.8783 ], [ -73.0616, 4.8551 ], [ -73.0778, 4.8097 ], [ -73.0457, 4.758 ], [ -73.0469, 4.7443 ], [ -73.0621, 4.7318 ], [ -73.0718, 4.7392 ], [ -73.0787, 4.7258 ], [ -73.0721, 4.7187 ], [ -73.1042, 4.6605 ], [ -73.1217, 4.6716 ], [ -73.149, 4.6552 ], [ -73.1943, 4.6725 ], [ -73.2068, 4.6837 ], [ -73.2179, 4.6764 ], [ -73.2347, 4.6952 ], [ -73.2197, 4.7249 ], [ -73.223, 4.7333 ], [ -73.2685, 4.7407 ], [ -73.2832, 4.7223 ], [ -73.303, 4.7289 ], [ -73.313, 4.7696 ], [ -73.341, 4.7913 ], [ -73.3718, 4.8008 ], [ -73.3652, 4.8248 ], [ -73.3945, 4.8533 ], [ -73.402, 4.8799 ], [ -73.4249, 4.8792 ], [ -73.4464, 4.8898 ], [ -73.4375, 4.9063 ], [ -73.4515, 4.883 ], [ -73.4696, 4.8927 ], [ -73.5209, 4.879 ], [ -73.5246, 4.8923 ], [ -73.539, 4.8972 ], [ -73.5488, 4.9251 ], [ -73.5445, 4.9448 ], [ -73.5173, 4.9903 ], [ -73.5083, 4.9961 ], [ -73.5184, 5.0046 ], [ -73.5219, 5.0175 ], [ -73.516, 5.0354 ], [ -73.4962, 5.0393 ], [ -73.4876, 5.0589 ], [ -73.4763, 5.0575 ], [ -73.4818, 5.0846 ], [ -73.4945, 5.1064 ], [ -73.4885, 5.1375 ], [ -73.472, 5.1495 ], [ -73.4772, 5.1481 ], [ -73.4824, 5.1543 ], [ -73.505, 5.1519 ], [ -73.5122, 5.163 ], [ -73.5086, 5.1862 ], [ -73.5229, 5.1942 ], [ -73.5235, 5.2205 ], [ -73.5152, 5.233 ], [ -73.525, 5.2388 ], [ -73.5319, 5.278 ], [ -73.5467, 5.2935 ], [ -73.5513, 5.328 ], [ -73.5498, 5.2978 ], [ -73.5878, 5.3061 ], [ -73.5995, 5.3194 ], [ -73.5907, 5.344 ], [ -73.5995, 5.3703 ], [ -73.5919, 5.3986 ], [ -73.6185, 5.4048 ], [ -73.6381, 5.4175 ], [ -73.6505, 5.4151 ], [ -73.6553, 5.4262 ], [ -73.6794, 5.4353 ], [ -73.6767, 5.4595 ], [ -73.6947, 5.4463 ], [ -73.7195, 5.4588 ], [ -73.7202, 5.4781 ], [ -73.7433, 5.4687 ], [ -73.726, 5.4815 ], [ -73.7435, 5.471 ], [ -73.7471, 5.4896 ], [ -73.7657, 5.4855 ], [ -73.7822, 5.4991 ], [ -73.7916, 5.5315 ], [ -73.7797, 5.5951 ], [ -73.7895, 5.553 ], [ -73.8047, 5.5714 ], [ -73.8198, 5.5529 ], [ -73.8479, 5.5457 ], [ -73.8471, 5.5559 ], [ -73.8573, 5.5309 ], [ -73.8705, 5.5329 ], [ -73.8899, 5.5124 ], [ -73.8977, 5.5284 ], [ -73.908, 5.5247 ], [ -73.9011, 5.4482 ], [ -73.9125, 5.4322 ], [ -73.9284, 5.44 ], [ -73.9471, 5.4241 ], [ -73.9523, 5.4308 ], [ -73.9474, 5.4189 ], [ -73.973, 5.4194 ], [ -73.9914, 5.3746 ], [ -74.02, 5.3661 ], [ -74.0223, 5.3869 ], [ -74.0398, 5.392 ], [ -74.0452, 5.4045 ], [ -74.0736, 5.4082 ], [ -74.0928, 5.4289 ], [ -74.0963, 5.4712 ], [ -74.1164, 5.4741 ], [ -74.1255, 5.429 ], [ -74.1387, 5.4463 ], [ -74.1607, 5.4478 ], [ -74.1761, 5.463 ], [ -74.1763, 5.4595 ], [ -74.2019, 5.497 ], [ -74.2154, 5.4977 ], [ -74.2445, 5.4763 ], [ -74.2564, 5.4998 ], [ -74.246, 5.5322 ], [ -74.2102, 5.5535 ], [ -74.1984, 5.5527 ], [ -74.2129, 5.5553 ], [ -74.2386, 5.5388 ], [ -74.2596, 5.5598 ], [ -74.2915, 5.5689 ], [ -74.315, 5.6205 ], [ -74.3019, 5.6373 ], [ -74.3086, 5.6471 ], [ -74.2852, 5.6637 ], [ -74.276, 5.6922 ], [ -74.3042, 5.7115 ], [ -74.2872, 5.7455 ], [ -74.2952, 5.7659 ], [ -74.313, 5.7822 ], [ -74.301, 5.7977 ], [ -74.3168, 5.797 ], [ -74.3152, 5.8152 ], [ -74.3338, 5.8269 ], [ -74.335, 5.8372 ], [ -74.3847, 5.7844 ], [ -74.4044, 5.7791 ], [ -74.4119, 5.7653 ], [ -74.4241, 5.7685 ], [ -74.4309, 5.758 ], [ -74.4422, 5.7668 ], [ -74.4612, 5.7658 ], [ -74.4665, 5.7759 ], [ -74.486, 5.7709 ], [ -74.4935, 5.784 ], [ -74.5009, 5.7791 ], [ -74.5164, 5.7914 ], [ -74.5386, 5.7861 ], [ -74.554, 5.7606 ], [ -74.5778, 5.7516 ], [ -74.5874, 5.759 ], [ -74.5974, 5.7434 ], [ -74.6271, 5.7625 ], [ -74.6384, 5.7549 ], [ -74.6429, 5.7354 ], [ -74.652, 5.7405 ], [ -74.654, 5.7537 ], [ -74.661, 5.7524 ], [ -74.665, 5.7685 ], [ -74.6505, 5.793 ], [ -74.6518, 5.8282 ], [ -74.638, 5.8664 ], [ -74.6241, 5.8824 ], [ -74.5904, 5.8947 ], [ -74.5854, 5.9031 ], [ -74.5857, 5.925 ], [ -74.6066, 5.9425 ], [ -74.6124, 5.9699 ], [ -74.5941, 5.986 ], [ -74.569, 5.9869 ], [ -74.5627, 6.0019 ], [ -74.5716, 6.0345 ], [ -74.5617, 6.0783 ], [ -74.5845, 6.0882 ], [ -74.6093, 6.1197 ], [ -74.6107, 6.1332 ], [ -74.5749, 6.1921 ], [ -74.5734, 6.2157 ], [ -74.5266, 6.2736 ], [ -74.5062, 6.2142 ], [ -74.4829, 6.1998 ], [ -74.4696, 6.2014 ], [ -74.4795, 6.1596 ], [ -74.4526, 6.1357 ], [ -74.4517, 6.0993 ], [ -74.4302, 6.0867 ], [ -74.408, 6.0865 ], [ -74.4019, 6.0663 ], [ -74.3808, 6.0481 ], [ -74.3831, 6.0403 ], [ -74.367, 6.0469 ], [ -74.3476, 6.0385 ], [ -74.3373, 6.065 ], [ -74.3153, 6.0677 ], [ -74.2981, 6.0841 ], [ -74.2755, 6.0804 ], [ -74.2776, 6.0737 ], [ -74.2587, 6.0655 ], [ -74.2656, 6.0525 ], [ -74.2606, 6.0143 ], [ -74.2223, 5.9685 ], [ -74.2389, 5.9437 ], [ -74.2245, 5.9232 ], [ -74.2311, 5.905 ], [ -74.275, 5.8685 ], [ -74.2654, 5.8312 ], [ -74.2661, 5.8346 ], [ -74.2318, 5.8358 ], [ -74.2147, 5.8538 ], [ -74.1973, 5.8529 ], [ -74.2001, 5.8767 ], [ -74.1896, 5.8842 ], [ -74.1867, 5.9073 ], [ -74.1796, 5.9107 ], [ -74.1333, 5.8759 ], [ -74.1031, 5.877 ], [ -74.0796, 5.8345 ], [ -74.0791, 5.8185 ], [ -74.058, 5.8199 ], [ -74.0257, 5.8065 ], [ -74.0251, 5.7808 ], [ -74.011, 5.7747 ], [ -74.0141, 5.7643 ], [ -74.0018, 5.7552 ], [ -73.9915, 5.7291 ], [ -73.9715, 5.7028 ], [ -73.9814, 5.7207 ], [ -73.9661, 5.7375 ], [ -73.8912, 5.7375 ], [ -73.8841, 5.7228 ], [ -73.8731, 5.7245 ], [ -73.8789, 5.7078 ], [ -73.8611, 5.7115 ], [ -73.8565, 5.7262 ], [ -73.8397, 5.7384 ], [ -73.8192, 5.7375 ], [ -73.8204, 5.7166 ], [ -73.8125, 5.715 ], [ -73.7636, 5.7729 ], [ -73.7267, 5.7704 ], [ -73.7144, 5.7817 ], [ -73.6934, 5.7572 ], [ -73.6723, 5.7477 ], [ -73.6513, 5.7139 ], [ -73.6626, 5.6875 ] ] ] } },
{ "type": "Feature", "properties": { "DPTO_CCDGO": "17", "DPTO_CNMBR": "CALDAS", "REGION": "Andina" }, "geometry": { "type": "Polygon", "coordinates": [ [ [ -75.7706, 5.0075 ], [ -75.7814, 5.0104 ], [ -75.7856, 4.996 ], [ -75.7785, 4.9932 ], [ -75.7932, 4.9801 ], [ -75.7962, 4.9663 ], [ -75.7884, 4.9494 ], [ -75.7924, 4.9373 ], [ -75.8027, 4.9365 ], [ -75.8148, 4.9194 ], [ -75.8667, 4.9336 ], [ -75.8537, 4.9556 ], [ -75.8636, 4.9417 ], [ -75.8922, 4.9615 ], [ -75.9044, 4.9957 ], [ -75.9039, 5.0236 ], [ -75.9225, 5.0449 ], [ -75.9123, 5.0737 ], [ -75.9155, 5.0861 ], [ -75.8989, 5.1067 ], [ -75.8999, 5.1184 ], [ -75.8884, 5.1166 ], [ -75.8918, 5.131 ], [ -75.8731, 5.1302 ], [ -75.8458, 5.1056 ], [ -75.8358, 5.1148 ], [ -75.8338, 5.1501 ], [ -75.8024, 5.2004 ], [ -75.8083, 5.2074 ], [ -75.805, 5.2351 ], [ -75.8205, 5.2435 ], [ -75.8245, 5.2688 ], [ -75.7857, 5.2825 ], [ -75.7668, 5.2732 ], [ -75.7483, 5.2843 ], [ -75.7348, 5.2644 ], [ -75.6935, 5.2584 ], [ -75.6964, 5.2533 ], [ -75.6631, 5.2738 ], [ -75.6668, 5.2756 ], [ -75.6517, 5.3063 ], [ -75.642, 5.3062 ], [ -75.6598, 5.3188 ], [ -75.6662, 5.354 ], [ -75.6803, 5.3563 ], [ -75.6978, 5.3765 ], [ -75.6984, 5.3878 ], [ -75.7124, 5.3862 ], [ -75.7252, 5.3971 ], [ -75.7394, 5.3976 ], [ -75.7421, 5.3838 ], [ -75.7631, 5.3869 ], [ -75.7885, 5.3668 ], [ -75.8092, 5.3621 ], [ -75.8283, 5.3674 ], [ -75.8331, 5.3611 ], [ -75.8389, 5.3698 ], [ -75.8607, 5.3717 ], [ -75.8506, 5.4125 ], [ -75.8647, 5.4451 ], [ -75.8635, 5.5055 ], [ -75.8523, 5.4936 ], [ -75.8325, 5.4888 ], [ -75.7852, 5.5403 ], [ -75.7715, 5.5373 ], [ -75.7648, 5.5483 ], [ -75.7303, 5.5641 ], [ -75.688, 5.5191 ], [ -75.6722, 5.5291 ], [ -75.6421, 5.5308 ], [ -75.6392, 5.5234 ], [ -75.6405, 5.5302 ], [ -75.6273, 5.5259 ], [ -75.616, 5.5319 ], [ -75.5964, 5.5181 ], [ -75.5773, 5.5154 ], [ -75.5693, 5.5228 ], [ -75.5713, 5.5438 ], [ -75.565, 5.5497 ], [ -75.5737, 5.5456 ], [ -75.5898, 5.643 ], [ -75.5724, 5.6647 ], [ -75.5996, 5.6809 ], [ -75.5945, 5.7364 ], [ -75.5726, 5.7231 ], [ -75.5434, 5.7201 ], [ -75.5355, 5.691 ], [ -75.5199, 5.6951 ], [ -75.4782, 5.6643 ], [ -75.4289, 5.6966 ], [ -75.4127, 5.6943 ], [ -75.4066, 5.6812 ], [ -75.3769, 5.6742 ], [ -75.3684, 5.6408 ], [ -75.3831, 5.6215 ], [ -75.3653, 5.6016 ], [ -75.3402, 5.603 ], [ -75.3458, 5.5871 ], [ -75.3278, 5.5578 ], [ -75.3339, 5.5501 ], [ -75.3269, 5.5418 ], [ -75.3288, 5.5246 ], [ -75.3108, 5.5087 ], [ -75.3151, 5.4617 ], [ -75.2826, 5.4757 ], [ -75.2862, 5.4502 ], [ -75.2792, 5.4376 ], [ -75.2811, 5.4242 ], [ -75.2759, 5.4186 ], [ -75.2206, 5.5031 ], [ -75.1814, 5.5235 ], [ -75.1378, 5.5271 ], [ -75.1324, 5.5409 ], [ -75.1243, 5.5414 ], [ -75.133, 5.5467 ], [ -75.0914, 5.5856 ], [ -75.0874, 5.5982 ], [ -75.0963, 5.6083 ], [ -75.089, 5.6154 ], [ -75.0992, 5.6423 ], [ -75.0872, 5.6607 ], [ -75.0768, 5.6567 ], [ -75.0603, 5.666 ], [ -75.0479, 5.6609 ], [ -75.0106, 5.6811 ], [ -74.9915, 5.7061 ], [ -74.9931, 5.7154 ], [ -74.9705, 5.7151 ], [ -74.9316, 5.7335 ], [ -74.8802, 5.746 ], [ -74.8409, 5.7383 ], [ -74.8291, 5.7131 ], [ -74.8111, 5.7093 ], [ -74.8053, 5.6985 ], [ -74.7973, 5.7023 ], [ -74.7724, 5.6897 ], [ -74.7654, 5.6998 ], [ -74.7393, 5.6993 ], [ -74.7377, 5.7072 ], [ -74.7294, 5.7065 ], [ -74.7271, 5.7438 ], [ -74.7203, 5.7576 ], [ -74.713, 5.7558 ], [ -74.7139, 5.7722 ], [ -74.6815, 5.7792 ], [ -74.665, 5.7685 ], [ -74.652, 5.7095 ], [ -74.6337, 5.7081 ], [ -74.6275, 5.696 ], [ -74.637, 5.6513 ], [ -74.6285, 5.6317 ], [ -74.6446, 5.6194 ], [ -74.6531, 5.5747 ], [ -74.641, 5.5402 ], [ -74.6746, 5.5147 ], [ -74.6605, 5.4512 ], [ -74.6493, 5.4429 ], [ -74.6762, 5.4384 ], [ -74.6658, 5.4094 ], [ -74.6848, 5.4002 ], [ -74.6785, 5.3753 ], [ -74.6922, 5.3637 ], [ -74.7061, 5.3716 ], [ -74.7011, 5.3532 ], [ -74.7147, 5.315 ], [ -74.7297, 5.3031 ], [ -74.7343, 5.2869 ], [ -74.7431, 5.2911 ], [ -74.7545, 5.2817 ], [ -74.7745, 5.2992 ], [ -74.7899, 5.2986 ], [ -74.827, 5.3193 ], [ -74.8541, 5.315 ], [ -74.8728, 5.2949 ], [ -74.9313, 5.3129 ], [ -74.9704, 5.3017 ], [ -74.9682, 5.2986 ], [ -74.9863, 5.2887 ], [ -75.028, 5.2888 ], [ -75.0323, 5.2781 ], [ -75.06, 5.2696 ], [ -75.0627, 5.2522 ], [ -75.1054, 5.1985 ], [ -75.1128, 5.1631 ], [ -75.1308, 5.1559 ], [ -75.1812, 5.1795 ], [ -75.1672, 5.1694 ], [ -75.1982, 5.1622 ], [ -75.2113, 5.1388 ], [ -75.235, 5.126 ], [ -75.2758, 5.1408 ], [ -75.2877, 5.1385 ], [ -75.3448, 5.0808 ], [ -75.3488, 5.0573 ], [ -75.3279, 5.0419 ], [ -75.3325, 5.0398 ], [ -75.3194, 5.0329 ], [ -75.3182, 5.0144 ], [ -75.3297, 4.9849 ], [ -75.3535, 4.9626 ], [ -75.3413, 4.9088 ], [ -75.319, 4.8929 ], [ -75.3236, 4.8658 ], [ -75.3524, 4.8421 ], [ -75.3755, 4.8027 ], [ -75.4055, 4.8041 ], [ -75.4269, 4.8164 ], [ -75.4387, 4.8552 ], [ -75.4563, 4.8869 ], [ -75.4729, 4.8908 ], [ -75.4743, 4.9039 ], [ -75.484, 4.9107 ], [ -75.4801, 4.9165 ], [ -75.5119, 4.9243 ], [ -75.5375, 4.9165 ], [ -75.5434, 4.9285 ], [ -75.5571, 4.924 ], [ -75.5644, 4.9377 ], [ -75.5862, 4.9404 ], [ -75.5737, 4.9334 ], [ -75.5876, 4.9346 ], [ -75.595, 4.9262 ], [ -75.6171, 4.9314 ], [ -75.6231, 4.971 ], [ -75.6395, 4.975 ], [ -75.6555, 4.9458 ], [ -75.7024, 4.9455 ], [ -75.7138, 4.9563 ], [ -75.7199, 4.9927 ], [ -75.7468, 5.0468 ], [ -75.6965, 5.0916 ], [ -75.7433, 5.0511 ], [ -75.7724, 5.0201 ], [ -75.7706, 5.0075 ] ] ] } },
{ "type": "Feature", "properties": { "DPTO_CCDGO": "18", "DPTO_CNMBR": "CAQUETÁ", "REGION": "Amazonia" }, "geometry": { "type": "Polygon", "coordinates": [ [ [ -75.5029, 0.7673 ], [ -75.5384, 0.7886 ], [ -75.5379, 0.8268 ], [ -75.6078, 0.8383 ], [ -75.6151, 0.8615 ], [ -75.6284, 0.874 ], [ -75.6596, 0.8735 ], [ -75.6819, 0.8569 ], [ -75.7206, 0.8616 ], [ -75.7603, 0.8372 ], [ -75.7776, 0.873 ], [ -75.7973, 0.894 ], [ -75.8089, 0.8955 ], [ -75.8274, 0.8741 ], [ -75.8566, 0.885 ], [ -75.8675, 0.9221 ], [ -75.8949, 0.9353 ], [ -75.9092, 0.9731 ], [ -75.9469, 0.9829 ], [ -75.932, 0.9939 ], [ -75.9205, 1.0245 ], [ -75.9243, 1.0336 ], [ -75.9476, 1.0307 ], [ -75.9942, 1.0726 ], [ -76.0007, 1.0652 ], [ -75.9857, 1.0481 ], [ -75.994, 1.0272 ], [ -76.0049, 1.0547 ], [ -76.0492, 1.0462 ], [ -76.085, 1.0576 ], [ -76.0813, 1.0657 ], [ -76.1013, 1.0685 ], [ -76.103, 1.0787 ], [ -76.1241, 1.0876 ], [ -76.1234, 1.1006 ], [ -76.1339, 1.1054 ], [ -76.139, 1.0975 ], [ -76.1597, 1.1162 ], [ -76.1648, 1.1067 ], [ -76.1842, 1.1049 ], [ -76.2122, 1.1167 ], [ -76.2148, 1.1083 ], [ -76.2334, 1.1226 ], [ -76.2519, 1.1194 ], [ -76.2742, 1.1322 ], [ -76.2871, 1.1578 ], [ -76.2851, 1.1712 ], [ -76.2927, 1.179 ], [ -76.3027, 1.1766 ], [ -76.2895, 1.206 ], [ -76.3062, 1.2286 ], [ -76.2768, 1.2647 ], [ -76.2537, 1.2759 ], [ -76.2464, 1.3013 ], [ -76.2324, 1.308 ], [ -76.2246, 1.3232 ], [ -76.2141, 1.3206 ], [ -76.223, 1.3379 ], [ -76.2034, 1.3541 ], [ -76.1956, 1.4099 ], [ -76.2012, 1.4223 ], [ -76.1927, 1.4211 ], [ -76.1758, 1.4511 ], [ -76.1785, 1.4598 ], [ -76.1865, 1.4596 ], [ -76.1838, 1.4882 ], [ -76.1492, 1.5369 ], [ -76.1563, 1.5537 ], [ -76.1522, 1.5625 ], [ -76.1672, 1.5875 ], [ -76.1244, 1.5661 ], [ -76.12, 1.5521 ], [ -76.0746, 1.5848 ], [ -76.0344, 1.5828 ], [ -76.006, 1.6148 ], [ -75.9834, 1.6213 ], [ -75.98, 1.6576 ], [ -75.9527, 1.6638 ], [ -75.9122, 1.712 ], [ -75.844, 1.7226 ], [ -75.8303, 1.7474 ], [ -75.8164, 1.7536 ], [ -75.7994, 1.75 ], [ -75.7857, 1.7632 ], [ -75.7371, 1.7825 ], [ -75.7307, 1.8233 ], [ -75.7079, 1.8397 ], [ -75.701, 1.8679 ], [ -75.6518, 1.9011 ], [ -75.6413, 1.9225 ], [ -75.6474, 1.9358 ], [ -75.641, 1.958 ], [ -75.6239, 1.9748 ], [ -75.6161, 1.997 ], [ -75.5881, 2.0111 ], [ -75.5844, 2.0312 ], [ -75.5698, 2.0414 ], [ -75.5541, 2.0803 ], [ -75.541, 2.0897 ], [ -75.535, 2.1177 ], [ -75.4444, 2.1446 ], [ -75.4263, 2.195 ], [ -75.4116, 2.1793 ], [ -75.4155, 2.1925 ], [ -75.4336, 2.1989 ], [ -75.4402, 2.2135 ], [ -75.4335, 2.2324 ], [ -75.4104, 2.2456 ], [ -75.3863, 2.3146 ], [ -75.3718, 2.3261 ], [ -75.3487, 2.3235 ], [ -75.3296, 2.3653 ], [ -75.3101, 2.3616 ], [ -75.2898, 2.3892 ], [ -75.2795, 2.4227 ], [ -75.2705, 2.4225 ], [ -75.2506, 2.4445 ], [ -75.2533, 2.453 ], [ -75.2311, 2.4809 ], [ -75.2275, 2.5113 ], [ -75.1811, 2.5071 ], [ -75.1726, 2.5238 ], [ -75.1814, 2.5311 ], [ -75.1576, 2.5636 ], [ -75.1537, 2.582 ], [ -75.1037, 2.6262 ], [ -75.1344, 2.5991 ], [ -75.1556, 2.6459 ], [ -75.1333, 2.6915 ], [ -75.1541, 2.7041 ], [ -75.1468, 2.7224 ], [ -75.1228, 2.7295 ], [ -75.1144, 2.7247 ], [ -75.0963, 2.7376 ], [ -75.0879, 2.7303 ], [ -75.0747, 2.7455 ], [ -75.0703, 2.7421 ], [ -75.0265, 2.7932 ], [ -75.0203, 2.815 ], [ -74.989, 2.858 ], [ -74.9558, 2.8797 ], [ -74.911, 2.9316 ], [ -74.9026, 2.9609 ], [ -74.8782, 2.9443 ], [ -74.8787, 2.9142 ], [ -74.8357, 2.909 ], [ -74.7981, 2.9361 ], [ -74.7898, 2.9263 ], [ -74.7941, 2.9137 ], [ -74.7678, 2.8723 ], [ -74.6945, 2.8924 ], [ -74.6713, 2.8878 ], [ -74.6614, 2.8407 ], [ -74.6724, 2.8312 ], [ -74.6667, 2.8053 ], [ -74.6571, 2.8041 ], [ -74.6425, 2.7551 ], [ -74.6192, 2.7505 ], [ -74.6387, 2.7027 ], [ -74.6194, 2.6974 ], [ -74.6148, 2.6857 ], [ -74.5888, 2.67 ], [ -74.5999, 2.6356 ], [ -74.6176, 2.6346 ], [ -74.6158, 2.6172 ], [ -74.6439, 2.6062 ], [ -74.6479, 2.5849 ], [ -74.6804, 2.5573 ], [ -74.6774, 2.5229 ], [ -74.6568, 2.51 ], [ -74.6486, 2.492 ], [ -74.6619, 2.4887 ], [ -74.6725, 2.4248 ], [ -74.6926, 2.421 ], [ -74.7085, 2.3742 ], [ -74.733, 2.3477 ], [ -74.7487, 2.2818 ], [ -74.7467, 2.2707 ], [ -74.7327, 2.2804 ], [ -74.7261, 2.2651 ], [ -74.7164, 2.2618 ], [ -74.7091, 2.2838 ], [ -74.6981, 2.2808 ], [ -74.6912, 2.2621 ], [ -74.6496, 2.2423 ], [ -74.6487, 2.2281 ], [ -74.6593, 2.2268 ], [ -74.668, 2.2123 ], [ -74.641, 2.201 ], [ -74.635, 2.1875 ], [ -74.6115, 2.2011 ], [ -74.5995, 2.1938 ], [ -74.6003, 2.1528 ], [ -74.5915, 2.1383 ], [ -74.6439, 2.1188 ], [ -74.6439, 2.0943 ], [ -74.6305, 2.0831 ], [ -74.653, 2.0659 ], [ -74.6067, 2.067 ], [ -74.6104, 2.0395 ], [ -74.588, 2.0203 ], [ -74.5871, 2.0055 ], [ -74.5629, 1.975 ], [ -74.5705, 1.9233 ], [ -74.5601, 1.9009 ], [ -74.5639, 1.8485 ], [ -74.5159, 1.8332 ], [ -74.4776, 1.8072 ], [ -74.4152, 1.8124 ], [ -74.3834, 1.7905 ], [ -74.3168, 1.7864 ], [ -74.2705, 1.7535 ], [ -74.2154, 1.7667 ], [ -74.2056, 1.7498 ], [ -74.2059, 1.7147 ], [ -74.1877, 1.7057 ], [ -74.1086, 1.694 ], [ -74.0958, 1.6743 ], [ -74.1002, 1.6603 ], [ -74.0899, 1.6425 ], [ -74.0476, 1.6602 ], [ -74.0251, 1.6467 ], [ -74.0251, 1.6353 ], [ -73.9943, 1.6394 ], [ -73.9865, 1.6051 ], [ -73.9108, 1.6373 ], [ -73.8929, 1.619 ], [ -73.8576, 1.6081 ], [ -73.8108, 1.6174 ], [ -73.7904, 1.6335 ], [ -73.7521, 1.6291 ], [ -73.7393, 1.6378 ], [ -73.6911, 1.6288 ], [ -73.6691, 1.6082 ], [ -73.66, 1.6121 ], [ -73.6583, 1.5764 ], [ -73.6434, 1.5516 ], [ -73.6153, 1.527 ], [ -73.607, 1.5017 ], [ -73.5845, 1.487 ], [ -73.5779, 1.4687 ], [ -73.5473, 1.438 ], [ -73.5461, 1.404 ], [ -73.5349, 1.3898 ], [ -73.5087, 1.3877 ], [ -73.5032, 1.37 ], [ -73.4833, 1.3704 ], [ -73.4847, 1.3636 ], [ -73.4721, 1.3585 ], [ -73.47, 1.3405 ], [ -73.4552, 1.321 ], [ -73.4613, 1.3123 ], [ -73.4515, 1.3043 ], [ -73.4561, 1.2946 ], [ -73.4283, 1.2959 ], [ -73.4223, 1.2804 ], [ -73.4319, 1.2589 ], [ -73.4087, 1.2414 ], [ -73.4153, 1.2258 ], [ -73.4242, 1.2235 ], [ -73.4168, 1.2072 ], [ -73.4073, 1.2057 ], [ -73.4211, 1.1911 ], [ -73.411, 1.174 ], [ -73.393, 1.1719 ], [ -73.3975, 1.1531 ], [ -73.3748, 1.1417 ], [ -73.3728, 1.1309 ], [ -73.3573, 1.1284 ], [ -73.3557, 1.1203 ], [ -73.3436, 1.1234 ], [ -73.3337, 1.1132 ], [ -73.3405, 1.0992 ], [ -73.3329, 1.1011 ], [ -73.3344, 1.0939 ], [ -73.3193, 1.0868 ], [ -73.3228, 1.0808 ], [ -73.282, 1.0668 ], [ -73.2788, 1.0473 ], [ -73.2517, 1.0489 ], [ -73.2524, 1.0398 ], [ -73.2466, 1.0425 ], [ -73.2393, 1.0326 ], [ -73.2478, 1.0219 ], [ -73.2167, 0.997 ], [ -73.2065, 1.0067 ], [ -73.1988, 0.9986 ], [ -73.1829, 1.0031 ], [ -73.1717, 0.9921 ], [ -73.1769, 0.9911 ], [ -73.1728, 0.9818 ], [ -73.1895, 0.967 ], [ -73.1807, 0.971 ], [ -73.1822, 0.9609 ], [ -73.1653, 0.9534 ], [ -73.1643, 0.9404 ], [ -73.1469, 0.9433 ], [ -73.1459, 0.9334 ], [ -73.1548, 0.9335 ], [ -73.1351, 0.9149 ], [ -73.1093, 0.924 ], [ -73.1029, 0.9123 ], [ -73.0785, 0.9066 ], [ -73.0835, 0.9017 ], [ -73.0775, 0.8945 ], [ -73.0516, 0.9119 ], [ -73.0498, 0.9054 ], [ -73.041, 0.9112 ], [ -73.0388, 0.9021 ], [ -73.0266, 0.9215 ], [ -73.0094, 0.9108 ], [ -72.9997, 0.9251 ], [ -73.0062, 0.9333 ], [ -72.9917, 0.9333 ], [ -72.9966, 0.9227 ], [ -72.9874, 0.9285 ], [ -72.9966, 0.9517 ], [ -72.9862, 0.9518 ], [ -72.9857, 0.9617 ], [ -72.9834, 0.9552 ], [ -72.9605, 0.9608 ], [ -72.9542, 0.9836 ], [ -72.9403, 0.98 ], [ -72.9289, 1.0019 ], [ -72.9325, 1.0152 ], [ -72.9079, 1.0087 ], [ -72.8848, 1.0241 ], [ -72.8672, 1.0245 ], [ -72.8745, 1.0364 ], [ -72.8652, 1.0417 ], [ -72.8793, 1.0462 ], [ -72.8738, 1.0522 ], [ -72.858, 1.0422 ], [ -72.8608, 1.0719 ], [ -72.8833, 1.07 ], [ -72.8841, 1.0777 ], [ -72.8721, 1.0768 ], [ -72.8691, 1.0865 ], [ -72.8837, 1.0986 ], [ -72.8657, 1.1087 ], [ -72.85, 1.1047 ], [ -72.8684, 1.1214 ], [ -72.8721, 1.1354 ], [ -72.8691, 1.1466 ], [ -72.8498, 1.1431 ], [ -72.8509, 1.1582 ], [ -72.8592, 1.1648 ], [ -72.8305, 1.1566 ], [ -72.8269, 1.1489 ], [ -72.8162, 1.1681 ], [ -72.8239, 1.1782 ], [ -72.8029, 1.1827 ], [ -72.7843, 1.1753 ], [ -72.7713, 1.1823 ], [ -72.7784, 1.1488 ], [ -72.7508, 1.1288 ], [ -72.7419, 1.1336 ], [ -72.7387, 1.1511 ], [ -72.7228, 1.1496 ], [ -72.7306, 1.1605 ], [ -72.7259, 1.1861 ], [ -72.6974, 1.1811 ], [ -72.6944, 1.1638 ], [ -72.6708, 1.1638 ], [ -72.6588, 1.151 ], [ -72.6499, 1.1818 ], [ -72.6226, 1.1362 ], [ -72.5897, 1.1249 ], [ -72.557, 1.0936 ], [ -72.5206, 1.081 ], [ -72.5109, 1.068 ], [ -72.4841, 1.0716 ], [ -72.4686, 1.084 ], [ -72.4557, 1.0799 ], [ -72.4237, 1.0227 ], [ -72.3995, 1.0039 ], [ -72.4105, 0.9868 ], [ -72.4005, 0.9674 ], [ -72.377, 0.9602 ], [ -72.3916, 0.9191 ], [ -72.374, 0.9174 ], [ -72.3544, 0.9351 ], [ -72.3399, 0.9267 ], [ -72.3469, 0.9029 ], [ -72.3324, 0.8794 ], [ -72.3436, 0.8686 ], [ -72.3276, 0.8399 ], [ -72.3167, 0.853 ], [ -72.3239, 0.8754 ], [ -72.2917, 0.8778 ], [ -72.287, 0.8623 ], [ -72.3013, 0.8412 ], [ -72.2868, 0.8187 ], [ -72.3101, 0.8093 ], [ -72.2926, 0.7815 ], [ -72.2697, 0.7631 ], [ -72.261, 0.7733 ], [ -72.2703, 0.7941 ], [ -72.2487, 0.7885 ], [ -72.2219, 0.7473 ], [ -72.2305, 0.7182 ], [ -72.219, 0.7048 ], [ -72.2004, 0.702 ], [ -72.1908, 0.727 ], [ -72.1639, 0.7133 ], [ -72.1636, 0.7338 ], [ -72.1403, 0.7181 ], [ -72.1267, 0.7401 ], [ -72.1098, 0.7049 ], [ -72.094, 0.6988 ], [ -72.0811, 0.7049 ], [ -72.0704, 0.6927 ], [ -72.0693, 0.6713 ], [ -72.0843, 0.6578 ], [ -72.0516, 0.6555 ], [ -72.0297, 0.6645 ], [ -72.0137, 0.6533 ], [ -71.9993, 0.6588 ], [ -71.995, 0.6331 ], [ -71.9815, 0.6306 ], [ -71.995, 0.6066 ], [ -72.0117, 0.596 ], [ -71.9924, 0.5907 ], [ -71.9898, 0.563 ], [ -71.9639, 0.556 ], [ -71.9531, 0.54 ], [ -71.9386, 0.57 ], [ -71.9132, 0.516 ], [ -71.9291, 0.4972 ], [ -71.929, 0.4866 ], [ -71.9015, 0.472 ], [ -71.9208, 0.4601 ], [ -71.9205, 0.4526 ], [ -71.9042, 0.4428 ], [ -71.8898, 0.4476 ], [ -71.8871, 0.4694 ], [ -71.859, 0.457 ], [ -71.8473, 0.4381 ], [ -71.8469, 0.4136 ], [ -71.8234, 0.4057 ], [ -71.8363, 0.3951 ], [ -71.8357, 0.3658 ], [ -71.8539, 0.3534 ], [ -71.8235, 0.3394 ], [ -71.8019, 0.3553 ], [ -71.8148, 0.3736 ], [ -71.7889, 0.3638 ], [ -71.767, 0.3696 ], [ -71.7735, 0.3484 ], [ -71.7852, 0.3454 ], [ -71.7891, 0.3357 ], [ -71.7693, 0.3275 ], [ -71.7537, 0.3324 ], [ -71.7513, 0.2972 ], [ -71.7372, 0.2857 ], [ -71.7272, 0.3086 ], [ -71.705, 0.3184 ], [ -71.7009, 0.2996 ], [ -71.7263, 0.281 ], [ -71.6979, 0.2375 ], [ -71.6439, 0.2096 ], [ -71.6241, 0.2159 ], [ -71.6275, 0.2048 ], [ -71.6171, 0.1929 ], [ -71.6361, 0.183 ], [ -71.6058, 0.1833 ], [ -71.5711, 0.2153 ], [ -71.5608, 0.2163 ], [ -71.5899, 0.1663 ], [ -71.5483, 0.1739 ], [ -71.5315, 0.1652 ], [ -71.5261, 0.1525 ], [ -71.545, 0.131 ], [ -71.5297, 0.1199 ], [ -71.5164, 0.1322 ], [ -71.4952, 0.1348 ], [ -71.4735, 0.185 ], [ -71.4556, 0.1741 ], [ -71.4567, 0.1631 ], [ -71.4703, 0.1526 ], [ -71.4496, 0.139 ], [ -71.4088, 0.1507 ], [ -71.3996, 0.1859 ], [ -71.3731, 0.1721 ], [ -71.3654, 0.1446 ], [ -71.3419, 0.1383 ], [ -71.3437, 0.1524 ], [ -71.3352, 0.155 ], [ -71.321, 0.1363 ], [ -71.3285, 0.1129 ], [ -71.2903, 0.0959 ], [ -71.2966, 0.0706 ], [ -71.2644, 0.0701 ], [ -71.2538, 0.0595 ], [ -71.2714, 0.0352 ], [ -71.2857, 0.0379 ], [ -71.3279, 0.0187 ], [ -71.3706, 0.0312 ], [ -71.3859, 0.0259 ], [ -71.3858, 0.0146 ], [ -71.4005, 0.0056 ], [ -71.4484, 0.0033 ], [ -71.4538, -0.0122 ], [ -71.4857, -0.0087 ], [ -71.5467, 0.0213 ], [ -71.5772, 0.0157 ], [ -71.5782, -0.001 ], [ -71.5935, -0.0144 ], [ -71.626, -0.0346 ], [ -71.6475, -0.0385 ], [ -71.6718, -0.0598 ], [ -71.7048, -0.0673 ], [ -71.7009, -0.0975 ], [ -71.7272, -0.1239 ], [ -71.7365, -0.1545 ], [ -71.7145, -0.2036 ], [ -71.7113, -0.2344 ], [ -71.7292, -0.2313 ], [ -71.743, -0.2524 ], [ -71.7703, -0.2558 ], [ -71.7897, -0.2705 ], [ -71.8114, -0.2637 ], [ -71.8309, -0.2763 ], [ -71.8738, -0.2696 ], [ -71.91, -0.2733 ], [ -71.9278, -0.2653 ], [ -71.9749, -0.2707 ], [ -71.9831, -0.2794 ], [ -72.0197, -0.2638 ], [ -72.0418, -0.2692 ], [ -72.0614, -0.2962 ], [ -72.0568, -0.3094 ], [ -72.0627, -0.3247 ], [ -72.0828, -0.3383 ], [ -72.0937, -0.3292 ], [ -72.1263, -0.3372 ], [ -72.1436, -0.3473 ], [ -72.1423, -0.3553 ], [ -72.1534, -0.3553 ], [ -72.1589, -0.3824 ], [ -72.148, -0.3954 ], [ -72.163, -0.4114 ], [ -72.1728, -0.4439 ], [ -72.2012, -0.4796 ], [ -72.2306, -0.493 ], [ -72.2491, -0.6137 ], [ -72.2857, -0.6307 ], [ -72.2966, -0.647 ], [ -72.3183, -0.6517 ], [ -72.3967, -0.6122 ], [ -72.409, -0.5976 ], [ -72.4077, -0.5681 ], [ -72.425, -0.5623 ], [ -72.5354, -0.6725 ], [ -72.5564, -0.7058 ], [ -72.5921, -0.6933 ], [ -72.6738, -0.6352 ], [ -72.6776, -0.616 ], [ -72.6945, -0.6106 ], [ -72.7144, -0.5889 ], [ -72.7406, -0.5801 ], [ -72.7497, -0.555 ], [ -72.7766, -0.5777 ], [ -72.8015, -0.5794 ], [ -72.8159, -0.5992 ], [ -72.8325, -0.5985 ], [ -72.8722, -0.6168 ], [ -72.9173, -0.6155 ], [ -72.9372, -0.6058 ], [ -72.9502, -0.5729 ], [ -72.968, -0.5517 ], [ -72.9895, -0.5368 ], [ -73.0264, -0.5269 ], [ -73.0533, -0.5467 ], [ -73.0748, -0.6213 ], [ -73.1214, -0.6041 ], [ -73.1702, -0.6228 ], [ -73.2068, -0.6256 ], [ -73.2394, -0.5869 ], [ -73.256, -0.5795 ], [ -73.265, -0.5558 ], [ -73.3155, -0.5309 ], [ -73.3319, -0.5061 ], [ -73.3577, -0.5152 ], [ -73.3785, -0.5363 ], [ -73.4303, -0.5109 ], [ -73.4887, -0.5281 ], [ -73.5105, -0.5243 ], [ -73.5223, -0.5152 ], [ -73.5332, -0.4877 ], [ -73.5498, -0.5141 ], [ -73.5684, -0.5168 ], [ -73.5846, -0.4491 ], [ -73.6082, -0.4392 ], [ -73.6514, -0.4572 ], [ -73.6363, -0.432 ], [ -73.6393, -0.4189 ], [ -73.6857, -0.4177 ], [ -73.7137, -0.3826 ], [ -73.7348, -0.3816 ], [ -73.7634, -0.4075 ], [ -73.8185, -0.4112 ], [ -73.8814, -0.3699 ], [ -74.0072, -0.3406 ], [ -74.0384, -0.3061 ], [ -74.0447, -0.2748 ], [ -74.0818, -0.2798 ], [ -74.1116, -0.2351 ], [ -74.1347, -0.2336 ], [ -74.1582, -0.2631 ], [ -74.1814, -0.2639 ], [ -74.2003, -0.2098 ], [ -74.2176, -0.2101 ], [ -74.2232, -0.2341 ], [ -74.234, -0.2376 ], [ -74.2882, -0.2023 ], [ -74.2878, -0.1783 ], [ -74.265, -0.1574 ], [ -74.2655, -0.1444 ], [ -74.2781, -0.1394 ], [ -74.3063, -0.146 ], [ -74.3419, -0.1097 ], [ -74.4019, -0.1143 ], [ -74.4463, -0.1396 ], [ -74.4472, -0.1291 ], [ -74.4265, -0.1125 ], [ -74.4234, -0.098 ], [ -74.4361, -0.0782 ], [ -74.4544, -0.0708 ], [ -74.4748, -0.1303 ], [ -74.4932, -0.1379 ], [ -74.5083, -0.1269 ], [ -74.5066, -0.1033 ], [ -74.519, -0.0886 ], [ -74.5347, -0.0951 ], [ -74.524, -0.1162 ], [ -74.5302, -0.126 ], [ -74.6318, -0.0885 ], [ -74.6171, -0.0687 ], [ -74.6231, -0.0492 ], [ -74.6464, -0.0384 ], [ -74.6714, -0.0601 ], [ -74.6816, -0.055 ], [ -74.6609, -0.0372 ], [ -74.6564, -0.0116 ], [ -74.695, 0.0238 ], [ -74.7045, 0.042 ], [ -74.6764, 0.0447 ], [ -74.6598, 0.0566 ], [ -74.656, 0.0722 ], [ -74.6707, 0.0827 ], [ -74.6983, 0.079 ], [ -74.7125, 0.0916 ], [ -74.7094, 0.098 ], [ -74.6926, 0.088 ], [ -74.6803, 0.092 ], [ -74.6728, 0.1152 ], [ -74.6783, 0.1617 ], [ -74.7077, 0.1937 ], [ -74.7451, 0.2109 ], [ -74.8419, 0.2133 ], [ -74.8969, 0.2504 ], [ -74.9604, 0.2427 ], [ -75.0039, 0.2732 ], [ -75.0106, 0.2915 ], [ -74.9852, 0.302 ], [ -74.9799, 0.3146 ], [ -75.0071, 0.3423 ], [ -75.0166, 0.3829 ], [ -74.9846, 0.4 ], [ -74.9862, 0.4185 ], [ -75.0058, 0.4385 ], [ -75.0186, 0.4728 ], [ -75.0339, 0.4843 ], [ -75.1059, 0.4738 ], [ -75.094, 0.4981 ], [ -75.1012, 0.5119 ], [ -75.1197, 0.5101 ], [ -75.1553, 0.4809 ], [ -75.1822, 0.4867 ], [ -75.2019, 0.4795 ], [ -75.2177, 0.4875 ], [ -75.1985, 0.5047 ], [ -75.2248, 0.5354 ], [ -75.2355, 0.5718 ], [ -75.2127, 0.5879 ], [ -75.2073, 0.6015 ], [ -75.2312, 0.6461 ], [ -75.2762, 0.6674 ], [ -75.2571, 0.7034 ], [ -75.2656, 0.7256 ], [ -75.2975, 0.7295 ], [ -75.3053, 0.7452 ], [ -75.3244, 0.7462 ], [ -75.3412, 0.7695 ], [ -75.3598, 0.7504 ], [ -75.3829, 0.7546 ], [ -75.4031, 0.7387 ], [ -75.423, 0.7386 ], [ -75.4687, 0.7588 ], [ -75.4844, 0.7853 ], [ -75.5029, 0.7673 ] ] ] } },
{ "type": "Feature", "properties": { "DPTO_CCDGO": "19", "DPTO_CNMBR": "CAUCA", "REGION": "Pacifico" }, "geometry": { "type": "Polygon", "coordinates": [ [ [ -77.1376, 1.6549 ], [ -77.1437, 1.6778 ], [ -77.1346, 1.6775 ], [ -77.151, 1.6856 ], [ -77.1621, 1.6758 ], [ -77.1918, 1.6775 ], [ -77.2433, 1.6573 ], [ -77.2563, 1.6708 ], [ -77.2752, 1.6622 ], [ -77.2817, 1.6737 ], [ -77.2975, 1.6697 ], [ -77.3309, 1.6815 ], [ -77.2947, 1.766 ], [ -77.3101, 1.8042 ], [ -77.2952, 1.8189 ], [ -77.2892, 1.849 ], [ -77.2803, 1.8509 ], [ -77.2785, 1.8622 ], [ -77.2557, 1.8697 ], [ -77.2435, 1.8875 ], [ -77.245, 1.9121 ], [ -77.2184, 1.917 ], [ -77.2196, 1.9345 ], [ -77.2106, 1.9356 ], [ -77.1998, 1.9519 ], [ -77.2206, 1.9882 ], [ -77.2593, 1.9941 ], [ -77.2795, 2.0208 ], [ -77.303, 2.027 ], [ -77.3062, 2.0361 ], [ -77.3335, 2.0514 ], [ -77.3079, 2.106 ], [ -77.3111, 2.142 ], [ -77.3054, 2.1458 ], [ -77.318, 2.1818 ], [ -77.3078, 2.1962 ], [ -77.3167, 2.2007 ], [ -77.3231, 2.222 ], [ -77.3556, 2.2603 ], [ -77.3768, 2.2663 ], [ -77.3811, 2.2566 ], [ -77.4323, 2.2818 ], [ -77.4603, 2.2859 ], [ -77.479, 2.2737 ], [ -77.4723, 2.2413 ], [ -77.4877, 2.2161 ], [ -77.4879, 2.1953 ], [ -77.5562, 2.2025 ], [ -77.5742, 2.1807 ], [ -77.6036, 2.1647 ], [ -77.6456, 2.1685 ], [ -77.6646, 2.1579 ], [ -77.6985, 2.1536 ], [ -77.7338, 2.134 ], [ -77.7806, 2.1484 ], [ -77.8073, 2.1738 ], [ -77.8411, 2.1802 ], [ -77.8532, 2.2054 ], [ -77.8479, 2.2606 ], [ -77.8627, 2.2706 ], [ -77.8784, 2.3044 ], [ -77.8832, 2.3527 ], [ -77.9188, 2.4167 ], [ -77.9256, 2.5104 ], [ -77.9147, 2.5438 ], [ -77.9155, 2.5937 ], [ -77.9283, 2.6404 ], [ -77.9064, 2.6458 ], [ -77.9142, 2.6641 ], [ -77.9071, 2.6811 ], [ -77.8731, 2.6975 ], [ -77.8456, 2.6915 ], [ -77.8449, 2.7029 ], [ -77.8367, 2.7043 ], [ -77.8078, 2.685 ], [ -77.779, 2.6888 ], [ -77.7941, 2.7009 ], [ -77.7898, 2.7278 ], [ -77.8006, 2.7292 ], [ -77.7938, 2.7567 ], [ -77.7506, 2.7641 ], [ -77.736, 2.7875 ], [ -77.7639, 2.7966 ], [ -77.7378, 2.8227 ], [ -77.716, 2.8312 ], [ -77.6941, 2.8875 ], [ -77.6985, 2.8979 ], [ -77.6867, 2.9039 ], [ -77.6925, 2.9131 ], [ -77.6703, 2.9478 ], [ -77.6667, 2.9842 ], [ -77.6816, 2.9916 ], [ -77.702, 2.9725 ], [ -77.6849, 2.9947 ], [ -77.6908, 3.0008 ], [ -77.6533, 3.065 ], [ -77.6261, 3.0776 ], [ -77.5732, 3.1444 ], [ -77.5435, 3.213 ], [ -77.5153, 3.1874 ], [ -77.5049, 3.1872 ], [ -77.4972, 3.1908 ], [ -77.4977, 3.2164 ], [ -77.4808, 3.209 ], [ -77.4665, 3.2165 ], [ -77.4695, 3.2245 ], [ -77.462, 3.2273 ], [ -77.4707, 3.237 ], [ -77.4552, 3.2335 ], [ -77.4517, 3.2432 ], [ -77.4313, 3.2539 ], [ -77.4035, 3.2132 ], [ -77.3924, 3.2138 ], [ -77.3821, 3.2034 ], [ -77.3839, 3.1774 ], [ -77.3654, 3.166 ], [ -77.3658, 3.1465 ], [ -77.3462, 3.1402 ], [ -77.3172, 3.1742 ], [ -77.2909, 3.1571 ], [ -77.2799, 3.1594 ], [ -77.2781, 3.1492 ], [ -77.2885, 3.1471 ], [ -77.2883, 3.1386 ], [ -77.2788, 3.1395 ], [ -77.2772, 3.1309 ], [ -77.2719, 3.141 ], [ -77.2616, 3.1351 ], [ -77.2523, 3.1152 ], [ -77.2447, 3.1263 ], [ -77.2444, 3.1154 ], [ -77.2345, 3.1081 ], [ -77.2347, 3.1158 ], [ -77.2277, 3.1115 ], [ -77.2162, 3.1204 ], [ -77.2171, 3.136 ], [ -77.2026, 3.1341 ], [ -77.1999, 3.1441 ], [ -77.1926, 3.1403 ], [ -77.1727, 3.1653 ], [ -77.1588, 3.1651 ], [ -77.1593, 3.1743 ], [ -77.1387, 3.1716 ], [ -77.1296, 3.1612 ], [ -77.0984, 3.186 ], [ -77.0639, 3.1692 ], [ -76.9968, 3.1548 ], [ -76.9719, 3.1188 ], [ -76.9389, 3.1138 ], [ -76.9262, 3.1277 ], [ -76.926, 3.1426 ], [ -76.9155, 3.1495 ], [ -76.908, 3.2014 ], [ -76.8639, 3.2126 ], [ -76.8102, 3.2074 ], [ -76.789, 3.2179 ], [ -76.7831, 3.2307 ], [ -76.7692, 3.2313 ], [ -76.7529, 3.2099 ], [ -76.7586, 3.2005 ], [ -76.7392, 3.1861 ], [ -76.7495, 3.1451 ], [ -76.7238, 3.1184 ], [ -76.6997, 3.1202 ], [ -76.6778, 3.1 ], [ -76.665, 3.0987 ], [ -76.6507, 3.1021 ], [ -76.6298, 3.1284 ], [ -76.6219, 3.1159 ], [ -76.6243, 3.1021 ], [ -76.6101, 3.0912 ], [ -76.593, 3.0936 ], [ -76.5988, 3.1051 ], [ -76.5908, 3.1023 ], [ -76.5901, 3.1164 ], [ -76.5745, 3.1153 ], [ -76.5787, 3.1251 ], [ -76.5724, 3.1288 ], [ -76.5635, 3.1075 ], [ -76.5566, 3.1072 ], [ -76.5578, 3.1021 ], [ -76.538, 3.1087 ], [ -76.5309, 3.1236 ], [ -76.5271, 3.1157 ], [ -76.5136, 3.1203 ], [ -76.5328, 3.1354 ], [ -76.5182, 3.1341 ], [ -76.5208, 3.1434 ], [ -76.5141, 3.1455 ], [ -76.5216, 3.1488 ], [ -76.5095, 3.1503 ], [ -76.5033, 3.137 ], [ -76.5005, 3.1489 ], [ -76.508, 3.1564 ], [ -76.4956, 3.166 ], [ -76.4963, 3.1754 ], [ -76.4872, 3.173 ], [ -76.491, 3.1975 ], [ -76.4988, 3.1982 ], [ -76.4914, 3.2168 ], [ -76.4851, 3.2131 ], [ -76.4795, 3.2223 ], [ -76.4733, 3.2161 ], [ -76.4654, 3.2275 ], [ -76.4773, 3.2326 ], [ -76.4751, 3.2447 ], [ -76.4666, 3.2397 ], [ -76.4711, 3.2484 ], [ -76.4621, 3.2492 ], [ -76.4756, 3.2577 ], [ -76.463, 3.2522 ], [ -76.46, 3.2592 ], [ -76.4421, 3.2308 ], [ -76.4616, 3.2673 ], [ -76.4718, 3.2708 ], [ -76.4742, 3.2807 ], [ -76.4852, 3.2794 ], [ -76.4757, 3.2881 ], [ -76.4941, 3.2914 ], [ -76.4891, 3.305 ], [ -76.4774, 3.294 ], [ -76.4784, 3.3193 ], [ -76.4685, 3.3107 ], [ -76.4604, 3.3289 ], [ -76.4058, 3.2983 ], [ -76.3227, 3.2802 ], [ -76.2924, 3.2862 ], [ -76.2765, 3.2766 ], [ -76.2628, 3.2822 ], [ -76.2293, 3.2768 ], [ -76.2063, 3.2581 ], [ -76.1913, 3.2271 ], [ -76.1564, 3.236 ], [ -76.1459, 3.2226 ], [ -76.109, 3.2276 ], [ -76.0678, 3.2105 ], [ -76.0557, 3.2232 ], [ -76.052, 3.2181 ], [ -76.0686, 3.1954 ], [ -76.084, 3.2037 ], [ -76.0915, 3.1983 ], [ -76.0919, 3.176 ], [ -76.0779, 3.1647 ], [ -76.0843, 3.1575 ], [ -76.0858, 3.1634 ], [ -76.0859, 3.1545 ], [ -76.0727, 3.1403 ], [ -76.0738, 3.1222 ], [ -76.1057, 3.1068 ], [ -76.1062, 3.0879 ], [ -76.1035, 3.0961 ], [ -76.0854, 3.091 ], [ -76.0732, 3.0773 ], [ -76.0672, 3.0459 ], [ -76.0769, 3.0434 ], [ -76.0449, 3.0431 ], [ -76.0413, 3.0159 ], [ -76.0208, 3.0039 ], [ -76.029, 2.9405 ], [ -75.8952, 2.8554 ], [ -75.8792, 2.8338 ], [ -75.8456, 2.843 ], [ -75.8254, 2.8382 ], [ -75.8056, 2.8191 ], [ -75.8118, 2.779 ], [ -75.8058, 2.7683 ], [ -75.7898, 2.7584 ], [ -75.7802, 2.7618 ], [ -75.751, 2.7422 ], [ -75.7478, 2.7192 ], [ -75.7573, 2.6819 ], [ -75.7891, 2.6582 ], [ -75.791, 2.6304 ], [ -75.81, 2.6002 ], [ -75.8245, 2.5908 ], [ -75.8399, 2.5595 ], [ -75.8335, 2.5521 ], [ -75.8367, 2.5392 ], [ -75.8193, 2.5197 ], [ -75.8227, 2.4947 ], [ -75.8141, 2.4836 ], [ -75.8428, 2.4666 ], [ -75.8364, 2.4609 ], [ -75.8487, 2.4586 ], [ -75.8461, 2.4511 ], [ -75.8532, 2.4548 ], [ -75.8638, 2.4262 ], [ -75.8745, 2.4263 ], [ -75.8728, 2.4317 ], [ -75.8875, 2.4251 ], [ -75.8886, 2.4342 ], [ -75.9176, 2.457 ], [ -75.9157, 2.4712 ], [ -75.924, 2.4812 ], [ -75.9583, 2.4904 ], [ -75.9623, 2.5002 ], [ -75.9796, 2.5034 ], [ -75.9892, 2.4788 ], [ -76.022, 2.4434 ], [ -76.0322, 2.4031 ], [ -76.0892, 2.4159 ], [ -76.1232, 2.3817 ], [ -76.1761, 2.3568 ], [ -76.1261, 2.38 ], [ -76.1465, 2.294 ], [ -76.1211, 2.2248 ], [ -76.1362, 2.221 ], [ -76.1535, 2.1988 ], [ -76.197, 2.1955 ], [ -76.2195, 2.2076 ], [ -76.2755, 2.2706 ], [ -76.2991, 2.2825 ], [ -76.3557, 2.2707 ], [ -76.3738, 2.2791 ], [ -76.3851, 2.2685 ], [ -76.4047, 2.2005 ], [ -76.4343, 2.1873 ], [ -76.4375, 2.1611 ], [ -76.4243, 2.1317 ], [ -76.4309, 2.1204 ], [ -76.4674, 2.1 ], [ -76.4874, 2.1291 ], [ -76.5032, 2.1262 ], [ -76.5134, 2.1353 ], [ -76.5542, 2.1392 ], [ -76.5906, 2.107 ], [ -76.5773, 2.0567 ], [ -76.5863, 2.0401 ], [ -76.5842, 2.032 ], [ -76.5738, 2.0299 ], [ -76.5788, 2.0022 ], [ -76.5929, 2.0054 ], [ -76.6107, 1.995 ], [ -76.6242, 1.9745 ], [ -76.622, 1.9587 ], [ -76.6105, 1.9467 ], [ -76.6193, 1.9265 ], [ -76.595, 1.92 ], [ -76.5788, 1.8981 ], [ -76.5921, 1.8814 ], [ -76.5978, 1.8494 ], [ -76.5927, 1.8668 ], [ -76.5304, 1.8235 ], [ -76.5113, 1.8335 ], [ -76.4351, 1.7918 ], [ -76.4209, 1.7561 ], [ -76.4303, 1.7398 ], [ -76.4185, 1.7171 ], [ -76.3826, 1.7468 ], [ -76.3719, 1.7425 ], [ -76.3823, 1.6692 ], [ -76.3767, 1.6639 ], [ -76.3635, 1.6699 ], [ -76.3483, 1.6618 ], [ -76.3256, 1.6631 ], [ -76.3172, 1.6837 ], [ -76.305, 1.69 ], [ -76.2723, 1.6745 ], [ -76.2532, 1.674 ], [ -76.2423, 1.6831 ], [ -76.2116, 1.6407 ], [ -76.2119, 1.6065 ], [ -76.1996, 1.5867 ], [ -76.1989, 1.5751 ], [ -76.1831, 1.5738 ], [ -76.1679, 1.5863 ], [ -76.1522, 1.5625 ], [ -76.1563, 1.5537 ], [ -76.1492, 1.5369 ], [ -76.1838, 1.4882 ], [ -76.1865, 1.4596 ], [ -76.1785, 1.4598 ], [ -76.1758, 1.4511 ], [ -76.1927, 1.4211 ], [ -76.2012, 1.4223 ], [ -76.1956, 1.4099 ], [ -76.2034, 1.3541 ], [ -76.223, 1.3379 ], [ -76.2141, 1.3206 ], [ -76.2246, 1.3232 ], [ -76.2324, 1.308 ], [ -76.2464, 1.3013 ], [ -76.2537, 1.2759 ], [ -76.2768, 1.2647 ], [ -76.3031, 1.2362 ], [ -76.3062, 1.2286 ], [ -76.2895, 1.206 ], [ -76.3027, 1.1767 ], [ -76.2927, 1.179 ], [ -76.2851, 1.1712 ], [ -76.2805, 1.1379 ], [ -76.2601, 1.1225 ], [ -76.2336, 1.1227 ], [ -76.2148, 1.1083 ], [ -76.2136, 1.1164 ], [ -76.2037, 1.1158 ], [ -76.1838, 1.1048 ], [ -76.1648, 1.1067 ], [ -76.1597, 1.1162 ], [ -76.1478, 1.0995 ], [ -76.1236, 1.1008 ], [ -76.1241, 1.0876 ], [ -76.103, 1.0787 ], [ -76.1013, 1.0685 ], [ -76.0809, 1.0651 ], [ -76.0935, 1.0502 ], [ -76.0814, 1.0453 ], [ -76.0749, 1.0284 ], [ -76.0902, 1.0191 ], [ -76.104, 1.0252 ], [ -76.1253, 1.0066 ], [ -76.1669, 1.0301 ], [ -76.1837, 1.0261 ], [ -76.1831, 1.0132 ], [ -76.1928, 1.0097 ], [ -76.2033, 1.0178 ], [ -76.2088, 1.0054 ], [ -76.2043, 1.0001 ], [ -76.1927, 1.0063 ], [ -76.1906, 0.9934 ], [ -76.205, 0.9798 ], [ -76.2364, 0.982 ], [ -76.2357, 0.9645 ], [ -76.2499, 0.9814 ], [ -76.2667, 0.9694 ], [ -76.276, 0.9837 ], [ -76.2949, 0.9614 ], [ -76.3122, 0.9658 ], [ -76.3288, 0.958 ], [ -76.3351, 0.9806 ], [ -76.3446, 0.9754 ], [ -76.3707, 0.9839 ], [ -76.3835, 0.9751 ], [ -76.4017, 0.9799 ], [ -76.4096, 0.9623 ], [ -76.4264, 0.9606 ], [ -76.4453, 0.9696 ], [ -76.4454, 0.9812 ], [ -76.4664, 0.9985 ], [ -76.4838, 1.005 ], [ -76.4935, 1.0282 ], [ -76.545, 1.0377 ], [ -76.5557, 1.0694 ], [ -76.5638, 1.0734 ], [ -76.5609, 1.0847 ], [ -76.5682, 1.0827 ], [ -76.5614, 1.0953 ], [ -76.5678, 1.1041 ], [ -76.5534, 1.1127 ], [ -76.5465, 1.1329 ], [ -76.5509, 1.1419 ], [ -76.5374, 1.2103 ], [ -76.5657, 1.2385 ], [ -76.5738, 1.2827 ], [ -76.586, 1.3006 ], [ -76.571, 1.328 ], [ -76.5843, 1.3435 ], [ -76.5774, 1.3487 ], [ -76.574, 1.3858 ], [ -76.5919, 1.3912 ], [ -76.6133, 1.4233 ], [ -76.6329, 1.4301 ], [ -76.6457, 1.4554 ], [ -76.6766, 1.4662 ], [ -76.6972, 1.444 ], [ -76.7796, 1.4099 ], [ -76.8005, 1.4083 ], [ -76.8724, 1.3709 ], [ -76.8868, 1.3718 ], [ -76.9146, 1.3418 ], [ -76.9318, 1.3858 ], [ -76.9183, 1.4297 ], [ -76.9289, 1.5005 ], [ -76.9127, 1.5005 ], [ -76.8876, 1.523 ], [ -76.8609, 1.5209 ], [ -76.8514, 1.5345 ], [ -76.8575, 1.564 ], [ -76.8337, 1.6097 ], [ -76.8525, 1.6319 ], [ -76.8485, 1.6645 ], [ -76.853, 1.6359 ], [ -76.9021, 1.6624 ], [ -76.9361, 1.729 ], [ -76.9606, 1.7221 ], [ -76.9681, 1.7124 ], [ -76.9884, 1.7148 ], [ -76.9983, 1.7073 ], [ -77.0294, 1.7152 ], [ -77.0271, 1.7127 ], [ -77.0456, 1.6978 ], [ -77.0569, 1.6991 ], [ -77.0723, 1.669 ], [ -77.1376, 1.6549 ] ] ] } },
{ "type": "Feature", "properties": { "DPTO_CCDGO": "20", "DPTO_CNMBR": "CESAR", "REGION": "Caribe" }, "geometry": { "type": "Polygon", "coordinates": [ [ [ -73.799, 9.0593 ], [ -73.8611, 9.1092 ], [ -73.8753, 9.1305 ], [ -73.8755, 9.146 ], [ -73.8619, 9.1706 ], [ -73.8666, 9.183 ], [ -73.8789, 9.1858 ], [ -73.8928, 9.1736 ], [ -73.962, 9.1877 ], [ -73.9559, 9.1962 ], [ -73.9657, 9.2178 ], [ -73.9495, 9.2374 ], [ -73.9428, 9.2896 ], [ -73.9891, 9.3167 ], [ -73.9832, 9.3848 ], [ -73.9712, 9.3915 ], [ -74.0083, 9.3989 ], [ -74.0236, 9.4179 ], [ -74.0524, 9.4268 ], [ -74.0974, 9.4767 ], [ -74.1208, 9.4801 ], [ -74.1392, 9.4938 ], [ -74.1036, 9.518 ], [ -74.0952, 9.5361 ], [ -74.0659, 9.5678 ], [ -74.0537, 9.5668 ], [ -74.0367, 9.5913 ], [ -74.004, 9.5954 ], [ -73.9893, 9.5798 ], [ -73.9187, 9.6056 ], [ -73.9098, 9.6018 ], [ -73.8934, 9.6164 ], [ -73.8823, 9.614 ], [ -73.8794, 9.6009 ], [ -73.8679, 9.601 ], [ -73.8024, 9.6341 ], [ -73.8082, 9.6422 ], [ -73.8104, 9.6965 ], [ -73.839, 9.731 ], [ -73.8274, 9.7529 ], [ -73.838, 9.7848 ], [ -73.8527, 9.8076 ], [ -73.8694, 9.8167 ], [ -73.8744, 9.8127 ], [ -73.8862, 9.8334 ], [ -73.895, 9.8321 ], [ -73.9044, 9.8613 ], [ -73.9229, 9.8769 ], [ -73.937, 9.9067 ], [ -73.9501, 9.9135 ], [ -73.9527, 9.9269 ], [ -74.0018, 9.9402 ], [ -74.0118, 9.9761 ], [ -74.0248, 9.9827 ], [ -74.0356, 10.0052 ], [ -74.0511, 10.0103 ], [ -74.0618, 10.0416 ], [ -74.0844, 10.0731 ], [ -74.0674, 10.0978 ], [ -74.0744, 10.1201 ], [ -74.0604, 10.1404 ], [ -74.0657, 10.1665 ], [ -74.0389, 10.2015 ], [ -74.0408, 10.2199 ], [ -74.0104, 10.2363 ], [ -74.0123, 10.2523 ], [ -74.0007, 10.2657 ], [ -73.9651, 10.2881 ], [ -73.9577, 10.3097 ], [ -73.9633, 10.3158 ], [ -73.9555, 10.3261 ], [ -73.9614, 10.3365 ], [ -73.9329, 10.3552 ], [ -73.9329, 10.3658 ], [ -73.8936, 10.3907 ], [ -73.8674, 10.3946 ], [ -73.8566, 10.3879 ], [ -73.8428, 10.4009 ], [ -73.8292, 10.3998 ], [ -73.8181, 10.3851 ], [ -73.8065, 10.3964 ], [ -73.7917, 10.3923 ], [ -73.7767, 10.3502 ], [ -73.79, 10.397 ], [ -73.779, 10.3962 ], [ -73.7405, 10.4359 ], [ -73.7042, 10.4301 ], [ -73.7033, 10.4636 ], [ -73.6593, 10.4554 ], [ -73.6439, 10.4685 ], [ -73.6532, 10.4769 ], [ -73.6398, 10.5008 ], [ -73.6295, 10.4946 ], [ -73.6015, 10.5006 ], [ -73.5924, 10.4938 ], [ -73.5844, 10.5019 ], [ -73.5631, 10.5038 ], [ -73.5705, 10.5418 ], [ -73.5905, 10.5491 ], [ -73.5978, 10.5623 ], [ -73.6134, 10.5642 ], [ -73.5997, 10.5755 ], [ -73.5942, 10.6004 ], [ -73.6012, 10.614 ], [ -73.5971, 10.6379 ], [ -73.6169, 10.6447 ], [ -73.613, 10.6664 ], [ -73.5858, 10.7148 ], [ -73.5629, 10.7162 ], [ -73.5623, 10.7409 ], [ -73.5419, 10.7547 ], [ -73.5737, 10.7665 ], [ -73.5888, 10.7816 ], [ -73.6387, 10.7878 ], [ -73.6352, 10.8079 ], [ -73.5961, 10.8374 ], [ -73.5619, 10.8471 ], [ -73.5198, 10.8477 ], [ -73.4794, 10.8672 ], [ -73.3937, 10.8675 ], [ -73.3732, 10.8581 ], [ -73.3375, 10.8624 ], [ -73.3128, 10.846 ], [ -73.2901, 10.8624 ], [ -73.2798, 10.8569 ], [ -73.2779, 10.8479 ], [ -73.2653, 10.8452 ], [ -73.2513, 10.8043 ], [ -73.2598, 10.7848 ], [ -73.2524, 10.7704 ], [ -73.2685, 10.7533 ], [ -73.2779, 10.7261 ], [ -73.2215, 10.7338 ], [ -73.2079, 10.7059 ], [ -73.1628, 10.7099 ], [ -73.1361, 10.685 ], [ -73.1154, 10.6808 ], [ -73.1121, 10.6676 ], [ -73.0828, 10.6503 ], [ -73.0763, 10.6362 ], [ -73.0888, 10.6155 ], [ -73.0851, 10.591 ], [ -73.1001, 10.5773 ], [ -73.0988, 10.5498 ], [ -73.1234, 10.5271 ], [ -73.1376, 10.5303 ], [ -73.1395, 10.5142 ], [ -73.1495, 10.5081 ], [ -73.1449, 10.4995 ], [ -73.1561, 10.4977 ], [ -73.1605, 10.488 ], [ -73.168, 10.4922 ], [ -73.164, 10.4845 ], [ -73.1751, 10.481 ], [ -73.1706, 10.4734 ], [ -73.1816, 10.4665 ], [ -73.1779, 10.4562 ], [ -73.1694, 10.4618 ], [ -73.1423, 10.4368 ], [ -73.1443, 10.3981 ], [ -73.1155, 10.3912 ], [ -73.1284, 10.3988 ], [ -73.0848, 10.4263 ], [ -73.0369, 10.4035 ], [ -73.0162, 10.4118 ], [ -72.9869, 10.4005 ], [ -72.9425, 10.427 ], [ -72.8996, 10.4344 ], [ -72.8942, 10.4114 ], [ -72.8997, 10.3989 ], [ -72.8876, 10.3941 ], [ -72.8858, 10.3846 ], [ -72.8924, 10.3638 ], [ -72.91, 10.3543 ], [ -72.9065, 10.3232 ], [ -72.8961, 10.3111 ], [ -72.9066, 10.2662 ], [ -72.8972, 10.2179 ], [ -72.9093, 10.2051 ], [ -72.9082, 10.1756 ], [ -72.922, 10.138 ], [ -72.9116, 10.1121 ], [ -72.922, 10.1083 ], [ -72.9257, 10.0922 ], [ -72.9547, 10.066 ], [ -72.9529, 10.0268 ], [ -72.9842, 9.9745 ], [ -72.9806, 9.9589 ], [ -72.9989, 9.92 ], [ -73.0059, 9.916 ], [ -72.9815, 9.9163 ], [ -72.9887, 9.8986 ], [ -72.9772, 9.889 ], [ -72.993, 9.8764 ], [ -72.9721, 9.8681 ], [ -72.9709, 9.8547 ], [ -72.9435, 9.8431 ], [ -72.9944, 9.7834 ], [ -73.0059, 9.7412 ], [ -73.0521, 9.6838 ], [ -73.0581, 9.651 ], [ -73.0783, 9.6121 ], [ -73.0677, 9.6068 ], [ -73.0813, 9.5857 ], [ -73.0847, 9.5565 ], [ -73.137, 9.5498 ], [ -73.1767, 9.5011 ], [ -73.174, 9.4797 ], [ -73.1982, 9.4758 ], [ -73.203, 9.4669 ], [ -73.1868, 9.4482 ], [ -73.2074, 9.4237 ], [ -73.2212, 9.4244 ], [ -73.2408, 9.4035 ], [ -73.2454, 9.3838 ], [ -73.2612, 9.3697 ], [ -73.2593, 9.3455 ], [ -73.2701, 9.3235 ], [ -73.2827, 9.3232 ], [ -73.2887, 9.3148 ], [ -73.2984, 9.2667 ], [ -73.3165, 9.2479 ], [ -73.3333, 9.2128 ], [ -73.3562, 9.2156 ], [ -73.3717, 9.1581 ], [ -73.3823, 9.1526 ], [ -73.4044, 9.1626 ], [ -73.4247, 9.1222 ], [ -73.4295, 9.1024 ], [ -73.4165, 9.0839 ], [ -73.4119, 9.0527 ], [ -73.4228, 9.0135 ], [ -73.4339, 9.001 ], [ -73.491, 8.9821 ], [ -73.4364, 8.9999 ], [ -73.4397, 8.9753 ], [ -73.4302, 8.9188 ], [ -73.4374, 8.91 ], [ -73.4257, 8.8996 ], [ -73.4348, 8.8707 ], [ -73.4473, 8.8709 ], [ -73.4454, 8.8544 ], [ -73.4298, 8.8345 ], [ -73.4305, 8.822 ], [ -73.4119, 8.7833 ], [ -73.4161, 8.7625 ], [ -73.4403, 8.7607 ], [ -73.4627, 8.7453 ], [ -73.4718, 8.7075 ], [ -73.505, 8.6885 ], [ -73.5215, 8.6582 ], [ -73.5216, 8.6383 ], [ -73.5522, 8.6074 ], [ -73.542, 8.5882 ], [ -73.5472, 8.5643 ], [ -73.515, 8.529 ], [ -73.5318, 8.5279 ], [ -73.5546, 8.507 ], [ -73.5761, 8.5064 ], [ -73.5922, 8.4869 ], [ -73.5762, 8.5058 ], [ -73.5689, 8.4978 ], [ -73.5762, 8.4918 ], [ -73.5614, 8.4913 ], [ -73.5593, 8.4795 ], [ -73.5477, 8.4714 ], [ -73.5228, 8.4829 ], [ -73.4777, 8.4701 ], [ -73.4733, 8.4468 ], [ -73.53, 8.3808 ], [ -73.4882, 8.384 ], [ -73.4561, 8.3614 ], [ -73.4595, 8.3483 ], [ -73.4418, 8.3409 ], [ -73.4342, 8.3654 ], [ -73.426, 8.3606 ], [ -73.4107, 8.3682 ], [ -73.4063, 8.3615 ], [ -73.4113, 8.3692 ], [ -73.3932, 8.3821 ], [ -73.4018, 8.3899 ], [ -73.399, 8.4177 ], [ -73.4094, 8.4264 ], [ -73.4144, 8.4593 ], [ -73.3704, 8.4591 ], [ -73.3431, 8.4366 ], [ -73.3393, 8.4194 ], [ -73.3515, 8.3982 ], [ -73.3507, 8.3311 ], [ -73.36, 8.3269 ], [ -73.363, 8.331 ], [ -73.3613, 8.3271 ], [ -73.3767, 8.316 ], [ -73.3741, 8.2658 ], [ -73.4051, 8.2466 ], [ -73.407, 8.2123 ], [ -73.4168, 8.1886 ], [ -73.4291, 8.1794 ], [ -73.4348, 8.1528 ], [ -73.4327, 8.1402 ], [ -73.3943, 8.1093 ], [ -73.3776, 8.1055 ], [ -73.367, 8.0126 ], [ -73.3324, 8.0216 ], [ -73.3235, 8.0141 ], [ -73.3099, 8.0159 ], [ -73.2978, 7.9846 ], [ -73.4062, 7.9176 ], [ -73.2817, 7.9925 ], [ -73.2786, 7.9362 ], [ -73.3026, 7.9227 ], [ -73.3035, 7.9065 ], [ -73.3334, 7.9073 ], [ -73.3518, 7.8922 ], [ -73.3555, 7.8604 ], [ -73.3468, 7.8485 ], [ -73.343, 7.8124 ], [ -73.3525, 7.7925 ], [ -73.391, 7.7548 ], [ -73.4077, 7.7191 ], [ -73.4393, 7.6965 ], [ -73.4627, 7.6923 ], [ -73.4908, 7.6744 ], [ -73.5081, 7.682 ], [ -73.5218, 7.7074 ], [ -73.5517, 7.7121 ], [ -73.5589, 7.7283 ], [ -73.5882, 7.7413 ], [ -73.6343, 7.7492 ], [ -73.7584, 7.751 ], [ -73.7619, 7.7714 ], [ -73.7406, 7.7767 ], [ -73.7374, 7.785 ], [ -73.7509, 7.803 ], [ -73.7512, 7.8197 ], [ -73.7436, 7.8308 ], [ -73.7248, 7.8346 ], [ -73.7251, 7.8488 ], [ -73.6929, 7.8716 ], [ -73.6898, 7.8841 ], [ -73.6706, 7.8929 ], [ -73.6778, 7.9138 ], [ -73.6744, 7.9417 ], [ -73.6839, 7.9397 ], [ -73.6829, 7.9517 ], [ -73.6971, 7.9506 ], [ -73.7084, 7.9698 ], [ -73.7236, 7.9678 ], [ -73.7196, 7.9837 ], [ -73.7279, 7.9859 ], [ -73.7192, 7.9896 ], [ -73.7272, 7.991 ], [ -73.7204, 7.999 ], [ -73.7252, 8.0085 ], [ -73.7075, 7.9906 ], [ -73.7371, 8.0237 ], [ -73.7337, 8.0351 ], [ -73.7498, 8.0443 ], [ -73.7425, 8.0512 ], [ -73.7638, 8.0628 ], [ -73.7733, 8.0922 ], [ -73.7909, 8.1057 ], [ -73.7758, 8.1032 ], [ -73.7696, 8.1165 ], [ -73.7758, 8.1376 ], [ -73.7712, 8.1546 ], [ -73.7796, 8.2081 ], [ -73.7622, 8.2603 ], [ -73.7503, 8.2719 ], [ -73.7603, 8.2999 ], [ -73.7467, 8.3169 ], [ -73.7576, 8.3342 ], [ -73.7485, 8.3627 ], [ -73.7487, 8.4451 ], [ -73.743, 8.4499 ], [ -73.7467, 8.4492 ], [ -73.7469, 8.4659 ], [ -73.7799, 8.5119 ], [ -73.7749, 8.5606 ], [ -73.8168, 8.6329 ], [ -73.8203, 8.6619 ], [ -73.809, 8.6952 ], [ -73.8159, 8.7205 ], [ -73.8103, 8.7332 ], [ -73.7892, 8.7515 ], [ -73.7776, 8.7375 ], [ -73.7948, 8.7669 ], [ -73.7963, 8.8186 ], [ -73.86, 8.8787 ], [ -73.8716, 8.9007 ], [ -73.8657, 8.9418 ], [ -73.8321, 8.9794 ], [ -73.8258, 9.0227 ], [ -73.8082, 9.0281 ], [ -73.811, 9.0372 ], [ -73.8027, 9.0365 ], [ -73.8097, 9.0448 ], [ -73.7964, 9.0459 ], [ -73.799, 9.0593 ] ] ] } },
{ "type": "Feature", "properties": { "DPTO_CCDGO": "23", "DPTO_CNMBR": "CÓRDOBA", "REGION": "Caribe" }, "geometry": { "type": "Polygon", "coordinates": [ [ [ -75.6806, 7.5851 ], [ -75.7119, 7.5813 ], [ -75.7481, 7.6135 ], [ -75.7653, 7.6019 ], [ -75.7609, 7.5773 ], [ -75.7739, 7.5649 ], [ -75.7764, 7.5449 ], [ -75.7668, 7.5291 ], [ -75.7873, 7.5122 ], [ -75.7751, 7.5014 ], [ -75.7878, 7.4598 ], [ -75.8012, 7.4464 ], [ -75.8251, 7.4422 ], [ -75.8275, 7.426 ], [ -75.8177, 7.4158 ], [ -75.8321, 7.4021 ], [ -75.8337, 7.3713 ], [ -75.8455, 7.3471 ], [ -76.3839, 7.3923 ], [ -76.4163, 7.4185 ], [ -76.4388, 7.4697 ], [ -76.4557, 7.4839 ], [ -76.4525, 7.5011 ], [ -76.4803, 7.5378 ], [ -76.4944, 7.5418 ], [ -76.5145, 7.5867 ], [ -76.5112, 7.6134 ], [ -76.4923, 7.6405 ], [ -76.4856, 7.6893 ], [ -76.4969, 7.7478 ], [ -76.4835, 7.758 ], [ -76.481, 7.8229 ], [ -76.4652, 7.8487 ], [ -76.4626, 7.8745 ], [ -76.4481, 7.8797 ], [ -76.4377, 7.9052 ], [ -76.4211, 7.9118 ], [ -76.4229, 7.9505 ], [ -76.4155, 7.9545 ], [ -76.4102, 8.0106 ], [ -76.4116, 8.0071 ], [ -76.4276, 8.0198 ], [ -76.425, 8.0743 ], [ -76.4087, 8.0739 ], [ -76.4085, 8.0997 ], [ -76.3749, 8.1115 ], [ -76.3682, 8.1529 ], [ -76.3573, 8.1462 ], [ -76.3493, 8.1552 ], [ -76.3311, 8.1515 ], [ -76.3496, 8.1721 ], [ -76.3534, 8.1942 ], [ -76.328, 8.2421 ], [ -76.3241, 8.2647 ], [ -76.3033, 8.2845 ], [ -76.3034, 8.3112 ], [ -76.2429, 8.37 ], [ -76.1745, 8.3987 ], [ -76.1656, 8.3815 ], [ -76.169, 8.3943 ], [ -76.2125, 8.4308 ], [ -76.2188, 8.4446 ], [ -76.2097, 8.4768 ], [ -76.21, 8.5229 ], [ -76.2372, 8.5563 ], [ -76.2239, 8.5618 ], [ -76.2221, 8.5718 ], [ -76.2441, 8.5721 ], [ -76.2655, 8.5844 ], [ -76.2404, 8.6209 ], [ -76.2511, 8.6113 ], [ -76.2648, 8.6176 ], [ -76.2661, 8.6388 ], [ -76.2815, 8.6489 ], [ -76.314, 8.6565 ], [ -76.3456, 8.6398 ], [ -76.3626, 8.723 ], [ -76.3635, 8.7095 ], [ -76.3725, 8.7253 ], [ -76.4196, 8.755 ], [ -76.3812, 8.7942 ], [ -76.4166, 8.8881 ], [ -76.3425, 8.9173 ], [ -76.3246, 8.9366 ], [ -76.3228, 8.957 ], [ -76.2645, 8.9975 ], [ -76.2629, 9.0355 ], [ -76.2512, 9.0579 ], [ -76.1933, 9.1111 ], [ -76.1779, 9.1516 ], [ -76.1809, 9.1815 ], [ -76.1702, 9.2297 ], [ -76.1086, 9.2647 ], [ -76.1006, 9.2843 ], [ -76.1118, 9.298 ], [ -76.1067, 9.3084 ], [ -76.0963, 9.3096 ], [ -76.0754, 9.2858 ], [ -76.0983, 9.3153 ], [ -76.0853, 9.335 ], [ -76.024, 9.3524 ], [ -75.9781, 9.3764 ], [ -75.9583, 9.3977 ], [ -75.9601, 9.4154 ], [ -75.9683, 9.4178 ], [ -75.966, 9.4063 ], [ -75.9714, 9.4171 ], [ -75.9524, 9.4412 ], [ -75.918, 9.4441 ], [ -75.9144, 9.4351 ], [ -75.8903, 9.4251 ], [ -75.8501, 9.4271 ], [ -75.8495, 9.4207 ], [ -75.8323, 9.4299 ], [ -75.8212, 9.4227 ], [ -75.818, 9.4307 ], [ -75.793, 9.4273 ], [ -75.7915, 9.4099 ], [ -75.824, 9.4164 ], [ -75.8377, 9.3987 ], [ -75.8246, 9.3934 ], [ -75.8051, 9.4028 ], [ -75.8021, 9.3957 ], [ -75.7842, 9.393 ], [ -75.7797, 9.4033 ], [ -75.7642, 9.404 ], [ -75.7458, 9.4213 ], [ -75.7, 9.412 ], [ -75.706, 9.4067 ], [ -75.7045, 9.3734 ], [ -75.6892, 9.3646 ], [ -75.6792, 9.3443 ], [ -75.6715, 9.3431 ], [ -75.661, 9.3611 ], [ -75.6488, 9.3624 ], [ -75.641, 9.3489 ], [ -75.6255, 9.3495 ], [ -75.5877, 9.3025 ], [ -75.5908, 9.2965 ], [ -75.603, 9.2994 ], [ -75.6094, 9.281 ], [ -75.5892, 9.2787 ], [ -75.5844, 9.2727 ], [ -75.5693, 9.2797 ], [ -75.5483, 9.2598 ], [ -75.5166, 9.2645 ], [ -75.5123, 9.2581 ], [ -75.4971, 9.2861 ], [ -75.4994, 9.2749 ], [ -75.4907, 9.2737 ], [ -75.4998, 9.2595 ], [ -75.4777, 9.2472 ], [ -75.4899, 9.232 ], [ -75.4747, 9.2468 ], [ -75.4573, 9.2376 ], [ -75.4662, 9.2085 ], [ -75.4544, 9.176 ], [ -75.4674, 9.1647 ], [ -75.4497, 9.1387 ], [ -75.4338, 9.1408 ], [ -75.4283, 9.1515 ], [ -75.4105, 9.1448 ], [ -75.3908, 9.1612 ], [ -75.3788, 9.1485 ], [ -75.3817, 9.1381 ], [ -75.3555, 9.1367 ], [ -75.3465, 9.1237 ], [ -75.3282, 9.1313 ], [ -75.321, 9.1156 ], [ -75.3101, 9.1176 ], [ -75.31, 9.0888 ], [ -75.2936, 9.0962 ], [ -75.2991, 9.0825 ], [ -75.2811, 9.0729 ], [ -75.2203, 9.0691 ], [ -75.2072, 9.0443 ], [ -75.2076, 9.0067 ], [ -75.1864, 8.9864 ], [ -75.1878, 8.9675 ], [ -75.1561, 8.9436 ], [ -75.1677, 8.9445 ], [ -75.1717, 8.9283 ], [ -75.188, 8.9442 ], [ -75.192, 8.936 ], [ -75.1805, 8.9297 ], [ -75.1863, 8.9143 ], [ -75.2001, 8.9217 ], [ -75.217, 8.9158 ], [ -75.2446, 8.8823 ], [ -75.2573, 8.8972 ], [ -75.2652, 8.8955 ], [ -75.2727, 8.9136 ], [ -75.2932, 8.8973 ], [ -75.2872, 8.89 ], [ -75.2998, 8.858 ], [ -75.3316, 8.8655 ], [ -75.3357, 8.8534 ], [ -75.3508, 8.8504 ], [ -75.3485, 8.8427 ], [ -75.3716, 8.8265 ], [ -75.3688, 8.7912 ], [ -75.3356, 8.7716 ], [ -75.3393, 8.7659 ], [ -75.3242, 8.7555 ], [ -75.3237, 8.7475 ], [ -75.3314, 8.7459 ], [ -75.3297, 8.7256 ], [ -75.3432, 8.7152 ], [ -75.3359, 8.7113 ], [ -75.3367, 8.6962 ], [ -75.3491, 8.7007 ], [ -75.352, 8.6801 ], [ -75.3596, 8.6797 ], [ -75.3183, 8.5904 ], [ -75.3287, 8.5814 ], [ -75.3181, 8.5882 ], [ -75.3303, 8.5528 ], [ -75.3225, 8.5472 ], [ -75.3264, 8.5344 ], [ -75.3157, 8.537 ], [ -75.3043, 8.5178 ], [ -75.3144, 8.5024 ], [ -75.2867, 8.4995 ], [ -75.2734, 8.4882 ], [ -75.2414, 8.4873 ], [ -75.2356, 8.4779 ], [ -75.2415, 8.4714 ], [ -75.2319, 8.4679 ], [ -75.2163, 8.4854 ], [ -75.1925, 8.4434 ], [ -75.2114, 8.4253 ], [ -75.1965, 8.4214 ], [ -75.186, 8.3928 ], [ -75.1588, 8.4163 ], [ -75.1565, 8.4333 ], [ -75.1362, 8.4299 ], [ -75.128, 8.4683 ], [ -75.0853, 8.4658 ], [ -75.0624, 8.4533 ], [ -75.0563, 8.466 ], [ -75.0396, 8.4593 ], [ -75.0335, 8.4989 ], [ -75.0241, 8.497 ], [ -75.0076, 8.511 ], [ -75.0056, 8.5228 ], [ -74.9939, 8.5095 ], [ -74.926, 8.4996 ], [ -74.9275, 8.4533 ], [ -74.8998, 8.4543 ], [ -74.8827, 8.4349 ], [ -74.8754, 8.4044 ], [ -74.8583, 8.3964 ], [ -74.8523, 8.3847 ], [ -74.8403, 8.394 ], [ -74.8394, 8.3847 ], [ -74.8301, 8.3905 ], [ -74.8082, 8.3866 ], [ -74.8037, 8.3688 ], [ -74.8131, 8.3645 ], [ -74.8193, 8.3714 ], [ -74.828, 8.3597 ], [ -74.7956, 8.3282 ], [ -74.8003, 8.3194 ], [ -74.7888, 8.3129 ], [ -74.8006, 8.2962 ], [ -74.7947, 8.2819 ], [ -74.7809, 8.2779 ], [ -74.7951, 8.2689 ], [ -74.8088, 8.2743 ], [ -74.8073, 8.2589 ], [ -74.7949, 8.2466 ], [ -74.8171, 8.2247 ], [ -74.8258, 8.23 ], [ -74.833, 8.223 ], [ -74.8306, 8.1999 ], [ -74.8679, 8.1961 ], [ -74.8671, 8.1592 ], [ -74.9264, 8.0754 ], [ -74.9544, 8.0786 ], [ -74.9684, 8.0906 ], [ -74.9899, 8.0748 ], [ -75.0134, 8.0706 ], [ -75.0239, 8.0551 ], [ -75.0474, 8.0424 ], [ -75.0809, 8.0532 ], [ -75.082, 8.0636 ], [ -75.0946, 8.0706 ], [ -75.1008, 8.0557 ], [ -75.127, 8.0402 ], [ -75.1335, 8.0539 ], [ -75.1684, 8.0527 ], [ -75.1886, 8.0445 ], [ -75.1956, 8.0562 ], [ -75.209, 8.0569 ], [ -75.2202, 8.068 ], [ -75.2471, 8.0421 ], [ -75.2358, 8.0291 ], [ -75.244, 8.0076 ], [ -75.2742, 7.9921 ], [ -75.292, 7.96 ], [ -75.3268, 7.9435 ], [ -75.345, 7.9532 ], [ -75.3286, 7.9349 ], [ -75.3435, 7.8813 ], [ -75.3545, 7.8688 ], [ -75.4043, 7.8575 ], [ -75.4054, 7.8418 ], [ -75.4161, 7.8391 ], [ -75.4198, 7.8219 ], [ -75.433, 7.8192 ], [ -75.4587, 7.8338 ], [ -75.4674, 7.8207 ], [ -75.4543, 7.7975 ], [ -75.4773, 7.7733 ], [ -75.4793, 7.749 ], [ -75.4957, 7.7217 ], [ -75.5346, 7.7217 ], [ -75.5339, 7.6893 ], [ -75.551, 7.6684 ], [ -75.5552, 7.6243 ], [ -75.5709, 7.6249 ], [ -75.6014, 7.6022 ], [ -75.6056, 7.5853 ], [ -75.6464, 7.5858 ], [ -75.6723, 7.5975 ], [ -75.6806, 7.5851 ] ] ] } },
{ "type": "Feature", "properties": { "DPTO_CCDGO": "25", "DPTO_CNMBR": "CUNDINAMARCA", "REGION": "Andina" }, "geometry": { "type": "Polygon", "coordinates": [ [ [ -74.7216, 4.9482 ], [ -74.7278, 4.9771 ], [ -74.7138, 4.9722 ], [ -74.7059, 4.9823 ], [ -74.7431, 5.0063 ], [ -74.7283, 5.0424 ], [ -74.7297, 5.0743 ], [ -74.7168, 5.0933 ], [ -74.7319, 5.1432 ], [ -74.7144, 5.1817 ], [ -74.7206, 5.1994 ], [ -74.7346, 5.2048 ], [ -74.7234, 5.2399 ], [ -74.7334, 5.2951 ], [ -74.7147, 5.315 ], [ -74.7011, 5.3532 ], [ -74.7066, 5.371 ], [ -74.6922, 5.3637 ], [ -74.6785, 5.3753 ], [ -74.6848, 5.4002 ], [ -74.6658, 5.4094 ], [ -74.6764, 5.4381 ], [ -74.6499, 5.4423 ], [ -74.6486, 5.4301 ], [ -74.6495, 5.4455 ], [ -74.66, 5.45 ], [ -74.6746, 5.5147 ], [ -74.641, 5.5402 ], [ -74.6531, 5.5747 ], [ -74.6446, 5.6194 ], [ -74.6285, 5.6317 ], [ -74.637, 5.6513 ], [ -74.6275, 5.696 ], [ -74.6337, 5.7081 ], [ -74.652, 5.7095 ], [ -74.661, 5.7524 ], [ -74.654, 5.7537 ], [ -74.652, 5.7405 ], [ -74.6429, 5.7354 ], [ -74.6384, 5.7549 ], [ -74.6271, 5.7625 ], [ -74.5974, 5.7434 ], [ -74.5874, 5.759 ], [ -74.5778, 5.7516 ], [ -74.5535, 5.7609 ], [ -74.5515, 5.7722 ], [ -74.5307, 5.7907 ], [ -74.4995, 5.7789 ], [ -74.4935, 5.784 ], [ -74.4842, 5.7594 ], [ -74.4856, 5.7708 ], [ -74.4665, 5.7759 ], [ -74.4612, 5.7658 ], [ -74.4422, 5.7668 ], [ -74.4309, 5.758 ], [ -74.4241, 5.7685 ], [ -74.4119, 5.7653 ], [ -74.4044, 5.7791 ], [ -74.3847, 5.7844 ], [ -74.3461, 5.8229 ], [ -74.3452, 5.832 ], [ -74.3334, 5.8372 ], [ -74.3152, 5.8152 ], [ -74.3168, 5.797 ], [ -74.301, 5.7977 ], [ -74.313, 5.7822 ], [ -74.2872, 5.7465 ], [ -74.3042, 5.7097 ], [ -74.276, 5.6922 ], [ -74.2852, 5.6637 ], [ -74.3082, 5.6482 ], [ -74.3057, 5.6376 ], [ -74.315, 5.623 ], [ -74.3, 5.5788 ], [ -74.2429, 5.5447 ], [ -74.2564, 5.4998 ], [ -74.2445, 5.4763 ], [ -74.2191, 5.4961 ], [ -74.2037, 5.4978 ], [ -74.1776, 5.4597 ], [ -74.1753, 5.4622 ], [ -74.1607, 5.4478 ], [ -74.1387, 5.4463 ], [ -74.1231, 5.4291 ], [ -74.1153, 5.4738 ], [ -74.0948, 5.466 ], [ -74.0946, 5.4343 ], [ -74.1158, 5.3822 ], [ -74.0931, 5.4372 ], [ -74.0736, 5.4082 ], [ -74.0452, 5.4045 ], [ -74.0398, 5.392 ], [ -74.0223, 5.3869 ], [ -74.0222, 5.3668 ], [ -73.9991, 5.3675 ], [ -74.0007, 5.3628 ], [ -73.9873, 5.3793 ], [ -73.973, 5.4194 ], [ -73.9477, 5.4177 ], [ -73.9422, 5.4341 ], [ -73.9284, 5.44 ], [ -73.9125, 5.4322 ], [ -73.9011, 5.4479 ], [ -73.9116, 5.5206 ], [ -73.9068, 5.5282 ], [ -73.8977, 5.5284 ], [ -73.8899, 5.5124 ], [ -73.8705, 5.5329 ], [ -73.8573, 5.5309 ], [ -73.8479, 5.5457 ], [ -73.8198, 5.5529 ], [ -73.8047, 5.5714 ], [ -73.7898, 5.553 ], [ -73.7869, 5.5106 ], [ -73.7657, 5.4855 ], [ -73.7471, 5.4896 ], [ -73.7435, 5.471 ], [ -73.7711, 5.4714 ], [ -73.7423, 5.4687 ], [ -73.7246, 5.4791 ], [ -73.7176, 5.4755 ], [ -73.7195, 5.4588 ], [ -73.6947, 5.4463 ], [ -73.6772, 5.4596 ], [ -73.6794, 5.4353 ], [ -73.6553, 5.4262 ], [ -73.6511, 5.4154 ], [ -73.6381, 5.4175 ], [ -73.5942, 5.4003 ], [ -73.5953, 5.3815 ], [ -73.6331, 5.3614 ], [ -73.6281, 5.3585 ], [ -73.5988, 5.3783 ], [ -73.5984, 5.3412 ], [ -73.5961, 5.3646 ], [ -73.5907, 5.344 ], [ -73.5995, 5.3194 ], [ -73.5773, 5.3015 ], [ -73.548, 5.2996 ], [ -73.5334, 5.2812 ], [ -73.5278, 5.2445 ], [ -73.5148, 5.2327 ], [ -73.5245, 5.214 ], [ -73.5224, 5.193 ], [ -73.5083, 5.1852 ], [ -73.5119, 5.1623 ], [ -73.505, 5.1519 ], [ -73.4824, 5.1543 ], [ -73.4772, 5.1481 ], [ -73.4921, 5.1288 ], [ -73.4945, 5.1064 ], [ -73.4798, 5.0634 ], [ -73.4962, 5.0393 ], [ -73.5224, 5.0292 ], [ -73.5285, 5.0382 ], [ -73.5184, 5.0046 ], [ -73.507, 4.9964 ], [ -73.5445, 4.9448 ], [ -73.5488, 4.9251 ], [ -73.5387, 4.8966 ], [ -73.5246, 4.8923 ], [ -73.5202, 4.8699 ], [ -73.5206, 4.879 ], [ -73.4843, 4.8915 ], [ -73.4526, 4.8831 ], [ -73.4459, 4.8898 ], [ -73.4249, 4.8792 ], [ -73.402, 4.8799 ], [ -73.3945, 4.8533 ], [ -73.3652, 4.8248 ], [ -73.3718, 4.8008 ], [ -73.3338, 4.7885 ], [ -73.313, 4.7696 ], [ -73.303, 4.7289 ], [ -73.2832, 4.7223 ], [ -73.2685, 4.7407 ], [ -73.2205, 4.7301 ], [ -73.2347, 4.6952 ], [ -73.2206, 4.6767 ], [ -73.2373, 4.6693 ], [ -73.2084, 4.6806 ], [ -73.149, 4.6552 ], [ -73.1217, 4.6716 ], [ -73.1057, 4.6598 ], [ -73.0721, 4.7187 ], [ -73.0787, 4.7258 ], [ -73.0712, 4.7399 ], [ -73.065, 4.7319 ], [ -73.0526, 4.7363 ], [ -73.1241, 4.2598 ], [ -73.137, 4.2128 ], [ -73.2031, 4.273 ], [ -73.2348, 4.2866 ], [ -73.3226, 4.3048 ], [ -73.3536, 4.3212 ], [ -73.4289, 4.3078 ], [ -73.4418, 4.291 ], [ -73.4717, 4.2762 ], [ -73.551, 4.3082 ], [ -73.5531, 4.349 ], [ -73.5718, 4.3737 ], [ -73.5768, 4.3962 ], [ -73.5726, 4.4199 ], [ -73.6034, 4.459 ], [ -73.5962, 4.4869 ], [ -73.5758, 4.4985 ], [ -73.5757, 4.5166 ], [ -73.5689, 4.527 ], [ -73.5791, 4.5428 ], [ -73.6212, 4.5623 ], [ -73.642, 4.5468 ], [ -73.6688, 4.5399 ], [ -73.6879, 4.5279 ], [ -73.6864, 4.5193 ], [ -73.7123, 4.516 ], [ -73.7391, 4.4848 ], [ -73.7333, 4.4747 ], [ -73.739, 4.46 ], [ -73.7453, 4.4553 ], [ -73.7558, 4.4622 ], [ -73.7642, 4.4498 ], [ -73.7932, 4.4404 ], [ -73.807, 4.4222 ], [ -73.8088, 4.3961 ], [ -73.7927, 4.3811 ], [ -73.7941, 4.3487 ], [ -73.7836, 4.3003 ], [ -73.7444, 4.2674 ], [ -73.7603, 4.2364 ], [ -73.7426, 4.198 ], [ -73.7544, 4.1928 ], [ -73.8046, 4.1975 ], [ -73.8094, 4.2039 ], [ -73.8259, 4.1683 ], [ -73.8474, 4.1765 ], [ -73.8711, 4.1678 ], [ -73.8958, 4.1426 ], [ -73.9136, 4.1488 ], [ -73.928, 4.1443 ], [ -73.9344, 4.1569 ], [ -73.9397, 4.1302 ], [ -73.9601, 4.0955 ], [ -73.9736, 4.0931 ], [ -73.9797, 4.1093 ], [ -73.9915, 4.1028 ], [ -74.0059, 4.1098 ], [ -74.0359, 4.0824 ], [ -74.0349, 4.0608 ], [ -74.0477, 4.0652 ], [ -74.0624, 4.0556 ], [ -74.0645, 4.0614 ], [ -74.0997, 4.0131 ], [ -74.1239, 4.0091 ], [ -74.1282, 4.0001 ], [ -74.1507, 4.0048 ], [ -74.1478, 4.019 ], [ -74.1245, 4.0577 ], [ -74.1327, 4.0804 ], [ -74.1201, 4.0976 ], [ -74.1315, 4.1028 ], [ -74.1291, 4.1253 ], [ -74.1094, 4.1333 ], [ -74.1103, 4.1816 ], [ -74.0808, 4.1893 ], [ -74.1212, 4.1799 ], [ -74.1239, 4.1955 ], [ -74.1357, 4.2052 ], [ -74.1361, 4.2298 ], [ -74.1523, 4.2561 ], [ -74.1292, 4.2842 ], [ -74.1194, 4.3107 ], [ -74.0996, 4.3423 ], [ -74.0944, 4.3665 ], [ -74.0963, 4.3797 ], [ -74.1144, 4.3857 ], [ -74.1121, 4.4331 ], [ -74.1011, 4.4526 ], [ -74.0759, 4.4632 ], [ -74.0726, 4.5131 ], [ -74.0423, 4.5124 ], [ -74.0296, 4.5579 ], [ -74.0098, 4.5596 ], [ -73.9818, 4.5492 ], [ -74.0065, 4.5667 ], [ -73.9881, 4.6324 ], [ -74.0069, 4.6256 ], [ -74.0094, 4.6389 ], [ -74.0302, 4.6438 ], [ -74.0254, 4.6615 ], [ -74.0084, 4.6618 ], [ -74.0016, 4.6753 ], [ -74.0144, 4.6962 ], [ -74.0072, 4.7423 ], [ -74.0187, 4.7633 ], [ -74.0133, 4.7978 ], [ -73.9983, 4.8038 ], [ -74.0067, 4.8232 ], [ -73.9815, 4.902 ], [ -74.0092, 4.821 ], [ -74.0331, 4.8208 ], [ -74.0499, 4.835 ], [ -74.0606, 4.8276 ], [ -74.0661, 4.8354 ], [ -74.0706, 4.8285 ], [ -74.0833, 4.8391 ], [ -74.0868, 4.832 ], [ -74.0789, 4.8214 ], [ -74.0871, 4.8164 ], [ -74.0796, 4.809 ], [ -74.0933, 4.7908 ], [ -74.1007, 4.7992 ], [ -74.1129, 4.7901 ], [ -74.1166, 4.762 ], [ -74.132, 4.7406 ], [ -74.1261, 4.7294 ], [ -74.1544, 4.7245 ], [ -74.177, 4.7029 ], [ -74.1692, 4.701 ], [ -74.1723, 4.6962 ], [ -74.1676, 4.688 ], [ -74.1748, 4.6766 ], [ -74.1584, 4.6631 ], [ -74.1852, 4.647 ], [ -74.1837, 4.6527 ], [ -74.1942, 4.6551 ], [ -74.2167, 4.6296 ], [ -74.2241, 4.6308 ], [ -74.2043, 4.5997 ], [ -74.1838, 4.5965 ], [ -74.1753, 4.5754 ], [ -74.1737, 4.5404 ], [ -74.1877, 4.5292 ], [ -74.1746, 4.5071 ], [ -74.1815, 4.5039 ], [ -74.1781, 4.4863 ], [ -74.2128, 4.3804 ], [ -74.215, 4.3824 ], [ -74.2137, 4.3073 ], [ -74.2219, 4.2821 ], [ -74.2055, 4.2689 ], [ -74.2043, 4.2397 ], [ -74.2282, 4.2222 ], [ -74.2373, 4.1956 ], [ -74.2497, 4.2017 ], [ -74.2377, 4.1955 ], [ -74.2456, 4.1032 ], [ -74.2657, 4.0917 ], [ -74.2997, 4.1056 ], [ -74.3295, 4.1311 ], [ -74.3508, 4.0569 ], [ -74.3656, 4.0347 ], [ -74.3626, 4.0095 ], [ -74.3746, 3.9859 ], [ -74.3559, 3.9638 ], [ -74.3596, 3.9137 ], [ -74.3857, 3.8655 ], [ -74.3952, 3.824 ], [ -74.4317, 3.7839 ], [ -74.4337, 3.7646 ], [ -74.4507, 3.7499 ], [ -74.4407, 3.7303 ], [ -74.4634, 3.7409 ], [ -74.4453, 3.8008 ], [ -74.4502, 3.819 ], [ -74.477, 3.8243 ], [ -74.4902, 3.8176 ], [ -74.5395, 3.8448 ], [ -74.5113, 3.9461 ], [ -74.5311, 3.9676 ], [ -74.5336, 3.9933 ], [ -74.5224, 4.0208 ], [ -74.5265, 4.0232 ], [ -74.5294, 4.0456 ], [ -74.5082, 4.0795 ], [ -74.4861, 4.0966 ], [ -74.4764, 4.1201 ], [ -74.4833, 4.1767 ], [ -74.5009, 4.187 ], [ -74.5135, 4.215 ], [ -74.5189, 4.2405 ], [ -74.4832, 4.2409 ], [ -74.524, 4.2414 ], [ -74.5493, 4.2601 ], [ -74.4585, 4.3036 ], [ -74.5494, 4.2608 ], [ -74.5515, 4.2671 ], [ -74.5666, 4.2726 ], [ -74.6192, 4.2523 ], [ -74.6245, 4.2249 ], [ -74.6545, 4.1986 ], [ -74.6573, 4.2154 ], [ -74.6813, 4.2009 ], [ -74.7024, 4.2128 ], [ -74.7062, 4.2296 ], [ -74.7219, 4.231 ], [ -74.7308, 4.2448 ], [ -74.692, 4.2607 ], [ -74.7349, 4.2476 ], [ -74.7451, 4.2364 ], [ -74.748, 4.2567 ], [ -74.7668, 4.251 ], [ -74.7687, 4.2655 ], [ -74.7815, 4.265 ], [ -74.7775, 4.2829 ], [ -74.7968, 4.2882 ], [ -74.8069, 4.2859 ], [ -74.8127, 4.2943 ], [ -74.8337, 4.2757 ], [ -74.879, 4.2661 ], [ -74.8906, 4.2887 ], [ -74.8731, 4.3066 ], [ -74.8843, 4.3103 ], [ -74.8835, 4.317 ], [ -74.8418, 4.34 ], [ -74.8558, 4.3347 ], [ -74.8544, 4.3664 ], [ -74.8408, 4.378 ], [ -74.8327, 4.4054 ], [ -74.832, 4.4453 ], [ -74.822, 4.4453 ], [ -74.8073, 4.4533 ], [ -74.7953, 4.4985 ], [ -74.7861, 4.5072 ], [ -74.8047, 4.5343 ], [ -74.8046, 4.5711 ], [ -74.8149, 4.5852 ], [ -74.7825, 4.5952 ], [ -74.7541, 4.5884 ], [ -74.7829, 4.5961 ], [ -74.7938, 4.5921 ], [ -74.8163, 4.6113 ], [ -74.7858, 4.6527 ], [ -74.8072, 4.6694 ], [ -74.8014, 4.7017 ], [ -74.8161, 4.7138 ], [ -74.8184, 4.7283 ], [ -74.7945, 4.7476 ], [ -74.7781, 4.7507 ], [ -74.7704, 4.7735 ], [ -74.7431, 4.7903 ], [ -74.7444, 4.8234 ], [ -74.7692, 4.8421 ], [ -74.7521, 4.8658 ], [ -74.7549, 4.8859 ], [ -74.738, 4.8832 ], [ -74.7322, 4.8923 ], [ -74.7402, 4.9067 ], [ -74.7323, 4.9312 ], [ -74.7491, 4.9558 ], [ -74.7319, 4.9773 ], [ -74.7216, 4.9482 ] ] ] } },
{ "type": "Feature", "properties": { "DPTO_CCDGO": "27", "DPTO_CNMBR": "CHOCÓ", "REGION": "Pacifico" }, "geometry": { "type": "Polygon", "coordinates": [ [ [ -77.5394, 5.4812 ], [ -77.5073, 5.5287 ], [ -77.508, 5.5682 ], [ -77.4898, 5.6074 ], [ -77.4816, 5.5979 ], [ -77.4599, 5.5965 ], [ -77.4144, 5.6303 ], [ -77.3893, 5.63 ], [ -77.3718, 5.6085 ], [ -77.3517, 5.6119 ], [ -77.3322, 5.6279 ], [ -77.3269, 5.6507 ], [ -77.3171, 5.654 ], [ -77.3167, 5.6691 ], [ -77.2998, 5.6694 ], [ -77.2619, 5.7206 ], [ -77.2549, 5.7467 ], [ -77.2581, 5.7791 ], [ -77.2518, 5.7829 ], [ -77.2478, 5.7672 ], [ -77.2434, 5.7673 ], [ -77.2439, 5.802 ], [ -77.2495, 5.8103 ], [ -77.2525, 5.7889 ], [ -77.2729, 5.8232 ], [ -77.2676, 5.8307 ], [ -77.2756, 5.8272 ], [ -77.2765, 5.8461 ], [ -77.2905, 5.8433 ], [ -77.2945, 5.8736 ], [ -77.307, 5.8736 ], [ -77.3039, 5.8894 ], [ -77.3119, 5.9101 ], [ -77.3068, 5.9192 ], [ -77.3206, 5.9359 ], [ -77.3344, 5.9884 ], [ -77.3306, 5.9888 ], [ -77.3491, 6.0151 ], [ -77.3477, 6.0383 ], [ -77.3628, 6.0596 ], [ -77.3526, 5.9989 ], [ -77.3638, 5.9991 ], [ -77.36, 6.0059 ], [ -77.373, 6.0441 ], [ -77.4449, 6.1194 ], [ -77.4827, 6.1922 ], [ -77.468, 6.2489 ], [ -77.4742, 6.2973 ], [ -77.459, 6.2728 ], [ -77.4341, 6.2701 ], [ -77.4092, 6.2271 ], [ -77.3953, 6.2356 ], [ -77.4007, 6.2505 ], [ -77.381, 6.2774 ], [ -77.3789, 6.3351 ], [ -77.3698, 6.3551 ], [ -77.3789, 6.3682 ], [ -77.3902, 6.3625 ], [ -77.402, 6.3808 ], [ -77.4129, 6.3811 ], [ -77.4049, 6.3933 ], [ -77.3873, 6.3875 ], [ -77.381, 6.3973 ], [ -77.37, 6.3872 ], [ -77.3557, 6.3989 ], [ -77.3762, 6.425 ], [ -77.3606, 6.4378 ], [ -77.3625, 6.4551 ], [ -77.3535, 6.4563 ], [ -77.3509, 6.4653 ], [ -77.3604, 6.4874 ], [ -77.3392, 6.5056 ], [ -77.3253, 6.5491 ], [ -77.3425, 6.5775 ], [ -77.3688, 6.5816 ], [ -77.3757, 6.5926 ], [ -77.3712, 6.6017 ], [ -77.4003, 6.6208 ], [ -77.3978, 6.6361 ], [ -77.4071, 6.6497 ], [ -77.3952, 6.6575 ], [ -77.4058, 6.6662 ], [ -77.3988, 6.6742 ], [ -77.4057, 6.6871 ], [ -77.4182, 6.6916 ], [ -77.4267, 6.6844 ], [ -77.4285, 6.696 ], [ -77.4486, 6.7062 ], [ -77.4833, 6.6978 ], [ -77.4751, 6.7087 ], [ -77.5045, 6.6858 ], [ -77.5111, 6.66 ], [ -77.5043, 6.6512 ], [ -77.5181, 6.6609 ], [ -77.5259, 6.6479 ], [ -77.5306, 6.659 ], [ -77.5366, 6.6561 ], [ -77.5345, 6.6792 ], [ -77.5406, 6.6865 ], [ -77.5309, 6.6944 ], [ -77.551, 6.7495 ], [ -77.5638, 6.7632 ], [ -77.5672, 6.791 ], [ -77.5874, 6.819 ], [ -77.6297, 6.8513 ], [ -77.6502, 6.8593 ], [ -77.6574, 6.8544 ], [ -77.6662, 6.8755 ], [ -77.6846, 6.8707 ], [ -77.6895, 6.8353 ], [ -77.7021, 6.8424 ], [ -77.7119, 6.8842 ], [ -77.7053, 6.9107 ], [ -77.695, 6.9183 ], [ -77.6986, 6.9393 ], [ -77.6744, 6.9566 ], [ -77.6734, 6.9494 ], [ -77.6626, 6.9521 ], [ -77.6539, 6.9669 ], [ -77.6587, 6.9949 ], [ -77.6797, 7.0327 ], [ -77.7628, 7.1021 ], [ -77.7953, 7.1486 ], [ -77.8217, 7.1478 ], [ -77.8363, 7.1663 ], [ -77.8357, 7.1784 ], [ -77.8442, 7.1858 ], [ -77.855, 7.1806 ], [ -77.853, 7.1927 ], [ -77.8636, 7.1924 ], [ -77.8664, 7.2058 ], [ -77.8838, 7.2168 ], [ -77.7925, 7.461 ], [ -77.7627, 7.4578 ], [ -77.7511, 7.4675 ], [ -77.7404, 7.4655 ], [ -77.7144, 7.4976 ], [ -77.7007, 7.5065 ], [ -77.733, 7.5701 ], [ -77.7362, 7.6019 ], [ -77.7468, 7.6054 ], [ -77.7429, 7.6789 ], [ -77.728, 7.6865 ], [ -77.7282, 7.6958 ], [ -77.6979, 7.6931 ], [ -77.6468, 7.6527 ], [ -77.6067, 7.5407 ], [ -77.5936, 7.5358 ], [ -77.5852, 7.515 ], [ -77.5635, 7.5073 ], [ -77.5318, 7.5465 ], [ -77.5245, 7.5718 ], [ -77.4892, 7.5695 ], [ -77.4895, 7.5936 ], [ -77.4654, 7.6342 ], [ -77.4702, 7.6515 ], [ -77.4426, 7.6568 ], [ -77.4352, 7.6872 ], [ -77.4185, 7.6987 ], [ -77.4185, 7.7174 ], [ -77.3993, 7.7243 ], [ -77.3912, 7.7599 ], [ -77.3753, 7.7612 ], [ -77.3737, 7.7712 ], [ -77.3394, 7.766 ], [ -77.3369, 7.7823 ], [ -77.3561, 7.8061 ], [ -77.3562, 7.8211 ], [ -77.3686, 7.8283 ], [ -77.3372, 7.8569 ], [ -77.3404, 7.8682 ], [ -77.3229, 7.8841 ], [ -77.3248, 7.8958 ], [ -77.3053, 7.9 ], [ -77.295, 7.9108 ], [ -77.2757, 7.9079 ], [ -77.2566, 7.92 ], [ -77.1754, 7.9172 ], [ -77.1586, 7.9327 ], [ -77.1709, 7.9367 ], [ -77.1795, 7.9568 ], [ -77.1623, 7.9689 ], [ -77.1656, 7.9742 ], [ -77.1917, 7.9886 ], [ -77.2213, 8.0262 ], [ -77.2336, 8.025 ], [ -77.2241, 8.0335 ], [ -77.2291, 8.0677 ], [ -77.2196, 8.0727 ], [ -77.2175, 8.0878 ], [ -77.2348, 8.1281 ], [ -77.2268, 8.1364 ], [ -77.2571, 8.1578 ], [ -77.2487, 8.1623 ], [ -77.2512, 8.1875 ], [ -77.2602, 8.1924 ], [ -77.2617, 8.212 ], [ -77.2805, 8.2172 ], [ -77.2901, 8.2434 ], [ -77.2844, 8.253 ], [ -77.3016, 8.2718 ], [ -77.297, 8.277 ], [ -77.3052, 8.2833 ], [ -77.3122, 8.2708 ], [ -77.3338, 8.274 ], [ -77.3553, 8.3161 ], [ -77.3461, 8.3523 ], [ -77.3616, 8.3768 ], [ -77.3551, 8.3882 ], [ -77.359, 8.4011 ], [ -77.385, 8.4311 ], [ -77.4037, 8.4661 ], [ -77.4019, 8.4765 ], [ -77.4476, 8.4726 ], [ -77.4477, 8.4948 ], [ -77.4563, 8.5085 ], [ -77.4406, 8.5227 ], [ -77.437, 8.5631 ], [ -77.4267, 8.5581 ], [ -77.4096, 8.5663 ], [ -77.4186, 8.5877 ], [ -77.3906, 8.5847 ], [ -77.4042, 8.6094 ], [ -77.3999, 8.6174 ], [ -77.4092, 8.6426 ], [ -77.393, 8.6512 ], [ -77.3726, 8.6373 ], [ -77.3646, 8.641 ], [ -77.3682, 8.6774 ], [ -77.3571, 8.6736 ], [ -77.3655, 8.6562 ], [ -77.3548, 8.6578 ], [ -77.3445, 8.6464 ], [ -77.3426, 8.6249 ], [ -77.3257, 8.6223 ], [ -77.3208, 8.601 ], [ -77.2943, 8.573 ], [ -77.2882, 8.5751 ], [ -77.2692, 8.5265 ], [ -77.275, 8.5066 ], [ -77.2536, 8.4921 ], [ -77.2489, 8.472 ], [ -77.1899, 8.4378 ], [ -77.1642, 8.4377 ], [ -77.1551, 8.4198 ], [ -77.1307, 8.4119 ], [ -77.1279, 8.3973 ], [ -77.1107, 8.3791 ], [ -77.1179, 8.3716 ], [ -77.0872, 8.3295 ], [ -77.0764, 8.3252 ], [ -77.0792, 8.3172 ], [ -77.0361, 8.2526 ], [ -76.9802, 8.2553 ], [ -76.9665, 8.1918 ], [ -76.9493, 8.1723 ], [ -76.9556, 8.1227 ], [ -76.9383, 8.068 ], [ -76.9599, 8.0369 ], [ -76.9945, 8.0234 ], [ -77.0053, 7.9855 ], [ -77.0001, 7.9584 ], [ -77.0214, 7.9488 ], [ -77.0123, 7.9338 ], [ -77.0286, 7.8849 ], [ -77.0986, 7.8235 ], [ -77.126, 7.8302 ], [ -77.1221, 7.788 ], [ -77.0397, 7.7048 ], [ -76.9601, 7.6398 ], [ -76.9436, 7.5892 ], [ -76.9362, 7.5834 ], [ -76.8258, 7.5815 ], [ -76.801, 7.5717 ], [ -76.6619, 7.4492 ], [ -76.6187, 7.3162 ], [ -76.5855, 7.2979 ], [ -76.579, 7.3042 ], [ -76.5627, 7.2735 ], [ -76.5304, 7.255 ], [ -76.5044, 7.1946 ], [ -76.5084, 7.1841 ], [ -76.4985, 7.1522 ], [ -76.4842, 7.1329 ], [ -76.5072, 7.1395 ], [ -76.5141, 7.1112 ], [ -76.525, 7.1058 ], [ -76.5228, 7.0988 ], [ -76.5388, 7.0687 ], [ -76.5306, 7.0601 ], [ -76.5353, 7.0387 ], [ -76.5534, 6.9944 ], [ -76.5713, 6.9797 ], [ -76.581, 6.9822 ], [ -76.5929, 7.0116 ], [ -76.6032, 7.0005 ], [ -76.6156, 7.0168 ], [ -76.6455, 7.0084 ], [ -76.6756, 7.0299 ], [ -76.684, 7.0213 ], [ -76.7067, 7.0249 ], [ -76.8303, 7.0026 ], [ -76.8425, 6.9883 ], [ -76.8318, 6.9891 ], [ -76.8303, 6.9724 ], [ -76.8191, 6.976 ], [ -76.8285, 6.9555 ], [ -76.8134, 6.9635 ], [ -76.8083, 6.9502 ], [ -76.8001, 6.9486 ], [ -76.7967, 6.9016 ], [ -76.7854, 6.8793 ], [ -76.7972, 6.862 ], [ -76.8306, 6.8586 ], [ -76.8179, 6.8377 ], [ -76.8343, 6.8385 ], [ -76.8353, 6.8287 ], [ -76.8551, 6.8462 ], [ -76.8777, 6.8522 ], [ -76.8999, 6.829 ], [ -76.9003, 6.8366 ], [ -76.9152, 6.8421 ], [ -76.933, 6.8121 ], [ -76.9579, 6.8167 ], [ -76.9723, 6.809 ], [ -76.9713, 6.7969 ], [ -76.9579, 6.7925 ], [ -76.9653, 6.7804 ], [ -76.9672, 6.7431 ], [ -76.9573, 6.7248 ], [ -76.9402, 6.7232 ], [ -76.9336, 6.7109 ], [ -76.9641, 6.6809 ], [ -76.9523, 6.6751 ], [ -76.939, 6.6863 ], [ -76.9375, 6.6546 ], [ -76.9248, 6.6469 ], [ -76.9094, 6.6702 ], [ -76.8981, 6.6682 ], [ -76.8961, 6.6591 ], [ -76.9124, 6.6399 ], [ -76.908, 6.6281 ], [ -76.874, 6.6303 ], [ -76.8581, 6.6197 ], [ -76.8631, 6.609 ], [ -76.891, 6.6034 ], [ -76.8993, 6.5855 ], [ -76.8905, 6.5662 ], [ -76.8819, 6.5605 ], [ -76.8639, 6.5715 ], [ -76.8513, 6.5607 ], [ -76.8411, 6.5215 ], [ -76.8194, 6.5255 ], [ -76.82, 6.4872 ], [ -76.8004, 6.508 ], [ -76.7687, 6.4792 ], [ -76.7701, 6.465 ], [ -76.7823, 6.4746 ], [ -76.796, 6.4408 ], [ -76.7894, 6.433 ], [ -76.7688, 6.4402 ], [ -76.7623, 6.4344 ], [ -76.7692, 6.4215 ], [ -76.7909, 6.4243 ], [ -76.7957, 6.4176 ], [ -76.7661, 6.393 ], [ -76.7692, 6.3798 ], [ -76.7874, 6.3779 ], [ -76.7718, 6.3616 ], [ -76.7908, 6.3424 ], [ -76.7973, 6.3421 ], [ -76.7778, 6.3299 ], [ -76.7904, 6.3214 ], [ -76.7819, 6.2888 ], [ -76.749, 6.2796 ], [ -76.7594, 6.2614 ], [ -76.7565, 6.2522 ], [ -76.7231, 6.237 ], [ -76.727, 6.2253 ], [ -76.7175, 6.2159 ], [ -76.7153, 6.1708 ], [ -76.6869, 6.1615 ], [ -76.6843, 6.1712 ], [ -76.6726, 6.1743 ], [ -76.6439, 6.1683 ], [ -76.6019, 6.1926 ], [ -76.5964, 6.1869 ], [ -76.5832, 6.1934 ], [ -76.5529, 6.1785 ], [ -76.5194, 6.18 ], [ -76.4755, 6.1601 ], [ -76.4687, 6.1766 ], [ -76.4199, 6.1657 ], [ -76.4052, 6.1856 ], [ -76.3898, 6.1915 ], [ -76.3328, 6.1962 ], [ -76.3264, 6.2026 ], [ -76.2852, 6.1934 ], [ -76.2616, 6.2092 ], [ -76.2492, 6.2042 ], [ -76.249, 6.1948 ], [ -76.2445, 6.2061 ], [ -76.2375, 6.2082 ], [ -76.2243, 6.1883 ], [ -76.2095, 6.1845 ], [ -76.2147, 6.174 ], [ -76.2012, 6.1603 ], [ -76.2058, 6.1473 ], [ -76.1917, 6.0596 ], [ -76.1747, 6.0436 ], [ -76.1727, 6.0174 ], [ -76.1613, 6.0015 ], [ -76.1558, 6.0046 ], [ -76.1319, 5.9998 ], [ -76.122, 6.0201 ], [ -76.1107, 6.0203 ], [ -76.0889, 6.0 ], [ -76.0858, 5.9874 ], [ -76.071, 5.9841 ], [ -76.0673, 5.9614 ], [ -76.051, 5.9508 ], [ -76.061, 5.9241 ], [ -76.0605, 5.8863 ], [ -76.0816, 5.8828 ], [ -76.099, 5.8492 ], [ -76.0993, 5.8311 ], [ -76.0814, 5.8157 ], [ -76.0859, 5.793 ], [ -76.0709, 5.7807 ], [ -76.0811, 5.767 ], [ -76.0612, 5.758 ], [ -76.0709, 5.7435 ], [ -76.0631, 5.7274 ], [ -76.087, 5.6886 ], [ -76.1095, 5.6815 ], [ -76.0857, 5.6867 ], [ -76.0115, 5.6306 ], [ -76.0018, 5.6006 ], [ -76.0122, 5.5924 ], [ -76.0091, 5.5676 ], [ -76.037, 5.5672 ], [ -76.0854, 5.5343 ], [ -76.0756, 5.4996 ], [ -76.0881, 5.4465 ], [ -76.1024, 5.4475 ], [ -76.119, 5.4215 ], [ -76.1436, 5.4171 ], [ -76.1525, 5.4076 ], [ -76.1681, 5.4106 ], [ -76.178, 5.4013 ], [ -76.185, 5.4156 ], [ -76.1912, 5.4146 ], [ -76.2029, 5.3541 ], [ -76.2114, 5.3486 ], [ -76.1775, 5.2884 ], [ -76.1736, 5.2603 ], [ -76.142, 5.2334 ], [ -76.1425, 5.206 ], [ -76.1325, 5.1834 ], [ -76.1598, 5.1853 ], [ -76.0854, 5.16 ], [ -76.0614, 5.1381 ], [ -76.0589, 5.1212 ], [ -76.0765, 5.048 ], [ -76.0912, 5.0429 ], [ -76.0968, 5.0318 ], [ -76.0887, 4.9461 ], [ -76.0997, 4.9172 ], [ -76.1306, 4.9112 ], [ -76.1141, 4.8904 ], [ -76.1386, 4.842 ], [ -76.2138, 4.8283 ], [ -76.2306, 4.8021 ], [ -76.2607, 4.795 ], [ -76.2762, 4.771 ], [ -76.3128, 4.7501 ], [ -76.286, 4.7103 ], [ -76.2976, 4.6993 ], [ -76.3001, 4.655 ], [ -76.32, 4.6197 ], [ -76.3194, 4.6079 ], [ -76.3436, 4.5817 ], [ -76.3421, 4.5647 ], [ -76.3609, 4.5563 ], [ -76.3813, 4.5596 ], [ -76.3849, 4.5467 ], [ -76.4038, 4.535 ], [ -76.3652, 4.4916 ], [ -76.383, 4.4928 ], [ -76.4183, 4.4478 ], [ -76.4488, 4.4403 ], [ -76.4821, 4.4141 ], [ -76.502, 4.4132 ], [ -76.5395, 4.3963 ], [ -76.553, 4.4016 ], [ -76.562, 4.3697 ], [ -76.5483, 4.3509 ], [ -76.5493, 4.3371 ], [ -76.6143, 4.3355 ], [ -76.5424, 4.3346 ], [ -76.5279, 4.3235 ], [ -76.5294, 4.2953 ], [ -76.509, 4.2679 ], [ -76.5066, 4.2528 ], [ -76.4871, 4.2355 ], [ -76.4557, 4.2303 ], [ -76.4467, 4.2045 ], [ -76.447, 4.1648 ], [ -76.4727, 4.1036 ], [ -76.4999, 4.0629 ], [ -76.5244, 4.0673 ], [ -76.5415, 4.0437 ], [ -76.5373, 4.0162 ], [ -76.5591, 4.0088 ], [ -76.5593, 3.9911 ], [ -76.589, 3.9707 ], [ -76.5929, 3.9985 ], [ -76.6249, 4.0149 ], [ -76.6833, 3.9649 ], [ -76.7014, 3.9787 ], [ -76.7459, 3.9842 ], [ -76.7595, 3.9935 ], [ -76.7677, 3.9887 ], [ -76.7942, 4.0114 ], [ -76.8153, 4.007 ], [ -76.8288, 4.0352 ], [ -76.8665, 4.0318 ], [ -76.891, 4.0734 ], [ -76.9012, 4.073 ], [ -76.9065, 4.0848 ], [ -76.9133, 4.0818 ], [ -76.9147, 4.0977 ], [ -76.9544, 4.1207 ], [ -76.9761, 4.1222 ], [ -76.9859, 4.1143 ], [ -76.995, 4.1204 ], [ -77.0048, 4.0989 ], [ -77.0199, 4.1012 ], [ -77.0359, 4.0913 ], [ -77.0576, 4.1025 ], [ -77.068, 4.096 ], [ -77.0862, 4.1226 ], [ -77.1045, 4.1076 ], [ -77.1199, 4.1164 ], [ -77.1163, 4.1333 ], [ -77.1596, 4.1837 ], [ -77.205, 4.1727 ], [ -77.2109, 4.1593 ], [ -77.2218, 4.1563 ], [ -77.2484, 4.1844 ], [ -77.2488, 4.2274 ], [ -77.2579, 4.2347 ], [ -77.2803, 4.221 ], [ -77.2869, 4.1834 ], [ -77.3055, 4.1665 ], [ -77.335, 4.1925 ], [ -77.353, 4.1975 ], [ -77.3893, 4.1621 ], [ -77.3903, 4.1485 ], [ -77.4358, 4.1458 ], [ -77.4434, 4.1279 ], [ -77.4289, 4.0931 ], [ -77.4496, 4.0385 ], [ -77.4853, 4.0945 ], [ -77.5081, 4.1055 ], [ -77.5255, 4.1264 ], [ -77.5245, 4.1911 ], [ -77.5313, 4.2007 ], [ -77.5248, 4.2576 ], [ -77.4986, 4.2932 ], [ -77.4818, 4.2879 ], [ -77.5001, 4.2643 ], [ -77.4929, 4.2575 ], [ -77.4667, 4.2665 ], [ -77.4516, 4.2825 ], [ -77.4298, 4.283 ], [ -77.4141, 4.2929 ], [ -77.4176, 4.3022 ], [ -77.4562, 4.3131 ], [ -77.4261, 4.3194 ], [ -77.3761, 4.3891 ], [ -77.3868, 4.3685 ], [ -77.3667, 4.3702 ], [ -77.3701, 4.3845 ], [ -77.3661, 4.4076 ], [ -77.3663, 4.4009 ], [ -77.3376, 4.4293 ], [ -77.3444, 4.432 ], [ -77.3515, 4.4218 ], [ -77.3399, 4.5121 ], [ -77.3227, 4.5226 ], [ -77.3248, 4.5331 ], [ -77.3361, 4.5352 ], [ -77.3315, 4.5635 ], [ -77.313, 4.5723 ], [ -77.3269, 4.571 ], [ -77.321, 4.6889 ], [ -77.3301, 4.6927 ], [ -77.3282, 4.7397 ], [ -77.3224, 4.7485 ], [ -77.3045, 4.7403 ], [ -77.2999, 4.7471 ], [ -77.3133, 4.7746 ], [ -77.3091, 4.782 ], [ -77.3484, 4.7717 ], [ -77.3469, 4.7833 ], [ -77.3296, 4.798 ], [ -77.348, 4.8084 ], [ -77.3608, 4.8699 ], [ -77.353, 4.8802 ], [ -77.3629, 4.8925 ], [ -77.3615, 4.9145 ], [ -77.3762, 4.9479 ], [ -77.3671, 4.9455 ], [ -77.3764, 4.9725 ], [ -77.38, 5.0878 ], [ -77.3829, 5.1071 ], [ -77.3895, 5.1087 ], [ -77.3841, 5.1521 ], [ -77.3972, 5.169 ], [ -77.3878, 5.2883 ], [ -77.3929, 5.3188 ], [ -77.4033, 5.3246 ], [ -77.3975, 5.3494 ], [ -77.4133, 5.4052 ], [ -77.4101, 5.4112 ], [ -77.3874, 5.3918 ], [ -77.3934, 5.4056 ], [ -77.3808, 5.4086 ], [ -77.3953, 5.4085 ], [ -77.3968, 5.4196 ], [ -77.391, 5.4172 ], [ -77.3828, 5.4215 ], [ -77.3932, 5.4259 ], [ -77.3899, 5.4437 ], [ -77.4039, 5.4428 ], [ -77.4001, 5.4523 ], [ -77.4191, 5.446 ], [ -77.4197, 5.4361 ], [ -77.4286, 5.4374 ], [ -77.4299, 5.4684 ], [ -77.454, 5.4887 ], [ -77.473, 5.4899 ], [ -77.4925, 5.4686 ], [ -77.5105, 5.483 ], [ -77.5394, 5.4812 ] ] ] } },
{ "type": "Feature", "properties": { "DPTO_CCDGO": "41", "DPTO_CNMBR": "HUILA", "REGION": "Andina" }, "geometry": { "type": "Polygon", "coordinates": [ [ [ -75.8118, 2.779 ], [ -75.8056, 2.8191 ], [ -75.8254, 2.8382 ], [ -75.8456, 2.843 ], [ -75.8792, 2.8338 ], [ -75.8952, 2.8554 ], [ -76.029, 2.9405 ], [ -75.9913, 2.9825 ], [ -75.9712, 2.9451 ], [ -75.959, 2.9368 ], [ -75.9534, 2.9178 ], [ -75.9274, 2.9214 ], [ -75.9274, 2.9137 ], [ -75.9086, 2.9095 ], [ -75.9015, 2.8949 ], [ -75.8844, 2.8976 ], [ -75.8574, 2.8715 ], [ -75.8012, 2.8862 ], [ -75.7768, 2.9136 ], [ -75.7555, 2.9087 ], [ -75.7675, 2.9153 ], [ -75.7615, 2.9423 ], [ -75.7027, 2.97 ], [ -75.6932, 2.9934 ], [ -75.6608, 2.9866 ], [ -75.6473, 2.9963 ], [ -75.6355, 2.9941 ], [ -75.6015, 3.0392 ], [ -75.5977, 3.0576 ], [ -75.6, 3.0485 ], [ -75.6182, 3.0631 ], [ -75.622, 3.0764 ], [ -75.6023, 3.113 ], [ -75.5825, 3.1238 ], [ -75.5763, 3.1448 ], [ -75.5848, 3.1501 ], [ -75.585, 3.1768 ], [ -75.5725, 3.2007 ], [ -75.5759, 3.2284 ], [ -75.5219, 3.3012 ], [ -75.5251, 3.3212 ], [ -75.5111, 3.3288 ], [ -75.4985, 3.3214 ], [ -75.4904, 3.3259 ], [ -75.4788, 3.3611 ], [ -75.4449, 3.3568 ], [ -75.4406, 3.3452 ], [ -75.4261, 3.3525 ], [ -75.415, 3.3712 ], [ -75.3751, 3.3751 ], [ -75.3665, 3.4066 ], [ -75.3415, 3.4054 ], [ -75.3403, 3.398 ], [ -75.3182, 3.4163 ], [ -75.2527, 3.3657 ], [ -75.2413, 3.4043 ], [ -75.2267, 3.4159 ], [ -75.2001, 3.4091 ], [ -75.1999, 3.3846 ], [ -75.1729, 3.3784 ], [ -75.1718, 3.4122 ], [ -75.1516, 3.4187 ], [ -75.1497, 3.4349 ], [ -75.0345, 3.4279 ], [ -75.0427, 3.4084 ], [ -75.0277, 3.3914 ], [ -75.0569, 3.378 ], [ -75.0579, 3.3147 ], [ -75.0706, 3.2953 ], [ -75.0135, 3.2877 ], [ -75.0097, 3.2783 ], [ -74.9789, 3.2854 ], [ -74.9591, 3.2771 ], [ -74.9126, 3.2899 ], [ -74.9074, 3.284 ], [ -74.9092, 3.2905 ], [ -74.8755, 3.3261 ], [ -74.8485, 3.3408 ], [ -74.8257, 3.3889 ], [ -74.8153, 3.3935 ], [ -74.8163, 3.4064 ], [ -74.7645, 3.4409 ], [ -74.7617, 3.4546 ], [ -74.7808, 3.479 ], [ -74.7807, 3.5097 ], [ -74.7692, 3.5301 ], [ -74.7476, 3.5277 ], [ -74.7286, 3.5516 ], [ -74.7384, 3.5908 ], [ -74.7202, 3.6141 ], [ -74.701, 3.6157 ], [ -74.6974, 3.6416 ], [ -74.6754, 3.6717 ], [ -74.6473, 3.6831 ], [ -74.5908, 3.7295 ], [ -74.5576, 3.7671 ], [ -74.5345, 3.821 ], [ -74.5347, 3.8432 ], [ -74.4902, 3.8176 ], [ -74.477, 3.8243 ], [ -74.4502, 3.819 ], [ -74.4453, 3.8008 ], [ -74.4634, 3.7409 ], [ -74.4421, 3.7302 ], [ -74.4178, 3.742 ], [ -74.4133, 3.7238 ], [ -74.4245, 3.7084 ], [ -74.439, 3.7073 ], [ -74.4645, 3.6642 ], [ -74.4824, 3.6675 ], [ -74.5029, 3.6463 ], [ -74.5142, 3.6009 ], [ -74.5247, 3.5952 ], [ -74.5241, 3.5797 ], [ -74.5374, 3.5598 ], [ -74.5665, 3.5224 ], [ -74.5907, 3.5273 ], [ -74.6305, 3.4713 ], [ -74.6155, 3.4595 ], [ -74.6175, 3.4294 ], [ -74.6057, 3.4141 ], [ -74.624, 3.393 ], [ -74.6221, 3.3783 ], [ -74.6398, 3.3684 ], [ -74.6179, 3.3305 ], [ -74.6261, 3.2998 ], [ -74.6163, 3.2878 ], [ -74.6355, 3.2785 ], [ -74.6566, 3.2476 ], [ -74.6733, 3.1863 ], [ -74.713, 3.17 ], [ -74.7272, 3.138 ], [ -74.7489, 3.1225 ], [ -74.7509, 3.1082 ], [ -74.7643, 3.1051 ], [ -74.766, 3.0969 ], [ -74.7903, 3.0737 ], [ -74.7918, 3.0562 ], [ -74.816, 3.053 ], [ -74.8496, 2.9947 ], [ -74.8629, 2.9936 ], [ -74.869, 2.9736 ], [ -74.9061, 2.9591 ], [ -74.911, 2.9316 ], [ -74.9558, 2.8797 ], [ -74.989, 2.858 ], [ -75.0203, 2.815 ], [ -75.0265, 2.7932 ], [ -75.0879, 2.7303 ], [ -75.0963, 2.7376 ], [ -75.1144, 2.7247 ], [ -75.1217, 2.7295 ], [ -75.1453, 2.7234 ], [ -75.1353, 2.7496 ], [ -75.1566, 2.7049 ], [ -75.1613, 2.7038 ], [ -75.1332, 2.6936 ], [ -75.1556, 2.6459 ], [ -75.1327, 2.5952 ], [ -75.1541, 2.5812 ], [ -75.1576, 2.5636 ], [ -75.1814, 2.5311 ], [ -75.1726, 2.5238 ], [ -75.1806, 2.5077 ], [ -75.2271, 2.5117 ], [ -75.2311, 2.4809 ], [ -75.2533, 2.453 ], [ -75.2506, 2.4445 ], [ -75.2705, 2.4225 ], [ -75.2795, 2.4227 ], [ -75.2898, 2.3892 ], [ -75.3101, 2.3616 ], [ -75.3296, 2.3653 ], [ -75.3481, 2.3238 ], [ -75.3588, 2.32 ], [ -75.3698, 2.3266 ], [ -75.3867, 2.3154 ], [ -75.3942, 2.2992 ], [ -75.3905, 2.2937 ], [ -75.4086, 2.2646 ], [ -75.4104, 2.2456 ], [ -75.4386, 2.2236 ], [ -75.4396, 2.2104 ], [ -75.4263, 2.1881 ], [ -75.4424, 2.147 ], [ -75.4866, 2.1352 ], [ -75.5014, 2.123 ], [ -75.535, 2.1177 ], [ -75.5414, 2.0889 ], [ -75.5541, 2.0803 ], [ -75.5698, 2.0414 ], [ -75.5892, 2.0225 ], [ -75.5879, 2.0136 ], [ -75.5977, 2.0167 ], [ -75.5877, 2.0124 ], [ -75.6161, 1.997 ], [ -75.6239, 1.9748 ], [ -75.641, 1.958 ], [ -75.6474, 1.9358 ], [ -75.6413, 1.9225 ], [ -75.6518, 1.9011 ], [ -75.6881, 1.8807 ], [ -75.702, 1.8662 ], [ -75.7079, 1.8397 ], [ -75.7307, 1.8233 ], [ -75.7371, 1.7825 ], [ -75.7736, 1.7622 ], [ -75.7867, 1.7631 ], [ -75.7991, 1.7501 ], [ -75.817, 1.7535 ], [ -75.8373, 1.7402 ], [ -75.8387, 1.7447 ], [ -75.8415, 1.7243 ], [ -75.9122, 1.712 ], [ -75.9527, 1.6638 ], [ -75.98, 1.6576 ], [ -75.9808, 1.6244 ], [ -76.006, 1.6148 ], [ -76.0344, 1.5828 ], [ -76.0746, 1.5848 ], [ -76.1198, 1.5521 ], [ -76.1244, 1.5661 ], [ -76.1697, 1.588 ], [ -76.1645, 1.5961 ], [ -76.1915, 1.5719 ], [ -76.2026, 1.579 ], [ -76.2007, 1.592 ], [ -76.2119, 1.6065 ], [ -76.2116, 1.6407 ], [ -76.2277, 1.6631 ], [ -76.1843, 1.6918 ], [ -76.2264, 1.6647 ], [ -76.2423, 1.6831 ], [ -76.2538, 1.6741 ], [ -76.2815, 1.6766 ], [ -76.3016, 1.6902 ], [ -76.3162, 1.6844 ], [ -76.3256, 1.6631 ], [ -76.3819, 1.6677 ], [ -76.3719, 1.7425 ], [ -76.3826, 1.7468 ], [ -76.4195, 1.7178 ], [ -76.4305, 1.741 ], [ -76.4209, 1.7561 ], [ -76.4351, 1.7918 ], [ -76.4888, 1.8258 ], [ -76.5127, 1.8336 ], [ -76.5304, 1.8235 ], [ -76.5454, 1.84 ], [ -76.5573, 1.8392 ], [ -76.5903, 1.8682 ], [ -76.5921, 1.8814 ], [ -76.5787, 1.8987 ], [ -76.595, 1.92 ], [ -76.6197, 1.9281 ], [ -76.6105, 1.9467 ], [ -76.6243, 1.9738 ], [ -76.6107, 1.995 ], [ -76.5923, 2.0055 ], [ -76.5792, 2.0017 ], [ -76.5725, 2.0197 ], [ -76.5738, 2.0299 ], [ -76.5861, 2.0346 ], [ -76.5773, 2.0565 ], [ -76.5902, 2.1081 ], [ -76.5529, 2.1397 ], [ -76.5134, 2.1353 ], [ -76.5032, 2.1262 ], [ -76.4874, 2.1291 ], [ -76.4806, 2.1109 ], [ -76.4664, 2.1003 ], [ -76.4247, 2.1289 ], [ -76.4367, 2.1779 ], [ -76.4337, 2.1881 ], [ -76.4032, 2.2036 ], [ -76.3851, 2.2685 ], [ -76.3684, 2.2791 ], [ -76.3605, 2.2707 ], [ -76.2983, 2.2817 ], [ -76.2496, 2.2467 ], [ -76.2062, 2.198 ], [ -76.1536, 2.1988 ], [ -76.1362, 2.221 ], [ -76.1211, 2.2248 ], [ -76.1465, 2.294 ], [ -76.1202, 2.3905 ], [ -76.0892, 2.4159 ], [ -76.0325, 2.4026 ], [ -76.0198, 2.4474 ], [ -75.9746, 2.5022 ], [ -75.9527, 2.4871 ], [ -75.9373, 2.4881 ], [ -75.9318, 2.4784 ], [ -75.924, 2.4812 ], [ -75.9157, 2.4712 ], [ -75.9176, 2.457 ], [ -75.8886, 2.4342 ], [ -75.8875, 2.4251 ], [ -75.8728, 2.4317 ], [ -75.8742, 2.4261 ], [ -75.8635, 2.4264 ], [ -75.8535, 2.4544 ], [ -75.8471, 2.4505 ], [ -75.849, 2.4583 ], [ -75.8413, 2.4591 ], [ -75.8427, 2.4486 ], [ -75.8361, 2.4632 ], [ -75.8431, 2.4663 ], [ -75.8231, 2.4833 ], [ -75.8125, 2.4838 ], [ -75.8221, 2.4925 ], [ -75.8193, 2.5197 ], [ -75.8367, 2.5392 ], [ -75.8335, 2.5521 ], [ -75.84, 2.5592 ], [ -75.8245, 2.5908 ], [ -75.81, 2.6002 ], [ -75.791, 2.6304 ], [ -75.7891, 2.6582 ], [ -75.7608, 2.679 ], [ -75.7478, 2.7192 ], [ -75.7512, 2.7425 ], [ -75.7828, 2.7631 ], [ -75.7898, 2.7584 ], [ -75.8051, 2.7675 ], [ -75.8118, 2.779 ] ] ] } },
{ "type": "Feature", "properties": { "DPTO_CCDGO": "44", "DPTO_CNMBR": "LA GUAJIRA", "REGION": "Caribe" }, "geometry": { "type": "Polygon", "coordinates": [ [ [ -72.9867, 10.4005 ], [ -73.0162, 10.4118 ], [ -73.0369, 10.4035 ], [ -73.0845, 10.4263 ], [ -73.1423, 10.3968 ], [ -73.1423, 10.4368 ], [ -73.1687, 10.4619 ], [ -73.1779, 10.4566 ], [ -73.1816, 10.4665 ], [ -73.1707, 10.473 ], [ -73.1749, 10.4812 ], [ -73.164, 10.4845 ], [ -73.1676, 10.4924 ], [ -73.1611, 10.489 ], [ -73.1449, 10.4995 ], [ -73.1495, 10.5081 ], [ -73.1395, 10.5142 ], [ -73.1376, 10.5303 ], [ -73.1234, 10.5271 ], [ -73.099, 10.5524 ], [ -73.1013, 10.5721 ], [ -73.0851, 10.591 ], [ -73.0888, 10.6155 ], [ -73.0764, 10.636 ], [ -73.0828, 10.6503 ], [ -73.1121, 10.6676 ], [ -73.1154, 10.6808 ], [ -73.1361, 10.685 ], [ -73.1625, 10.7097 ], [ -73.2044, 10.7043 ], [ -73.2215, 10.7338 ], [ -73.2779, 10.7261 ], [ -73.2685, 10.7533 ], [ -73.2524, 10.7704 ], [ -73.2598, 10.7848 ], [ -73.2513, 10.8043 ], [ -73.2653, 10.8452 ], [ -73.2779, 10.8479 ], [ -73.2799, 10.857 ], [ -73.2901, 10.8624 ], [ -73.3128, 10.846 ], [ -73.3375, 10.8624 ], [ -73.3741, 10.8582 ], [ -73.3937, 10.8675 ], [ -73.4534, 10.8691 ], [ -73.4648, 10.8647 ], [ -73.4794, 10.8672 ], [ -73.5198, 10.8477 ], [ -73.5619, 10.8471 ], [ -73.5986, 10.836 ], [ -73.6146, 10.8809 ], [ -73.636, 10.9079 ], [ -73.6426, 10.9672 ], [ -73.6649, 10.9899 ], [ -73.6486, 11.0158 ], [ -73.653, 11.0306 ], [ -73.6355, 11.0416 ], [ -73.65, 11.0608 ], [ -73.6409, 11.0779 ], [ -73.6509, 11.0885 ], [ -73.6374, 11.1088 ], [ -73.6533, 11.1376 ], [ -73.6343, 11.1463 ], [ -73.6275, 11.1417 ], [ -73.6168, 11.1536 ], [ -73.6198, 11.1617 ], [ -73.6086, 11.1631 ], [ -73.6104, 11.1714 ], [ -73.5839, 11.1894 ], [ -73.582, 11.2165 ], [ -73.5726, 11.2252 ], [ -73.5781, 11.2297 ], [ -73.5681, 11.2327 ], [ -73.5655, 11.2552 ], [ -73.5749, 11.2597 ], [ -73.5319, 11.2511 ], [ -73.4845, 11.2632 ], [ -73.436, 11.2574 ], [ -73.3477, 11.2639 ], [ -73.2767, 11.2858 ], [ -73.218, 11.3293 ], [ -73.2104, 11.3135 ], [ -73.2168, 11.3299 ], [ -73.1957, 11.345 ], [ -73.1891, 11.3659 ], [ -73.1596, 11.385 ], [ -73.143, 11.4076 ], [ -73.0939, 11.4262 ], [ -73.0292, 11.4918 ], [ -72.8902, 11.5597 ], [ -72.88, 11.5506 ], [ -72.8906, 11.5603 ], [ -72.8343, 11.6286 ], [ -72.7651, 11.681 ], [ -72.6591, 11.7185 ], [ -72.624, 11.7215 ], [ -72.5925, 11.7468 ], [ -72.5614, 11.7451 ], [ -72.5148, 11.7769 ], [ -72.4441, 11.7797 ], [ -72.3556, 11.8279 ], [ -72.331, 11.7723 ], [ -72.3551, 11.8281 ], [ -72.2488, 11.891 ], [ -72.2519, 11.8805 ], [ -72.2454, 11.878 ], [ -72.2257, 11.8934 ], [ -72.2255, 11.9 ], [ -72.2467, 11.8923 ], [ -72.2147, 11.9304 ], [ -72.1388, 12.1046 ], [ -72.1489, 12.2005 ], [ -72.1807, 12.207 ], [ -72.179, 12.2171 ], [ -72.1432, 12.2394 ], [ -72.0837, 12.2309 ], [ -71.9612, 12.2577 ], [ -71.9568, 12.2486 ], [ -71.9643, 12.2282 ], [ -71.9886, 12.2101 ], [ -71.9879, 12.1984 ], [ -71.9957, 12.2002 ], [ -72.0009, 12.1863 ], [ -71.9824, 12.1811 ], [ -71.9789, 12.1723 ], [ -71.9865, 12.1476 ], [ -71.973, 12.1566 ], [ -71.9658, 12.1469 ], [ -71.9704, 12.1624 ], [ -71.9608, 12.1797 ], [ -71.9632, 12.1495 ], [ -71.9469, 12.1571 ], [ -71.9472, 12.1515 ], [ -71.9386, 12.1531 ], [ -71.9446, 12.1606 ], [ -71.93, 12.1511 ], [ -71.9178, 12.1664 ], [ -71.9249, 12.1839 ], [ -71.9146, 12.1821 ], [ -71.8876, 12.1977 ], [ -71.8685, 12.1909 ], [ -71.8615, 12.2173 ], [ -71.8799, 12.2359 ], [ -71.8703, 12.2476 ], [ -71.8903, 12.2514 ], [ -71.8912, 12.2753 ], [ -71.9399, 12.2758 ], [ -71.9441, 12.2594 ], [ -71.9557, 12.2729 ], [ -71.8994, 12.3151 ], [ -71.8601, 12.3562 ], [ -71.8409, 12.3515 ], [ -71.8227, 12.372 ], [ -71.8065, 12.3668 ], [ -71.8398, 12.3398 ], [ -71.8207, 12.3104 ], [ -71.8029, 12.3058 ], [ -71.7938, 12.3286 ], [ -71.7563, 12.3328 ], [ -71.7394, 12.3521 ], [ -71.7373, 12.3684 ], [ -71.7445, 12.3783 ], [ -71.7619, 12.381 ], [ -71.7345, 12.3938 ], [ -71.7246, 12.4115 ], [ -71.7113, 12.4004 ], [ -71.7257, 12.3871 ], [ -71.7222, 12.3704 ], [ -71.7185, 12.3769 ], [ -71.71, 12.369 ], [ -71.7029, 12.3767 ], [ -71.6935, 12.3681 ], [ -71.7013, 12.3623 ], [ -71.6933, 12.3641 ], [ -71.6854, 12.3727 ], [ -71.7002, 12.3816 ], [ -71.6897, 12.3888 ], [ -71.6957, 12.3923 ], [ -71.6746, 12.3893 ], [ -71.6474, 12.4086 ], [ -71.6346, 12.4034 ], [ -71.6286, 12.413 ], [ -71.6763, 12.4046 ], [ -71.6471, 12.4311 ], [ -71.6594, 12.4337 ], [ -71.6684, 12.4257 ], [ -71.6718, 12.4321 ], [ -71.7001, 12.4177 ], [ -71.6847, 12.4429 ], [ -71.7119, 12.4175 ], [ -71.735, 12.4087 ], [ -71.7305, 12.4269 ], [ -71.6707, 12.4594 ], [ -71.6107, 12.437 ], [ -71.5767, 12.4359 ], [ -71.5742, 12.4442 ], [ -71.5568, 12.4349 ], [ -71.5261, 12.4373 ], [ -71.4604, 12.4074 ], [ -71.4366, 12.3807 ], [ -71.4026, 12.384 ], [ -71.3527, 12.3683 ], [ -71.3228, 12.3477 ], [ -71.3124, 12.3568 ], [ -71.3017, 12.3534 ], [ -71.2283, 12.3006 ], [ -71.2196, 12.2603 ], [ -71.1151, 12.086 ], [ -71.1161, 12.0347 ], [ -71.1361, 12.0027 ], [ -71.219, 11.9642 ], [ -71.2822, 11.9061 ], [ -71.2901, 11.9163 ], [ -71.3109, 11.9289 ], [ -71.3129, 11.9214 ], [ -71.3039, 11.9225 ], [ -71.312, 11.915 ], [ -71.327, 11.9212 ], [ -71.3324, 11.9071 ], [ -71.3263, 11.9016 ], [ -71.3004, 11.9166 ], [ -71.2901, 11.914 ], [ -71.3222, 11.8594 ], [ -71.3239, 11.8335 ], [ -71.3332, 11.8504 ], [ -71.3474, 11.8438 ], [ -71.3382, 11.8422 ], [ -71.3452, 11.8374 ], [ -71.3596, 11.8352 ], [ -71.3631, 11.8411 ], [ -71.3624, 11.827 ], [ -71.3885, 11.828 ], [ -71.3874, 11.8152 ], [ -71.3784, 11.8121 ], [ -71.611, 11.7463 ], [ -71.8022, 11.68 ], [ -71.9714, 11.6463 ], [ -72.2494, 11.1402 ], [ -72.3314, 11.1443 ], [ -72.3493, 11.1514 ], [ -72.4388, 11.1153 ], [ -72.4423, 11.1273 ], [ -72.4602, 11.1172 ], [ -72.4954, 11.0825 ], [ -72.4924, 11.0797 ], [ -72.4997, 11.0788 ], [ -72.4913, 11.0793 ], [ -72.4815, 11.0594 ], [ -72.505, 11.0379 ], [ -72.5088, 11.0227 ], [ -72.5261, 11.0118 ], [ -72.5189, 11.0007 ], [ -72.535, 10.9875 ], [ -72.5634, 10.9279 ], [ -72.6039, 10.8975 ], [ -72.6124, 10.8827 ], [ -72.648, 10.8804 ], [ -72.6619, 10.8312 ], [ -72.676, 10.8193 ], [ -72.6827, 10.7958 ], [ -72.6799, 10.7642 ], [ -72.7114, 10.7521 ], [ -72.7177, 10.7391 ], [ -72.7159, 10.7061 ], [ -72.7297, 10.6963 ], [ -72.7401, 10.652 ], [ -72.7486, 10.6559 ], [ -72.75, 10.6345 ], [ -72.7814, 10.6124 ], [ -72.7928, 10.5885 ], [ -72.8223, 10.5676 ], [ -72.8343, 10.54 ], [ -72.8562, 10.547 ], [ -72.8384, 10.5314 ], [ -72.8387, 10.5092 ], [ -72.8706, 10.5147 ], [ -72.8433, 10.5079 ], [ -72.8447, 10.4852 ], [ -72.8761, 10.4537 ], [ -72.9176, 10.4533 ], [ -72.8868, 10.4532 ], [ -72.901, 10.4343 ], [ -72.9425, 10.427 ], [ -72.9867, 10.4005 ] ] ] } },
{ "type": "Feature", "properties": { "DPTO_CCDGO": "47", "DPTO_CNMBR": "MAGDALENA", "REGION": "Caribe" }, "geometry": { "type": "Polygon", "coordinates": [ [ [ -74.4199, 9.2379 ], [ -74.4356, 9.2743 ], [ -74.4686, 9.2688 ], [ -74.5109, 9.2341 ], [ -74.5306, 9.242 ], [ -74.5293, 9.262 ], [ -74.532, 9.2557 ], [ -74.5475, 9.2745 ], [ -74.5662, 9.3149 ], [ -74.6156, 9.3413 ], [ -74.6136, 9.3612 ], [ -74.6215, 9.3748 ], [ -74.6559, 9.384 ], [ -74.6529, 9.3915 ], [ -74.6583, 9.385 ], [ -74.6718, 9.4126 ], [ -74.6987, 9.4268 ], [ -74.7321, 9.4188 ], [ -74.7423, 9.4464 ], [ -74.7592, 9.4626 ], [ -74.7759, 9.4633 ], [ -74.8028, 9.4437 ], [ -74.8068, 9.4653 ], [ -74.7771, 9.4959 ], [ -74.7771, 9.5085 ], [ -74.8071, 9.5476 ], [ -74.7736, 9.5873 ], [ -74.777, 9.6262 ], [ -74.8058, 9.6755 ], [ -74.7876, 9.6969 ], [ -74.8153, 9.7312 ], [ -74.8052, 9.7618 ], [ -74.8156, 9.7899 ], [ -74.8394, 9.8103 ], [ -74.881, 9.8652 ], [ -74.8717, 9.9019 ], [ -74.8733, 9.9357 ], [ -74.8529, 9.9544 ], [ -74.8204, 9.9673 ], [ -74.788, 10.0063 ], [ -74.789, 10.0131 ], [ -74.8167, 10.0404 ], [ -74.8251, 10.0592 ], [ -74.8485, 10.085 ], [ -74.8926, 10.1062 ], [ -74.9267, 10.1081 ], [ -74.9448, 10.1269 ], [ -74.9288, 10.2137 ], [ -74.8953, 10.2954 ], [ -74.8618, 10.3511 ], [ -74.8635, 10.3667 ], [ -74.8136, 10.3558 ], [ -74.8651, 10.37 ], [ -74.8588, 10.392 ], [ -74.8272, 10.4112 ], [ -74.812, 10.4509 ], [ -74.81, 10.4753 ], [ -74.7984, 10.4962 ], [ -74.7671, 10.5281 ], [ -74.7389, 10.5423 ], [ -74.7382, 10.5821 ], [ -74.7271, 10.6011 ], [ -74.7235, 10.598 ], [ -74.7267, 10.6237 ], [ -74.7471, 10.6492 ], [ -74.7236, 10.667 ], [ -74.7256, 10.7751 ], [ -74.7416, 10.8419 ], [ -74.7365, 10.8888 ], [ -74.7184, 10.9093 ], [ -74.7538, 10.9361 ], [ -74.7588, 10.9837 ], [ -74.7687, 11.002 ], [ -74.8395, 11.0594 ], [ -74.8519, 11.1054 ], [ -74.6195, 11.0156 ], [ -74.4848, 10.981 ], [ -74.3508, 10.976 ], [ -74.303, 10.9853 ], [ -74.2654, 11.004 ], [ -74.2449, 11.0241 ], [ -74.2154, 11.0763 ], [ -74.2335, 11.1165 ], [ -74.2266, 11.1444 ], [ -74.2303, 11.165 ], [ -74.2412, 11.1758 ], [ -74.2281, 11.2049 ], [ -74.2418, 11.22 ], [ -74.2166, 11.2405 ], [ -74.215, 11.2521 ], [ -74.2208, 11.2532 ], [ -74.1914, 11.2644 ], [ -74.2066, 11.2742 ], [ -74.1908, 11.2918 ], [ -74.1943, 11.3037 ], [ -74.1854, 11.2987 ], [ -74.1734, 11.3076 ], [ -74.1679, 11.2955 ], [ -74.149, 11.2981 ], [ -74.1609, 11.3242 ], [ -74.1447, 11.337 ], [ -74.135, 11.3155 ], [ -74.1254, 11.3195 ], [ -74.1242, 11.3344 ], [ -74.1054, 11.3189 ], [ -74.1073, 11.3479 ], [ -74.0957, 11.3392 ], [ -74.0999, 11.3223 ], [ -74.0829, 11.3155 ], [ -74.0748, 11.3422 ], [ -74.0648, 11.3453 ], [ -74.0568, 11.3281 ], [ -74.0495, 11.332 ], [ -74.0521, 11.3454 ], [ -74.0435, 11.3488 ], [ -74.0357, 11.3387 ], [ -74.0305, 11.3466 ], [ -73.9752, 11.3387 ], [ -73.9471, 11.3143 ], [ -73.8947, 11.2988 ], [ -73.858, 11.2742 ], [ -73.7907, 11.2564 ], [ -73.7609, 11.2651 ], [ -73.7152, 11.2539 ], [ -73.6985, 11.2608 ], [ -73.6605, 11.2521 ], [ -73.593, 11.2635 ], [ -73.5665, 11.2571 ], [ -73.5681, 11.2324 ], [ -73.5781, 11.2297 ], [ -73.5726, 11.2251 ], [ -73.5793, 11.2243 ], [ -73.5744, 11.2184 ], [ -73.582, 11.2165 ], [ -73.591, 11.1786 ], [ -73.6103, 11.1715 ], [ -73.6082, 11.1635 ], [ -73.6198, 11.1617 ], [ -73.6168, 11.1536 ], [ -73.6275, 11.1417 ], [ -73.6343, 11.1463 ], [ -73.6533, 11.1376 ], [ -73.6374, 11.1088 ], [ -73.6509, 11.0885 ], [ -73.6409, 11.0779 ], [ -73.65, 11.0608 ], [ -73.6355, 11.0416 ], [ -73.653, 11.0306 ], [ -73.6486, 11.0158 ], [ -73.6649, 10.9899 ], [ -73.6426, 10.9672 ], [ -73.636, 10.9079 ], [ -73.6146, 10.8809 ], [ -73.5986, 10.836 ], [ -73.6352, 10.8079 ], [ -73.6387, 10.7878 ], [ -73.589, 10.7817 ], [ -73.5737, 10.7665 ], [ -73.5418, 10.7544 ], [ -73.5623, 10.7409 ], [ -73.5631, 10.716 ], [ -73.5829, 10.7167 ], [ -73.5938, 10.7053 ], [ -73.5967, 10.6858 ], [ -73.6117, 10.6727 ], [ -73.6181, 10.6451 ], [ -73.5977, 10.6387 ], [ -73.5957, 10.586 ], [ -73.6134, 10.5642 ], [ -73.5978, 10.5623 ], [ -73.5905, 10.5491 ], [ -73.5705, 10.5418 ], [ -73.5631, 10.5038 ], [ -73.5844, 10.5019 ], [ -73.5924, 10.4938 ], [ -73.6015, 10.5006 ], [ -73.6295, 10.4946 ], [ -73.6398, 10.5008 ], [ -73.6532, 10.4769 ], [ -73.6439, 10.4686 ], [ -73.6523, 10.4605 ], [ -73.6616, 10.4548 ], [ -73.7033, 10.4636 ], [ -73.7042, 10.4301 ], [ -73.7407, 10.4357 ], [ -73.779, 10.3962 ], [ -73.8065, 10.3964 ], [ -73.8181, 10.3851 ], [ -73.8305, 10.4026 ], [ -73.8565, 10.3879 ], [ -73.8674, 10.3946 ], [ -73.884, 10.3875 ], [ -73.8839, 10.3937 ], [ -73.9167, 10.3786 ], [ -73.9329, 10.3658 ], [ -73.9329, 10.3552 ], [ -73.9613, 10.3368 ], [ -73.9555, 10.3261 ], [ -73.9633, 10.3158 ], [ -73.9577, 10.3107 ], [ -73.9635, 10.2904 ], [ -74.0122, 10.2524 ], [ -74.0104, 10.2363 ], [ -74.0407, 10.22 ], [ -74.0389, 10.2015 ], [ -74.0657, 10.1667 ], [ -74.0604, 10.1404 ], [ -74.0744, 10.1201 ], [ -74.0673, 10.0981 ], [ -74.0844, 10.0731 ], [ -74.0738, 10.0585 ], [ -74.074, 10.0517 ], [ -74.0828, 10.0595 ], [ -74.0807, 10.0535 ], [ -74.0618, 10.0416 ], [ -74.0513, 10.0105 ], [ -74.0346, 9.9984 ], [ -74.0543, 9.993 ], [ -74.0338, 9.9954 ], [ -74.0118, 9.9761 ], [ -74.0018, 9.9402 ], [ -73.9527, 9.9269 ], [ -73.9501, 9.9135 ], [ -73.937, 9.9067 ], [ -73.9229, 9.8769 ], [ -73.9044, 9.8613 ], [ -73.895, 9.8321 ], [ -73.8863, 9.8334 ], [ -73.8744, 9.8127 ], [ -73.867, 9.816 ], [ -73.8419, 9.7974 ], [ -73.8281, 9.7496 ], [ -73.8367, 9.7356 ], [ -73.8421, 9.7367 ], [ -73.8251, 9.7198 ], [ -73.825, 9.7103 ], [ -73.8176, 9.7105 ], [ -73.8099, 9.6746 ], [ -73.8189, 9.6807 ], [ -73.8074, 9.672 ], [ -73.8033, 9.6364 ], [ -73.8679, 9.601 ], [ -73.8794, 9.6009 ], [ -73.8823, 9.614 ], [ -73.8934, 9.6164 ], [ -73.9098, 9.6018 ], [ -73.9187, 9.6056 ], [ -73.9893, 9.5798 ], [ -74.004, 9.5954 ], [ -74.0367, 9.5913 ], [ -74.0537, 9.5668 ], [ -74.0698, 9.5639 ], [ -74.1194, 9.504 ], [ -74.1875, 9.4838 ], [ -74.2145, 9.4626 ], [ -74.1866, 9.484 ], [ -74.2071, 9.4274 ], [ -74.1937, 9.4459 ], [ -74.1864, 9.484 ], [ -74.1408, 9.4938 ], [ -74.1208, 9.4801 ], [ -74.0974, 9.4767 ], [ -74.0494, 9.4245 ], [ -74.034, 9.424 ], [ -74.0083, 9.3989 ], [ -73.9781, 9.3894 ], [ -73.9952, 9.3811 ], [ -73.982, 9.3867 ], [ -73.9846, 9.365 ], [ -74.0079, 9.3148 ], [ -73.9897, 9.3511 ], [ -73.9856, 9.3114 ], [ -73.9579, 9.3038 ], [ -73.9428, 9.2896 ], [ -73.9495, 9.2374 ], [ -73.9657, 9.2178 ], [ -73.9559, 9.1962 ], [ -73.962, 9.1877 ], [ -73.8928, 9.1736 ], [ -73.8789, 9.1858 ], [ -73.8666, 9.183 ], [ -73.8619, 9.1706 ], [ -73.8755, 9.146 ], [ -73.8753, 9.1305 ], [ -73.8611, 9.1092 ], [ -73.7977, 9.0574 ], [ -73.7964, 9.0459 ], [ -73.8098, 9.0446 ], [ -73.8027, 9.0365 ], [ -73.811, 9.0372 ], [ -73.8082, 9.0281 ], [ -73.8258, 9.0227 ], [ -73.8322, 8.9793 ], [ -73.8677, 8.9365 ], [ -73.8704, 8.9604 ], [ -73.9001, 8.9807 ], [ -73.9208, 8.9783 ], [ -73.9591, 8.9959 ], [ -73.9777, 8.9839 ], [ -73.9909, 8.9963 ], [ -74.0019, 8.9955 ], [ -74.0022, 9.0098 ], [ -73.9847, 9.0097 ], [ -74.0068, 9.0318 ], [ -74.0269, 9.0261 ], [ -74.0367, 9.0445 ], [ -74.0499, 9.0216 ], [ -74.0775, 9.0263 ], [ -74.0967, 9.0154 ], [ -74.1125, 9.0408 ], [ -74.1279, 9.028 ], [ -74.1412, 9.0314 ], [ -74.139, 9.0421 ], [ -74.1175, 9.046 ], [ -74.1342, 9.0642 ], [ -74.156, 9.0567 ], [ -74.1576, 9.0709 ], [ -74.1779, 9.0783 ], [ -74.1698, 9.0927 ], [ -74.1757, 9.088 ], [ -74.2008, 9.1005 ], [ -74.2137, 9.1202 ], [ -74.2276, 9.1232 ], [ -74.2201, 9.1361 ], [ -74.2502, 9.1659 ], [ -74.2665, 9.1696 ], [ -74.2839, 9.1575 ], [ -74.2982, 9.1598 ], [ -74.2911, 9.1938 ], [ -74.2997, 9.2041 ], [ -74.3489, 9.2333 ], [ -74.404, 9.2145 ], [ -74.4179, 9.2362 ], [ -74.4104, 9.2382 ], [ -74.4199, 9.2379 ] ] ] } },
{ "type": "Feature", "properties": { "DPTO_CCDGO": "50", "DPTO_CNMBR": "META", "REGION": "Orinoquia" }, "geometry": { "type": "Polygon", "coordinates": [ [ [ -73.4589, 2.3382 ], [ -73.4693, 2.3611 ], [ -73.5029, 2.3577 ], [ -73.5086, 2.3519 ], [ -73.5052, 2.3371 ], [ -73.5144, 2.3334 ], [ -73.5262, 2.3865 ], [ -73.5733, 2.3548 ], [ -73.5854, 2.3596 ], [ -73.5886, 2.3902 ], [ -73.6324, 2.3624 ], [ -73.6308, 2.3527 ], [ -73.6138, 2.3411 ], [ -73.635, 2.3257 ], [ -73.6287, 2.2985 ], [ -73.6334, 2.2883 ], [ -73.6447, 2.2838 ], [ -73.6611, 2.2941 ], [ -73.66, 1.6121 ], [ -73.6691, 1.6082 ], [ -73.6911, 1.6288 ], [ -73.7393, 1.6378 ], [ -73.7521, 1.6291 ], [ -73.7904, 1.6335 ], [ -73.8108, 1.6174 ], [ -73.8576, 1.6081 ], [ -73.8929, 1.619 ], [ -73.9108, 1.6373 ], [ -73.9865, 1.6051 ], [ -73.9943, 1.6394 ], [ -74.0251, 1.6353 ], [ -74.0251, 1.6467 ], [ -74.0476, 1.6602 ], [ -74.0899, 1.6425 ], [ -74.1002, 1.6603 ], [ -74.0958, 1.6743 ], [ -74.1086, 1.694 ], [ -74.1877, 1.7057 ], [ -74.2059, 1.7147 ], [ -74.2056, 1.7498 ], [ -74.2154, 1.7667 ], [ -74.2705, 1.7535 ], [ -74.3168, 1.7864 ], [ -74.3834, 1.7905 ], [ -74.4152, 1.8124 ], [ -74.4776, 1.8072 ], [ -74.5159, 1.8332 ], [ -74.5639, 1.8485 ], [ -74.5601, 1.9009 ], [ -74.5705, 1.9233 ], [ -74.5629, 1.975 ], [ -74.5871, 2.0055 ], [ -74.588, 2.0203 ], [ -74.6104, 2.0395 ], [ -74.6067, 2.067 ], [ -74.653, 2.0659 ], [ -74.6305, 2.0831 ], [ -74.6439, 2.0943 ], [ -74.6439, 2.1188 ], [ -74.5915, 2.1383 ], [ -74.6003, 2.1528 ], [ -74.5995, 2.1938 ], [ -74.6115, 2.2011 ], [ -74.635, 2.1875 ], [ -74.641, 2.201 ], [ -74.668, 2.2123 ], [ -74.6593, 2.2268 ], [ -74.6487, 2.2281 ], [ -74.6496, 2.2423 ], [ -74.6912, 2.2621 ], [ -74.6981, 2.2808 ], [ -74.7091, 2.2838 ], [ -74.7164, 2.2618 ], [ -74.7261, 2.2651 ], [ -74.7321, 2.2801 ], [ -74.7432, 2.2695 ], [ -74.7487, 2.2803 ], [ -74.733, 2.3477 ], [ -74.7085, 2.3742 ], [ -74.6926, 2.421 ], [ -74.6725, 2.4248 ], [ -74.6619, 2.4887 ], [ -74.6486, 2.492 ], [ -74.6568, 2.51 ], [ -74.6774, 2.5229 ], [ -74.6804, 2.5573 ], [ -74.6479, 2.5849 ], [ -74.6439, 2.6062 ], [ -74.6158, 2.6172 ], [ -74.6176, 2.6346 ], [ -74.5995, 2.6363 ], [ -74.5888, 2.6618 ], [ -74.5936, 2.6778 ], [ -74.6387, 2.7027 ], [ -74.6192, 2.7505 ], [ -74.6425, 2.7551 ], [ -74.6571, 2.8041 ], [ -74.6667, 2.8053 ], [ -74.6724, 2.8312 ], [ -74.6614, 2.8407 ], [ -74.6713, 2.8878 ], [ -74.6945, 2.8924 ], [ -74.7678, 2.8723 ], [ -74.7941, 2.9137 ], [ -74.7898, 2.9263 ], [ -74.7981, 2.9361 ], [ -74.8357, 2.909 ], [ -74.8787, 2.9142 ], [ -74.8782, 2.9443 ], [ -74.8992, 2.9641 ], [ -74.869, 2.9736 ], [ -74.8629, 2.9936 ], [ -74.8496, 2.9947 ], [ -74.816, 3.053 ], [ -74.7878, 3.0604 ], [ -74.7903, 3.0737 ], [ -74.7643, 3.1051 ], [ -74.749, 3.1102 ], [ -74.7489, 3.1225 ], [ -74.7272, 3.138 ], [ -74.713, 3.17 ], [ -74.6733, 3.1863 ], [ -74.6566, 3.2476 ], [ -74.6355, 3.2785 ], [ -74.6163, 3.2878 ], [ -74.6261, 3.2998 ], [ -74.6179, 3.3305 ], [ -74.6398, 3.3684 ], [ -74.6221, 3.3783 ], [ -74.624, 3.393 ], [ -74.6057, 3.4141 ], [ -74.6175, 3.4294 ], [ -74.6155, 3.4595 ], [ -74.6305, 3.4713 ], [ -74.5907, 3.5273 ], [ -74.5665, 3.5224 ], [ -74.5241, 3.5797 ], [ -74.5247, 3.5952 ], [ -74.5142, 3.6009 ], [ -74.5029, 3.6463 ], [ -74.4824, 3.6675 ], [ -74.461, 3.6672 ], [ -74.439, 3.7073 ], [ -74.4245, 3.7084 ], [ -74.4133, 3.7238 ], [ -74.4156, 3.7412 ], [ -74.3948, 3.7427 ], [ -74.3974, 3.7537 ], [ -74.3872, 3.7527 ], [ -74.3939, 3.7699 ], [ -74.3633, 3.7861 ], [ -74.3536, 3.8071 ], [ -74.3373, 3.8106 ], [ -74.3272, 3.8267 ], [ -74.3168, 3.8152 ], [ -74.2966, 3.8189 ], [ -74.2943, 3.8317 ], [ -74.3071, 3.8403 ], [ -74.3041, 3.8512 ], [ -74.317, 3.8808 ], [ -74.3103, 3.8884 ], [ -74.2975, 3.8833 ], [ -74.2736, 3.9249 ], [ -74.2564, 3.9279 ], [ -74.2598, 3.9488 ], [ -74.2443, 3.9544 ], [ -74.2174, 4.0109 ], [ -74.2024, 4.0141 ], [ -74.1839, 4.0088 ], [ -74.1756, 4.018 ], [ -74.1603, 4.0178 ], [ -74.1522, 4.0055 ], [ -74.1235, 4.0013 ], [ -74.1239, 4.0091 ], [ -74.0997, 4.0131 ], [ -74.0707, 4.0577 ], [ -74.0477, 4.0652 ], [ -74.0349, 4.0608 ], [ -74.0336, 4.0718 ], [ -74.0368, 4.0708 ], [ -74.0242, 4.0992 ], [ -74.0163, 4.0978 ], [ -74.0052, 4.1101 ], [ -73.9915, 4.1028 ], [ -73.9797, 4.1093 ], [ -73.9736, 4.0931 ], [ -73.9601, 4.0955 ], [ -73.9331, 4.1492 ], [ -73.8958, 4.1426 ], [ -73.8609, 4.1718 ], [ -73.8405, 4.1773 ], [ -73.8259, 4.1683 ], [ -73.8138, 4.2015 ], [ -73.7534, 4.1929 ], [ -73.7377, 4.2006 ], [ -73.7507, 4.2041 ], [ -73.7602, 4.2375 ], [ -73.7441, 4.2662 ], [ -73.7641, 4.2812 ], [ -73.7729, 4.2969 ], [ -73.7836, 4.3003 ], [ -73.7927, 4.3811 ], [ -73.8018, 4.3844 ], [ -73.8109, 4.4081 ], [ -73.7833, 4.4483 ], [ -73.7644, 4.4496 ], [ -73.7558, 4.4622 ], [ -73.743, 4.4304 ], [ -73.7468, 4.452 ], [ -73.7336, 4.4715 ], [ -73.7391, 4.4848 ], [ -73.7137, 4.5151 ], [ -73.6864, 4.5193 ], [ -73.6879, 4.5279 ], [ -73.6617, 4.5467 ], [ -73.6435, 4.5463 ], [ -73.6316, 4.5583 ], [ -73.616, 4.559 ], [ -73.5791, 4.5428 ], [ -73.5678, 4.5256 ], [ -73.5757, 4.5166 ], [ -73.5758, 4.4985 ], [ -73.5962, 4.4869 ], [ -73.6014, 4.4605 ], [ -73.5773, 4.4238 ], [ -73.5745, 4.3203 ], [ -73.5715, 4.3734 ], [ -73.5531, 4.349 ], [ -73.5508, 4.308 ], [ -73.5311, 4.2967 ], [ -73.4717, 4.2762 ], [ -73.4418, 4.291 ], [ -73.4303, 4.3064 ], [ -73.3536, 4.3212 ], [ -73.3226, 4.3048 ], [ -73.2605, 4.2938 ], [ -73.2035, 4.2733 ], [ -73.1507, 4.2214 ], [ -73.1471, 4.228 ], [ -73.1488, 4.2179 ], [ -73.1401, 4.2191 ], [ -73.139, 4.2124 ], [ -73.1249, 4.257 ], [ -73.0526, 4.7363 ], [ -73.0479, 4.728 ], [ -73.0542, 4.7019 ], [ -73.028, 4.6539 ], [ -73.0169, 4.6474 ], [ -73.0161, 4.635 ], [ -72.968, 4.5992 ], [ -72.9383, 4.5233 ], [ -72.9234, 4.5204 ], [ -72.9034, 4.4973 ], [ -72.8968, 4.4747 ], [ -72.8702, 4.4507 ], [ -72.8524, 4.4504 ], [ -72.843, 4.433 ], [ -72.9301, 4.4325 ], [ -72.8161, 4.4314 ], [ -72.8118, 4.4248 ], [ -72.8236, 4.4153 ], [ -72.8081, 4.408 ], [ -72.8051, 4.396 ], [ -72.7875, 4.3961 ], [ -72.7998, 4.3769 ], [ -72.7672, 4.3637 ], [ -72.7673, 4.3562 ], [ -72.7797, 4.3528 ], [ -72.763, 4.3478 ], [ -72.7703, 4.3343 ], [ -72.74, 4.3237 ], [ -72.7529, 4.2808 ], [ -72.7398, 4.3097 ], [ -72.6936, 4.2875 ], [ -72.6868, 4.3132 ], [ -72.6759, 4.3174 ], [ -72.6581, 4.3165 ], [ -72.642, 4.3028 ], [ -72.6047, 4.3152 ], [ -72.5766, 4.3011 ], [ -72.5693, 4.3074 ], [ -72.5729, 4.3266 ], [ -72.5546, 4.3368 ], [ -72.5478, 4.3547 ], [ -72.5327, 4.3396 ], [ -72.4668, 4.3174 ], [ -72.4279, 4.3537 ], [ -72.4156, 4.344 ], [ -72.4171, 4.3213 ], [ -72.405, 4.3179 ], [ -72.3883, 4.3326 ], [ -72.3562, 4.3417 ], [ -72.3422, 4.3715 ], [ -72.3205, 4.3709 ], [ -72.3033, 4.408 ], [ -72.289, 4.4165 ], [ -72.2557, 4.4184 ], [ -72.2434, 4.4346 ], [ -72.1897, 4.4291 ], [ -72.1535, 4.4404 ], [ -72.1074, 4.4286 ], [ -72.0708, 4.4081 ], [ -72.0688, 4.3989 ], [ -72.073, 4.3919 ], [ -72.0864, 4.4035 ], [ -72.0587, 4.3745 ], [ -72.0268, 4.387 ], [ -71.9882, 4.3844 ], [ -71.905, 4.4678 ], [ -71.8986, 4.4894 ], [ -71.8678, 4.5054 ], [ -71.8501, 4.5327 ], [ -71.8238, 4.5518 ], [ -71.8067, 4.5835 ], [ -71.7324, 4.5753 ], [ -71.5979, 4.6453 ], [ -71.5768, 4.675 ], [ -71.5233, 4.6822 ], [ -71.5088, 4.6981 ], [ -71.4293, 4.7233 ], [ -71.3902, 4.7567 ], [ -71.3762, 4.7512 ], [ -71.3228, 4.7667 ], [ -71.2883, 4.8031 ], [ -71.2749, 4.7992 ], [ -71.2389, 4.8177 ], [ -71.2117, 4.8173 ], [ -71.1501, 4.8617 ], [ -71.1132, 4.8746 ], [ -71.0779, 4.8991 ], [ -71.0775, 2.8822 ], [ -71.1094, 2.8726 ], [ -71.1382, 2.9039 ], [ -71.1388, 2.8828 ], [ -71.1538, 2.8723 ], [ -71.1835, 2.9048 ], [ -71.1903, 2.8916 ], [ -71.2132, 2.8859 ], [ -71.2218, 2.8656 ], [ -71.2472, 2.8628 ], [ -71.2518, 2.8824 ], [ -71.2596, 2.8862 ], [ -71.2837, 2.8678 ], [ -71.2996, 2.8756 ], [ -71.306, 2.9202 ], [ -71.3247, 2.9245 ], [ -71.3331, 2.9135 ], [ -71.3278, 2.8951 ], [ -71.3453, 2.8603 ], [ -71.357, 2.8596 ], [ -71.3584, 2.8868 ], [ -71.3746, 2.8918 ], [ -71.3835, 2.8861 ], [ -71.3792, 2.8725 ], [ -71.3907, 2.844 ], [ -71.4634, 2.8993 ], [ -71.4684, 2.8924 ], [ -71.4635, 2.8615 ], [ -71.4703, 2.8531 ], [ -71.4818, 2.8544 ], [ -71.4931, 2.8711 ], [ -71.5207, 2.879 ], [ -71.5299, 2.8785 ], [ -71.5451, 2.8591 ], [ -71.5832, 2.8723 ], [ -71.5718, 2.8525 ], [ -71.5752, 2.8443 ], [ -71.6106, 2.8463 ], [ -71.6278, 2.8376 ], [ -71.634, 2.8249 ], [ -71.6522, 2.8202 ], [ -71.6739, 2.8258 ], [ -71.658, 2.861 ], [ -71.662, 2.8727 ], [ -71.6815, 2.8717 ], [ -71.6833, 2.8502 ], [ -71.6971, 2.8381 ], [ -71.7619, 2.8973 ], [ -71.7676, 2.8882 ], [ -71.758, 2.853 ], [ -71.78, 2.8178 ], [ -71.7892, 2.8219 ], [ -71.7884, 2.8695 ], [ -71.8206, 2.8791 ], [ -71.8509, 2.8716 ], [ -71.8231, 2.87 ], [ -71.819, 2.8559 ], [ -71.8279, 2.8375 ], [ -71.8555, 2.8427 ], [ -71.9118, 2.8278 ], [ -71.9539, 2.8317 ], [ -71.9819, 2.8012 ], [ -71.9922, 2.8235 ], [ -72.0049, 2.8294 ], [ -72.0516, 2.8167 ], [ -72.0821, 2.8259 ], [ -72.1, 2.8406 ], [ -72.116, 2.8808 ], [ -72.1352, 2.8889 ], [ -72.144, 2.8647 ], [ -72.1828, 2.8752 ], [ -72.2027, 2.864 ], [ -72.2058, 2.8148 ], [ -72.184, 2.7903 ], [ -72.1924, 2.7726 ], [ -72.2151, 2.7757 ], [ -72.2475, 2.8199 ], [ -72.2595, 2.8247 ], [ -72.2717, 2.8148 ], [ -72.2653, 2.794 ], [ -72.2741, 2.7787 ], [ -72.2945, 2.7738 ], [ -72.3091, 2.7973 ], [ -72.3355, 2.7967 ], [ -72.3588, 2.7807 ], [ -72.3897, 2.7365 ], [ -72.4104, 2.7255 ], [ -72.4521, 2.7564 ], [ -72.4359, 2.74 ], [ -72.4714, 2.7331 ], [ -72.4638, 2.703 ], [ -72.4717, 2.6896 ], [ -72.5073, 2.6902 ], [ -72.5338, 2.7036 ], [ -72.5372, 2.6828 ], [ -72.5669, 2.6805 ], [ -72.5711, 2.6663 ], [ -72.5539, 2.6543 ], [ -72.5867, 2.6393 ], [ -72.5805, 2.592 ], [ -72.5864, 2.5837 ], [ -72.599, 2.5857 ], [ -72.6027, 2.6197 ], [ -72.6209, 2.6274 ], [ -72.6459, 2.6024 ], [ -72.6431, 2.5808 ], [ -72.653, 2.5715 ], [ -72.6631, 2.5743 ], [ -72.6664, 2.6088 ], [ -72.6794, 2.6222 ], [ -72.7022, 2.6178 ], [ -72.7197, 2.5847 ], [ -72.7397, 2.5699 ], [ -72.7872, 2.5877 ], [ -72.7987, 2.6117 ], [ -72.8165, 2.6146 ], [ -72.8981, 2.5632 ], [ -72.9171, 2.5654 ], [ -72.921, 2.5344 ], [ -72.9573, 2.5122 ], [ -72.9554, 2.4954 ], [ -72.936, 2.5024 ], [ -72.9298, 2.4689 ], [ -72.9375, 2.4643 ], [ -72.9612, 2.4807 ], [ -72.9717, 2.466 ], [ -72.9649, 2.4491 ], [ -72.9864, 2.4517 ], [ -73.0319, 2.4128 ], [ -73.0442, 2.4381 ], [ -73.0537, 2.4274 ], [ -73.0746, 2.4196 ], [ -73.1087, 2.3821 ], [ -73.1146, 2.3828 ], [ -73.1186, 2.4085 ], [ -73.1278, 2.411 ], [ -73.1413, 2.3971 ], [ -73.1241, 2.3788 ], [ -73.1635, 2.3654 ], [ -73.1657, 2.3994 ], [ -73.1801, 2.3985 ], [ -73.2016, 2.3825 ], [ -73.2177, 2.3864 ], [ -73.2112, 2.3991 ], [ -73.2165, 2.4055 ], [ -73.2259, 2.3889 ], [ -73.2679, 2.3809 ], [ -73.2634, 2.3719 ], [ -73.2412, 2.3713 ], [ -73.2425, 2.3473 ], [ -73.2674, 2.3588 ], [ -73.3006, 2.336 ], [ -73.32, 2.359 ], [ -73.3304, 2.3604 ], [ -73.3363, 2.3555 ], [ -73.3332, 2.3333 ], [ -73.3567, 2.3241 ], [ -73.36, 2.3337 ], [ -73.3451, 2.3532 ], [ -73.3596, 2.3684 ], [ -73.3746, 2.3625 ], [ -73.379, 2.325 ], [ -73.3963, 2.3289 ], [ -73.3903, 2.3511 ], [ -73.4122, 2.357 ], [ -73.4241, 2.3496 ], [ -73.4252, 2.328 ], [ -73.4363, 2.3263 ], [ -73.441, 2.3382 ], [ -73.4314, 2.3629 ], [ -73.4489, 2.4032 ], [ -73.4575, 2.4059 ], [ -73.4441, 2.3903 ], [ -73.4558, 2.3813 ], [ -73.4458, 2.3474 ], [ -73.4589, 2.3382 ] ], [ [ -73.5591, 2.6399 ], [ -73.9295, 2.5382 ], [ -73.9417, 2.5418 ], [ -73.9338, 2.5363 ], [ -73.9431, 2.5393 ], [ -73.9361, 2.5335 ], [ -73.5572, 2.6362 ], [ -73.5591, 2.6399 ] ] ] } },
{ "type": "Feature", "properties": { "DPTO_CCDGO": "52", "DPTO_CNMBR": "NARIÑO", "REGION": "Pacifico" }, "geometry": { "type": "Polygon", "coordinates": [ [ [ -77.6882, 0.8579 ], [ -77.6845, 0.8283 ], [ -77.7139, 0.8511 ], [ -77.7464, 0.8329 ], [ -77.7575, 0.8404 ], [ -77.8049, 0.8309 ], [ -77.8202, 0.8081 ], [ -77.8428, 0.8024 ], [ -77.9372, 0.8167 ], [ -77.9667, 0.8253 ], [ -78.0217, 0.8748 ], [ -78.0711, 0.8973 ], [ -78.0891, 0.8971 ], [ -78.1051, 0.9114 ], [ -78.1119, 0.9323 ], [ -78.1341, 0.9359 ], [ -78.1535, 0.924 ], [ -78.2, 0.9497 ], [ -78.1918, 0.9697 ], [ -78.209, 1.0047 ], [ -78.2346, 1.0155 ], [ -78.2398, 1.0272 ], [ -78.2816, 1.0562 ], [ -78.277, 1.0729 ], [ -78.2623, 1.0824 ], [ -78.2519, 1.0792 ], [ -78.2511, 1.0995 ], [ -78.265, 1.0997 ], [ -78.2655, 1.1116 ], [ -78.282, 1.111 ], [ -78.2793, 1.1192 ], [ -78.2992, 1.1492 ], [ -78.2957, 1.1714 ], [ -78.3044, 1.1721 ], [ -78.3189, 1.1944 ], [ -78.3374, 1.1787 ], [ -78.3568, 1.1819 ], [ -78.3599, 1.1747 ], [ -78.3752, 1.1743 ], [ -78.3951, 1.1523 ], [ -78.4177, 1.1599 ], [ -78.4255, 1.1528 ], [ -78.4167, 1.1475 ], [ -78.4186, 1.1382 ], [ -78.4333, 1.1437 ], [ -78.4381, 1.1584 ], [ -78.4256, 1.1784 ], [ -78.4382, 1.1939 ], [ -78.4552, 1.1765 ], [ -78.4788, 1.1936 ], [ -78.49, 1.1858 ], [ -78.4951, 1.1984 ], [ -78.516, 1.1878 ], [ -78.5146, 1.2132 ], [ -78.5396, 1.2292 ], [ -78.5476, 1.2266 ], [ -78.5445, 1.2444 ], [ -78.5928, 1.2387 ], [ -78.6154, 1.2463 ], [ -78.6489, 1.2773 ], [ -78.6462, 1.289 ], [ -78.6596, 1.3052 ], [ -78.6607, 1.3196 ], [ -78.6853, 1.333 ], [ -78.695, 1.3302 ], [ -78.7097, 1.359 ], [ -78.7437, 1.3761 ], [ -78.7577, 1.394 ], [ -78.7786, 1.3925 ], [ -78.7754, 1.4061 ], [ -78.7922, 1.4086 ], [ -78.7981, 1.4278 ], [ -78.8133, 1.4317 ], [ -78.8247, 1.4451 ], [ -78.8081, 1.4558 ], [ -78.8343, 1.4525 ], [ -78.7988, 1.4851 ], [ -78.8189, 1.4731 ], [ -78.8481, 1.4754 ], [ -78.87, 1.4988 ], [ -78.8748, 1.5166 ], [ -78.8663, 1.5262 ], [ -78.8754, 1.5431 ], [ -78.8635, 1.5508 ], [ -78.878, 1.5556 ], [ -78.9025, 1.5431 ], [ -78.9139, 1.5613 ], [ -78.9199, 1.5564 ], [ -78.9315, 1.5632 ], [ -78.9589, 1.594 ], [ -78.9885, 1.6008 ], [ -79.0102, 1.6339 ], [ -78.9986, 1.6388 ], [ -79.0088, 1.6482 ], [ -79.0069, 1.658 ], [ -78.9616, 1.6886 ], [ -78.9544, 1.6844 ], [ -78.9532, 1.6995 ], [ -78.9308, 1.7341 ], [ -78.8649, 1.8033 ], [ -78.8086, 1.8296 ], [ -78.8021, 1.8246 ], [ -78.7821, 1.8303 ], [ -78.7797, 1.8245 ], [ -78.7996, 1.8153 ], [ -78.8119, 1.787 ], [ -78.8079, 1.7928 ], [ -78.8035, 1.7879 ], [ -78.7961, 1.8064 ], [ -78.7844, 1.8004 ], [ -78.764, 1.8156 ], [ -78.7662, 1.8214 ], [ -78.7678, 1.8145 ], [ -78.7779, 1.8158 ], [ -78.7697, 1.8219 ], [ -78.7622, 1.8238 ], [ -78.7548, 1.8187 ], [ -78.7311, 1.8303 ], [ -78.7231, 1.8247 ], [ -78.7384, 1.8087 ], [ -78.7466, 1.8122 ], [ -78.7427, 1.8066 ], [ -78.7551, 1.807 ], [ -78.76, 1.8197 ], [ -78.7633, 1.8046 ], [ -78.7833, 1.7999 ], [ -78.7817, 1.7906 ], [ -78.767, 1.7855 ], [ -78.7757, 1.7915 ], [ -78.7711, 1.7948 ], [ -78.7575, 1.7771 ], [ -78.756, 1.7981 ], [ -78.7457, 1.7994 ], [ -78.7529, 1.7916 ], [ -78.7437, 1.7855 ], [ -78.7399, 1.7988 ], [ -78.727, 1.7666 ], [ -78.7263, 1.7624 ], [ -78.7376, 1.771 ], [ -78.746, 1.7694 ], [ -78.7441, 1.7604 ], [ -78.7456, 1.7691 ], [ -78.7359, 1.7693 ], [ -78.7271, 1.7519 ], [ -78.7576, 1.75 ], [ -78.7622, 1.7414 ], [ -78.7573, 1.7479 ], [ -78.7381, 1.7455 ], [ -78.7286, 1.7417 ], [ -78.7284, 1.7325 ], [ -78.7192, 1.748 ], [ -78.7138, 1.7457 ], [ -78.7166, 1.7934 ], [ -78.6995, 1.7698 ], [ -78.6926, 1.7905 ], [ -78.6799, 1.7589 ], [ -78.6867, 1.7484 ], [ -78.676, 1.7558 ], [ -78.688, 1.7809 ], [ -78.6795, 1.7891 ], [ -78.6597, 1.7856 ], [ -78.6545, 1.7751 ], [ -78.6513, 1.7937 ], [ -78.599, 1.7936 ], [ -78.5998, 1.7735 ], [ -78.5807, 1.7784 ], [ -78.5686, 1.7513 ], [ -78.5827, 1.7411 ], [ -78.5699, 1.7444 ], [ -78.5537, 1.7577 ], [ -78.5626, 1.7609 ], [ -78.564, 1.7922 ], [ -78.5425, 1.8021 ], [ -78.5504, 1.8066 ], [ -78.5508, 1.8357 ], [ -78.5385, 1.8559 ], [ -78.5447, 1.8578 ], [ -78.5511, 1.8974 ], [ -78.5712, 1.9008 ], [ -78.5966, 1.8938 ], [ -78.6027, 1.947 ], [ -78.5874, 1.9586 ], [ -78.585, 1.9726 ], [ -78.6061, 1.9963 ], [ -78.6212, 1.9965 ], [ -78.6357, 2.0116 ], [ -78.6459, 1.9784 ], [ -78.6703, 1.9733 ], [ -78.676, 2.0495 ], [ -78.6556, 2.0442 ], [ -78.6498, 2.0499 ], [ -78.6802, 2.0592 ], [ -78.6897, 2.1118 ], [ -78.7036, 2.1186 ], [ -78.7117, 2.1758 ], [ -78.7006, 2.2144 ], [ -78.6966, 2.2054 ], [ -78.6978, 2.2325 ], [ -78.6883, 2.2333 ], [ -78.6817, 2.2464 ], [ -78.6732, 2.2407 ], [ -78.6668, 2.2504 ], [ -78.6611, 2.2858 ], [ -78.6232, 2.3267 ], [ -78.6307, 2.3338 ], [ -78.6224, 2.3765 ], [ -78.565, 2.4554 ], [ -78.5673, 2.4201 ], [ -78.5485, 2.4544 ], [ -78.5567, 2.4551 ], [ -78.5509, 2.486 ], [ -78.557, 2.4916 ], [ -78.5273, 2.5062 ], [ -78.5245, 2.4988 ], [ -78.5133, 2.5082 ], [ -78.5142, 2.5004 ], [ -78.5019, 2.5306 ], [ -78.4542, 2.5755 ], [ -78.4552, 2.5976 ], [ -78.3955, 2.603 ], [ -78.3712, 2.6372 ], [ -78.3265, 2.6566 ], [ -78.2733, 2.6557 ], [ -78.2245, 2.6647 ], [ -78.1848, 2.5874 ], [ -78.2253, 2.6667 ], [ -78.1668, 2.6716 ], [ -78.1543, 2.6837 ], [ -78.1403, 2.6762 ], [ -78.1372, 2.644 ], [ -78.097, 2.6473 ], [ -78.068, 2.6108 ], [ -78.0352, 2.6482 ], [ -78.0201, 2.6438 ], [ -77.9782, 2.6617 ], [ -77.9454, 2.6257 ], [ -77.9342, 2.6271 ], [ -77.9283, 2.6404 ], [ -77.9173, 2.607 ], [ -77.9147, 2.5438 ], [ -77.9256, 2.5104 ], [ -77.9188, 2.4167 ], [ -77.8832, 2.3527 ], [ -77.8784, 2.3044 ], [ -77.8627, 2.2706 ], [ -77.8479, 2.2606 ], [ -77.8488, 2.1912 ], [ -77.8357, 2.1766 ], [ -77.8073, 2.1738 ], [ -77.7806, 2.1484 ], [ -77.7394, 2.1336 ], [ -77.6456, 2.1685 ], [ -77.5992, 2.1678 ], [ -77.589, 2.1294 ], [ -77.5988, 2.1686 ], [ -77.5742, 2.1807 ], [ -77.5562, 2.2025 ], [ -77.4879, 2.1953 ], [ -77.4877, 2.2161 ], [ -77.4723, 2.2413 ], [ -77.479, 2.2737 ], [ -77.4594, 2.2862 ], [ -77.4438, 2.2854 ], [ -77.3857, 2.2559 ], [ -77.3748, 2.2642 ], [ -77.3563, 2.2609 ], [ -77.3079, 2.1967 ], [ -77.318, 2.1819 ], [ -77.3053, 2.1456 ], [ -77.3111, 2.142 ], [ -77.3088, 2.1253 ], [ -77.3194, 2.0724 ], [ -77.3343, 2.0598 ], [ -77.3328, 2.0501 ], [ -77.3062, 2.0361 ], [ -77.303, 2.027 ], [ -77.2795, 2.0208 ], [ -77.2593, 1.9941 ], [ -77.2206, 1.9882 ], [ -77.2032, 1.952 ], [ -77.2105, 1.9357 ], [ -77.2198, 1.934 ], [ -77.2157, 1.9199 ], [ -77.2442, 1.9132 ], [ -77.2474, 1.8801 ], [ -77.2804, 1.8606 ], [ -77.2802, 1.851 ], [ -77.2891, 1.8492 ], [ -77.2974, 1.8318 ], [ -77.2953, 1.8186 ], [ -77.3101, 1.8042 ], [ -77.2947, 1.7675 ], [ -77.2997, 1.7465 ], [ -77.3353, 1.6763 ], [ -77.3264, 1.6798 ], [ -77.2877, 1.6683 ], [ -77.2817, 1.6737 ], [ -77.2792, 1.6636 ], [ -77.2599, 1.6565 ], [ -77.2699, 1.6648 ], [ -77.256, 1.6704 ], [ -77.2439, 1.6575 ], [ -77.2164, 1.6555 ], [ -77.2375, 1.6582 ], [ -77.1918, 1.6775 ], [ -77.1621, 1.6758 ], [ -77.1509, 1.6856 ], [ -77.1376, 1.6549 ], [ -77.0665, 1.6717 ], [ -77.0569, 1.6991 ], [ -77.0456, 1.6978 ], [ -77.0265, 1.7139 ], [ -76.9983, 1.7073 ], [ -76.9344, 1.7275 ], [ -76.9004, 1.6614 ], [ -76.8951, 1.6636 ], [ -76.8649, 1.6378 ], [ -76.8545, 1.6377 ], [ -76.8341, 1.6145 ], [ -76.8415, 1.5848 ], [ -76.8575, 1.564 ], [ -76.8514, 1.5345 ], [ -76.8609, 1.5209 ], [ -76.8876, 1.523 ], [ -76.9127, 1.5005 ], [ -76.9316, 1.5007 ], [ -76.9456, 1.5113 ], [ -76.9266, 1.4949 ], [ -76.9183, 1.4297 ], [ -76.9318, 1.3858 ], [ -76.9209, 1.3359 ], [ -76.9042, 1.3209 ], [ -76.9331, 1.2854 ], [ -76.935, 1.2761 ], [ -76.9628, 1.2737 ], [ -76.961, 1.2831 ], [ -76.9741, 1.2921 ], [ -76.984, 1.2719 ], [ -76.9713, 1.2521 ], [ -76.9796, 1.2243 ], [ -77.021, 1.1962 ], [ -77.04, 1.2017 ], [ -77.0715, 1.1843 ], [ -77.1014, 1.1888 ], [ -77.0905, 1.184 ], [ -77.0863, 1.1734 ], [ -77.097, 1.1649 ], [ -77.1014, 1.1432 ], [ -77.0916, 1.116 ], [ -77.0932, 1.0755 ], [ -77.0845, 1.0621 ], [ -77.0681, 1.0597 ], [ -77.0668, 1.0422 ], [ -77.0581, 1.0343 ], [ -77.0368, 1.0471 ], [ -77.0281, 0.9949 ], [ -77.0389, 0.993 ], [ -77.0478, 0.9775 ], [ -77.0738, 0.9697 ], [ -77.0787, 0.9598 ], [ -77.0727, 0.9423 ], [ -77.0912, 0.9141 ], [ -77.1181, 0.8996 ], [ -77.1232, 0.8837 ], [ -77.1159, 0.8746 ], [ -77.1178, 0.8583 ], [ -77.1021, 0.8336 ], [ -77.1299, 0.8225 ], [ -77.1404, 0.8233 ], [ -77.1868, 0.631 ], [ -77.1572, 0.6062 ], [ -77.1365, 0.6033 ], [ -77.1329, 0.5959 ], [ -77.1268, 0.602 ], [ -77.1174, 0.5914 ], [ -77.1151, 0.5619 ], [ -77.1304, 0.5558 ], [ -77.1302, 0.5245 ], [ -77.1156, 0.4831 ], [ -77.1021, 0.4704 ], [ -77.1052, 0.4325 ], [ -77.0891, 0.4244 ], [ -77.0992, 0.4106 ], [ -77.088, 0.3946 ], [ -77.0964, 0.3947 ], [ -77.099, 0.3796 ], [ -77.1115, 0.3834 ], [ -77.1127, 0.3727 ], [ -77.1258, 0.3798 ], [ -77.1496, 0.3759 ], [ -77.1791, 0.3898 ], [ -77.2137, 0.3632 ], [ -77.2457, 0.3613 ], [ -77.2647, 0.3703 ], [ -77.2881, 0.3633 ], [ -77.304, 0.367 ], [ -77.3255, 0.3874 ], [ -77.3716, 0.4011 ], [ -77.3833, 0.396 ], [ -77.3812, 0.3853 ], [ -77.4077, 0.4049 ], [ -77.4245, 0.392 ], [ -77.4916, 0.4041 ], [ -77.5277, 0.4002 ], [ -77.5187, 0.453 ], [ -77.5253, 0.4767 ], [ -77.5168, 0.4954 ], [ -77.5223, 0.5316 ], [ -77.511, 0.5652 ], [ -77.489, 0.585 ], [ -77.4809, 0.6096 ], [ -77.481, 0.6574 ], [ -77.4922, 0.6627 ], [ -77.5638, 0.6514 ], [ -77.6227, 0.6946 ], [ -77.666, 0.7051 ], [ -77.6754, 0.7372 ], [ -77.6978, 0.7414 ], [ -77.6886, 0.7691 ], [ -77.6616, 0.79 ], [ -77.677, 0.7924 ], [ -77.6648, 0.8179 ], [ -77.685, 0.8253 ], [ -77.6792, 0.8437 ], [ -77.6845, 0.8375 ], [ -77.6882, 0.8579 ] ] ] } },
{ "type": "Feature", "properties": { "DPTO_CCDGO": "54", "DPTO_CNMBR": "NORTE DE SANTANDER", "REGION": "Andina" }, "geometry": { "type": "Polygon", "coordinates": [ [ [ -72.7723, 7.0602 ], [ -72.7869, 7.0488 ], [ -72.8004, 7.0732 ], [ -72.8205, 7.073 ], [ -72.8191, 7.0901 ], [ -72.8359, 7.0966 ], [ -72.8401, 7.1267 ], [ -72.8591, 7.1545 ], [ -72.8438, 7.1651 ], [ -72.8419, 7.1926 ], [ -72.8312, 7.1997 ], [ -72.8327, 7.2078 ], [ -72.8419, 7.2059 ], [ -72.8564, 7.217 ], [ -72.8761, 7.2673 ], [ -72.8315, 7.3027 ], [ -72.8169, 7.2998 ], [ -72.8325, 7.3032 ], [ -72.8432, 7.3154 ], [ -72.838, 7.3592 ], [ -72.8232, 7.3605 ], [ -72.856, 7.3628 ], [ -72.8507, 7.3747 ], [ -72.8737, 7.3896 ], [ -72.8772, 7.4061 ], [ -72.9004, 7.4334 ], [ -72.8961, 7.4796 ], [ -72.9279, 7.4951 ], [ -72.9393, 7.5123 ], [ -72.9779, 7.5284 ], [ -72.9922, 7.597 ], [ -72.9805, 7.6109 ], [ -72.9823, 7.6304 ], [ -72.9824, 7.6203 ], [ -73.0343, 7.6229 ], [ -73.0486, 7.6063 ], [ -73.0897, 7.6096 ], [ -73.0999, 7.6194 ], [ -73.1233, 7.6081 ], [ -73.1642, 7.6255 ], [ -73.1816, 7.6187 ], [ -73.219, 7.6321 ], [ -73.2592, 7.5874 ], [ -73.2475, 7.5583 ], [ -73.2566, 7.5316 ], [ -73.2838, 7.5494 ], [ -73.3637, 7.5474 ], [ -73.3697, 7.5634 ], [ -73.3864, 7.5821 ], [ -73.3992, 7.5767 ], [ -73.3957, 7.5672 ], [ -73.4087, 7.5652 ], [ -73.4677, 7.5762 ], [ -73.4895, 7.5943 ], [ -73.5056, 7.5958 ], [ -73.5086, 7.6115 ], [ -73.5209, 7.6193 ], [ -73.5179, 7.6414 ], [ -73.5376, 7.6632 ], [ -73.5588, 7.6724 ], [ -73.5591, 7.6913 ], [ -73.5969, 7.7013 ], [ -73.6, 7.7259 ], [ -73.6331, 7.7452 ], [ -73.5805, 7.7385 ], [ -73.5588, 7.7282 ], [ -73.5513, 7.7119 ], [ -73.5218, 7.7074 ], [ -73.5081, 7.682 ], [ -73.481, 7.6763 ], [ -73.4034, 7.7241 ], [ -73.391, 7.7548 ], [ -73.3525, 7.7925 ], [ -73.343, 7.8124 ], [ -73.3486, 7.8289 ], [ -73.3468, 7.8485 ], [ -73.3556, 7.8606 ], [ -73.3517, 7.8925 ], [ -73.3334, 7.9073 ], [ -73.3033, 7.9066 ], [ -73.3028, 7.9224 ], [ -73.2786, 7.9362 ], [ -73.276, 7.946 ], [ -73.2793, 7.9879 ], [ -73.2888, 7.9924 ], [ -73.2984, 7.985 ], [ -73.3096, 8.0157 ], [ -73.3235, 8.0141 ], [ -73.3324, 8.0216 ], [ -73.3666, 8.0122 ], [ -73.3776, 8.1055 ], [ -73.4042, 8.1121 ], [ -73.4354, 8.1484 ], [ -73.4291, 8.1794 ], [ -73.4168, 8.1886 ], [ -73.407, 8.2123 ], [ -73.4051, 8.2466 ], [ -73.3741, 8.2658 ], [ -73.3767, 8.316 ], [ -73.3507, 8.331 ], [ -73.3501, 8.4061 ], [ -73.3393, 8.4194 ], [ -73.3438, 8.4373 ], [ -73.3704, 8.4591 ], [ -73.4144, 8.4593 ], [ -73.4133, 8.4775 ], [ -73.4164, 8.4695 ], [ -73.4111, 8.4296 ], [ -73.4016, 8.4222 ], [ -73.4018, 8.3899 ], [ -73.3942, 8.3788 ], [ -73.4255, 8.3606 ], [ -73.4342, 8.3654 ], [ -73.4418, 8.3409 ], [ -73.4585, 8.3471 ], [ -73.4561, 8.3614 ], [ -73.4881, 8.384 ], [ -73.53, 8.3808 ], [ -73.4725, 8.4483 ], [ -73.4785, 8.471 ], [ -73.5228, 8.4829 ], [ -73.5477, 8.4714 ], [ -73.5593, 8.4795 ], [ -73.5614, 8.4913 ], [ -73.5739, 8.4908 ], [ -73.5777, 8.4958 ], [ -73.5688, 8.4977 ], [ -73.5761, 8.5064 ], [ -73.5546, 8.507 ], [ -73.5318, 8.5279 ], [ -73.515, 8.529 ], [ -73.5472, 8.5643 ], [ -73.542, 8.5882 ], [ -73.5522, 8.6069 ], [ -73.5216, 8.6383 ], [ -73.5215, 8.6582 ], [ -73.5073, 8.6849 ], [ -73.4718, 8.7075 ], [ -73.4713, 8.7271 ], [ -73.4584, 8.7497 ], [ -73.4146, 8.766 ], [ -73.4119, 8.7833 ], [ -73.4483, 8.8633 ], [ -73.4473, 8.8709 ], [ -73.4329, 8.8734 ], [ -73.4257, 8.8996 ], [ -73.4374, 8.91 ], [ -73.4303, 8.9197 ], [ -73.4393, 8.989 ], [ -73.4228, 9.0135 ], [ -73.4119, 9.0527 ], [ -73.4179, 9.0888 ], [ -73.4295, 9.1024 ], [ -73.4117, 9.1544 ], [ -73.4021, 9.1631 ], [ -73.3795, 9.1533 ], [ -73.369, 9.1726 ], [ -73.3011, 9.1714 ], [ -73.2509, 9.1582 ], [ -73.2136, 9.1832 ], [ -73.177, 9.1766 ], [ -73.1301, 9.2284 ], [ -73.0882, 9.2262 ], [ -73.0728, 9.243 ], [ -73.0709, 9.2641 ], [ -73.0502, 9.2584 ], [ -73.0359, 9.2815 ], [ -73.0109, 9.2907 ], [ -73.0039, 9.2802 ], [ -73.0232, 9.2615 ], [ -72.9948, 9.2723 ], [ -72.995, 9.2568 ], [ -72.9844, 9.2516 ], [ -72.9878, 9.2287 ], [ -72.9962, 9.221 ], [ -72.9709, 9.2134 ], [ -72.9557, 9.1783 ], [ -72.9658, 9.1548 ], [ -72.989, 9.1463 ], [ -72.9725, 9.1365 ], [ -72.9478, 9.1058 ], [ -72.9472, 9.092 ], [ -72.9535, 9.0891 ], [ -72.94, 9.0911 ], [ -72.9325, 9.083 ], [ -72.8871, 9.1036 ], [ -72.8812, 9.1323 ], [ -72.8236, 9.1218 ], [ -72.8216, 9.1415 ], [ -72.8077, 9.1289 ], [ -72.812, 9.1217 ], [ -72.7961, 9.1213 ], [ -72.7962, 9.1034 ], [ -72.7852, 9.1152 ], [ -72.7763, 9.114 ], [ -72.7754, 9.1037 ], [ -72.7657, 9.1055 ], [ -72.7758, 9.0999 ], [ -72.7629, 9.0936 ], [ -72.7731, 9.0857 ], [ -72.7608, 9.0808 ], [ -72.747, 9.0143 ], [ -72.7202, 8.9407 ], [ -72.6548, 8.6143 ], [ -72.6355, 8.6008 ], [ -72.6288, 8.6063 ], [ -72.6323, 8.5972 ], [ -72.6171, 8.5952 ], [ -72.473, 8.4302 ], [ -72.4757, 8.4284 ], [ -72.4275, 8.3814 ], [ -72.4286, 8.3682 ], [ -72.4223, 8.3831 ], [ -72.4081, 8.3737 ], [ -72.4162, 8.3661 ], [ -72.403, 8.3647 ], [ -72.408, 8.3605 ], [ -72.4025, 8.3555 ], [ -72.3921, 8.3573 ], [ -72.3879, 8.3453 ], [ -72.3951, 8.3433 ], [ -72.3954, 8.3258 ], [ -72.38, 8.3099 ], [ -72.3845, 8.2777 ], [ -72.3937, 8.2526 ], [ -72.3806, 8.2468 ], [ -72.3864, 8.2417 ], [ -72.3688, 8.2008 ], [ -72.3741, 8.1952 ], [ -72.3622, 8.1912 ], [ -72.367, 8.1841 ], [ -72.3532, 8.1585 ], [ -72.3661, 8.1491 ], [ -72.3587, 8.1205 ], [ -72.3735, 8.1051 ], [ -72.3705, 8.0937 ], [ -72.3524, 8.0866 ], [ -72.3464, 8.0376 ], [ -72.355, 8.0274 ], [ -72.3471, 8.0164 ], [ -72.3513, 8.0044 ], [ -72.3834, 8.0345 ], [ -72.416, 8.0334 ], [ -72.4116, 8.0218 ], [ -72.4218, 8.0085 ], [ -72.4187, 7.9955 ], [ -72.4371, 7.9912 ], [ -72.4485, 7.9637 ], [ -72.4747, 7.9597 ], [ -72.4877, 7.9445 ], [ -72.4866, 7.9269 ], [ -72.48, 7.9305 ], [ -72.4776, 7.9214 ], [ -72.457, 7.911 ], [ -72.4642, 7.8765 ], [ -72.4595, 7.8981 ], [ -72.4446, 7.8599 ], [ -72.4506, 7.8514 ], [ -72.447, 7.8272 ], [ -72.4693, 7.7915 ], [ -72.4765, 7.6568 ], [ -72.4757, 7.6289 ], [ -72.4533, 7.557 ], [ -72.4622, 7.5537 ], [ -72.4555, 7.5532 ], [ -72.4779, 7.4981 ], [ -72.4471, 7.4619 ], [ -72.4425, 7.4226 ], [ -72.4304, 7.4035 ], [ -72.3535, 7.3962 ], [ -72.3255, 7.376 ], [ -72.2998, 7.3907 ], [ -72.2565, 7.3784 ], [ -72.2221, 7.3949 ], [ -72.1959, 7.3852 ], [ -72.1539, 7.3282 ], [ -72.1707, 7.2902 ], [ -72.1744, 7.2576 ], [ -72.0476, 7.0382 ], [ -72.0779, 7.0454 ], [ -72.1221, 7.0277 ], [ -72.1531, 7.035 ], [ -72.1598, 7.0473 ], [ -72.1854, 7.054 ], [ -72.2057, 7.0232 ], [ -72.201, 7.0067 ], [ -72.2208, 6.9857 ], [ -72.2447, 6.977 ], [ -72.2554, 6.984 ], [ -72.2535, 7.008 ], [ -72.2765, 7.0128 ], [ -72.2897, 6.9967 ], [ -72.3134, 6.9322 ], [ -72.35, 6.8929 ], [ -72.3705, 6.8899 ], [ -72.388, 6.8737 ], [ -72.406, 6.8728 ], [ -72.4646, 6.9017 ], [ -72.4899, 6.9248 ], [ -72.5121, 6.9035 ], [ -72.5137, 6.888 ], [ -72.5474, 6.886 ], [ -72.5526, 6.9223 ], [ -72.5419, 6.9419 ], [ -72.5624, 6.9998 ], [ -72.632, 6.9869 ], [ -72.6491, 6.9975 ], [ -72.6685, 6.9655 ], [ -72.6773, 7.0078 ], [ -72.6996, 7.0008 ], [ -72.7218, 7.0051 ], [ -72.734, 6.9868 ], [ -72.7412, 6.9963 ], [ -72.757, 7.0483 ], [ -72.753, 7.0606 ], [ -72.7723, 7.0602 ] ] ] } },
{ "type": "Feature", "properties": { "DPTO_CCDGO": "63", "DPTO_CNMBR": "QUINDIO", "REGION": "Andina" }, "geometry": { "type": "Polygon", "coordinates": [ [ [ -75.6562, 4.2005 ], [ -75.6914, 4.161 ], [ -75.6935, 4.1357 ], [ -75.7146, 4.1267 ], [ -75.7199, 4.1124 ], [ -75.7331, 4.1141 ], [ -75.7326, 4.1026 ], [ -75.747, 4.0953 ], [ -75.755, 4.0757 ], [ -75.7744, 4.0762 ], [ -75.785, 4.0899 ], [ -75.8392, 4.0985 ], [ -75.8331, 4.1146 ], [ -75.8422, 4.1244 ], [ -75.842, 4.1556 ], [ -75.8195, 4.2016 ], [ -75.824, 4.2259 ], [ -75.7875, 4.293 ], [ -75.7941, 4.3096 ], [ -75.7653, 4.2941 ], [ -75.7968, 4.3123 ], [ -75.7799, 4.3654 ], [ -75.7924, 4.3372 ], [ -75.7899, 4.353 ], [ -75.8038, 4.3692 ], [ -75.802, 4.396 ], [ -75.8124, 4.4045 ], [ -75.8482, 4.4043 ], [ -75.8574, 4.4153 ], [ -75.8684, 4.4095 ], [ -75.8943, 4.4155 ], [ -75.8954, 4.4269 ], [ -75.8835, 4.4425 ], [ -75.8881, 4.4467 ], [ -75.8656, 4.4545 ], [ -75.8656, 4.4585 ], [ -75.8693, 4.4546 ], [ -75.8786, 4.4603 ], [ -75.8706, 4.5179 ], [ -75.8813, 4.5276 ], [ -75.8641, 4.5771 ], [ -75.8697, 4.5759 ], [ -75.8711, 4.5863 ], [ -75.8598, 4.5952 ], [ -75.865, 4.6148 ], [ -75.8221, 4.6635 ], [ -75.8072, 4.6561 ], [ -75.7853, 4.6592 ], [ -75.7822, 4.6526 ], [ -75.7407, 4.6547 ], [ -75.7072, 4.6571 ], [ -75.7136, 4.7138 ], [ -75.7019, 4.7205 ], [ -75.6598, 4.6999 ], [ -75.6467, 4.7095 ], [ -75.6215, 4.701 ], [ -75.6065, 4.7095 ], [ -75.594, 4.7028 ], [ -75.5827, 4.7076 ], [ -75.5137, 4.6932 ], [ -75.4948, 4.6683 ], [ -75.4794, 4.6632 ], [ -75.4646, 4.6794 ], [ -75.4404, 4.6817 ], [ -75.4387, 4.6953 ], [ -75.4234, 4.6932 ], [ -75.3953, 4.7156 ], [ -75.3849, 4.7097 ], [ -75.4215, 4.6586 ], [ -75.4154, 4.6245 ], [ -75.421, 4.6109 ], [ -75.4323, 4.6011 ], [ -75.4689, 4.5983 ], [ -75.4901, 4.5697 ], [ -75.515, 4.5556 ], [ -75.5247, 4.5423 ], [ -75.5246, 4.4979 ], [ -75.5522, 4.4735 ], [ -75.5578, 4.4738 ], [ -75.5773, 4.4527 ], [ -75.5836, 4.4221 ], [ -75.6088, 4.4336 ], [ -75.5791, 4.4169 ], [ -75.6003, 4.3339 ], [ -75.593, 4.3189 ], [ -75.6044, 4.2892 ], [ -75.5962, 4.2827 ], [ -75.642, 4.2476 ], [ -75.6464, 4.2262 ], [ -75.6583, 4.2221 ], [ -75.6701, 4.2296 ], [ -75.6542, 4.2136 ], [ -75.6562, 4.2005 ] ] ] } },
{ "type": "Feature", "properties": { "DPTO_CCDGO": "66", "DPTO_CNMBR": "RISARALDA", "REGION": "Andina" }, "geometry": { "type": "Polygon", "coordinates": [ [ [ -75.9185, 4.8694 ], [ -75.9428, 4.8567 ], [ -75.9557, 4.8648 ], [ -75.9744, 4.861 ], [ -75.9882, 4.8745 ], [ -75.9915, 4.914 ], [ -76.0277, 4.9386 ], [ -76.0491, 5.0072 ], [ -76.0645, 5.0158 ], [ -76.0793, 5.0447 ], [ -76.0577, 5.0302 ], [ -76.077, 5.0472 ], [ -76.0582, 5.131 ], [ -76.0854, 5.16 ], [ -76.1178, 5.1682 ], [ -76.1335, 5.185 ], [ -76.1425, 5.206 ], [ -76.142, 5.2334 ], [ -76.1736, 5.2603 ], [ -76.1775, 5.2884 ], [ -76.2114, 5.3486 ], [ -76.197, 5.3702 ], [ -76.1912, 5.4146 ], [ -76.1839, 5.4145 ], [ -76.178, 5.4013 ], [ -76.1681, 5.4106 ], [ -76.1525, 5.4076 ], [ -76.1436, 5.4171 ], [ -76.119, 5.4215 ], [ -76.1024, 5.4475 ], [ -76.0924, 5.4454 ], [ -76.0618, 5.367 ], [ -76.0881, 5.4465 ], [ -76.0756, 5.4996 ], [ -76.0854, 5.5343 ], [ -76.037, 5.5672 ], [ -76.0082, 5.5637 ], [ -75.9834, 5.5194 ], [ -75.9593, 5.5051 ], [ -75.9308, 5.5089 ], [ -75.905, 5.4799 ], [ -75.868, 5.4902 ], [ -75.8647, 5.4451 ], [ -75.8506, 5.4125 ], [ -75.8607, 5.3717 ], [ -75.8389, 5.3698 ], [ -75.8331, 5.3611 ], [ -75.8485, 5.3399 ], [ -75.8416, 5.3428 ], [ -75.8283, 5.3674 ], [ -75.792, 5.3656 ], [ -75.7579, 5.3867 ], [ -75.7512, 5.3839 ], [ -75.7527, 5.3806 ], [ -75.7421, 5.3838 ], [ -75.7388, 5.3976 ], [ -75.6979, 5.3873 ], [ -75.6978, 5.3765 ], [ -75.6803, 5.3563 ], [ -75.6662, 5.354 ], [ -75.6598, 5.3188 ], [ -75.6482, 5.309 ], [ -75.668, 5.2665 ], [ -75.6921, 5.2553 ], [ -75.7351, 5.2645 ], [ -75.762, 5.3127 ], [ -75.7483, 5.2843 ], [ -75.7631, 5.2734 ], [ -75.7869, 5.2848 ], [ -75.8177, 5.27 ], [ -75.8511, 5.2728 ], [ -75.8845, 5.2712 ], [ -75.8237, 5.2701 ], [ -75.8206, 5.2437 ], [ -75.8056, 5.2358 ], [ -75.8083, 5.2074 ], [ -75.8026, 5.1985 ], [ -75.8338, 5.1501 ], [ -75.8356, 5.1173 ], [ -75.8449, 5.1056 ], [ -75.875, 5.1322 ], [ -75.892, 5.1309 ], [ -75.8884, 5.1166 ], [ -75.8999, 5.1184 ], [ -75.8989, 5.1067 ], [ -75.9155, 5.0861 ], [ -75.9123, 5.0737 ], [ -75.9241, 5.042 ], [ -75.9041, 5.024 ], [ -75.9044, 4.9957 ], [ -75.8922, 4.9615 ], [ -75.8607, 4.9421 ], [ -75.8649, 4.9323 ], [ -75.8149, 4.9183 ], [ -75.8027, 4.9365 ], [ -75.7922, 4.9378 ], [ -75.7884, 4.9494 ], [ -75.7962, 4.9663 ], [ -75.7932, 4.9801 ], [ -75.7785, 4.9932 ], [ -75.7856, 4.996 ], [ -75.7814, 5.0104 ], [ -75.7706, 5.0075 ], [ -75.7724, 5.0201 ], [ -75.7468, 5.0468 ], [ -75.7148, 4.977 ], [ -75.7176, 4.9381 ], [ -75.7142, 4.9578 ], [ -75.6982, 4.9438 ], [ -75.6553, 4.946 ], [ -75.6411, 4.9745 ], [ -75.6231, 4.971 ], [ -75.6171, 4.9314 ], [ -75.595, 4.9262 ], [ -75.5876, 4.9346 ], [ -75.5646, 4.9378 ], [ -75.5574, 4.9241 ], [ -75.5434, 4.9285 ], [ -75.5375, 4.9165 ], [ -75.5119, 4.9243 ], [ -75.4801, 4.9165 ], [ -75.484, 4.9107 ], [ -75.4743, 4.9039 ], [ -75.4729, 4.8908 ], [ -75.4563, 4.8869 ], [ -75.4387, 4.8552 ], [ -75.4269, 4.8164 ], [ -75.4055, 4.8041 ], [ -75.3755, 4.8027 ], [ -75.3789, 4.7613 ], [ -75.388, 4.7468 ], [ -75.3779, 4.7296 ], [ -75.4125, 4.6985 ], [ -75.4387, 4.6953 ], [ -75.4404, 4.6817 ], [ -75.4646, 4.6794 ], [ -75.4794, 4.6632 ], [ -75.4948, 4.6683 ], [ -75.5137, 4.6932 ], [ -75.5458, 4.7015 ], [ -75.5827, 4.7076 ], [ -75.5931, 4.7026 ], [ -75.6065, 4.7095 ], [ -75.6215, 4.701 ], [ -75.6467, 4.7095 ], [ -75.6598, 4.6999 ], [ -75.7029, 4.7214 ], [ -75.7297, 4.7079 ], [ -75.754, 4.7099 ], [ -75.776, 4.7218 ], [ -75.7906, 4.7164 ], [ -75.8311, 4.7378 ], [ -75.8412, 4.7283 ], [ -75.8509, 4.734 ], [ -75.8561, 4.7278 ], [ -75.8445, 4.7597 ], [ -75.8523, 4.7787 ], [ -75.871, 4.7762 ], [ -75.8886, 4.7547 ], [ -75.8977, 4.7588 ], [ -75.9082, 4.7521 ], [ -75.9168, 4.7565 ], [ -75.9152, 4.7637 ], [ -75.9231, 4.7601 ], [ -75.928, 4.787 ], [ -75.9175, 4.7945 ], [ -75.9357, 4.8077 ], [ -75.9108, 4.8166 ], [ -75.9004, 4.8507 ], [ -75.9111, 4.8607 ], [ -75.9144, 4.88 ], [ -75.9185, 4.8694 ] ] ] } },
{ "type": "Feature", "properties": { "DPTO_CCDGO": "68", "DPTO_CNMBR": "SANTANDER", "REGION": "Andina" }, "geometry": { "type": "Polygon", "coordinates": [ [ [ -74.0649, 5.846 ], [ -74.0761, 5.8319 ], [ -74.089, 5.8415 ], [ -74.1055, 5.8789 ], [ -74.1333, 5.8759 ], [ -74.182, 5.9137 ], [ -74.1896, 5.8842 ], [ -74.2001, 5.8767 ], [ -74.1952, 5.8557 ], [ -74.2147, 5.8538 ], [ -74.2318, 5.8358 ], [ -74.265, 5.8341 ], [ -74.275, 5.8685 ], [ -74.2311, 5.905 ], [ -74.2245, 5.9232 ], [ -74.2389, 5.9437 ], [ -74.2222, 5.9679 ], [ -74.2601, 6.0125 ], [ -74.2656, 6.0525 ], [ -74.2587, 6.0655 ], [ -74.2776, 6.0737 ], [ -74.2755, 6.0804 ], [ -74.2981, 6.0841 ], [ -74.3153, 6.0677 ], [ -74.3373, 6.065 ], [ -74.3476, 6.0385 ], [ -74.367, 6.0469 ], [ -74.3826, 6.0401 ], [ -74.3808, 6.0481 ], [ -74.4019, 6.0663 ], [ -74.408, 6.0865 ], [ -74.4302, 6.0867 ], [ -74.4511, 6.0987 ], [ -74.4526, 6.1357 ], [ -74.4795, 6.1596 ], [ -74.4696, 6.2014 ], [ -74.4829, 6.1998 ], [ -74.5084, 6.2165 ], [ -74.5289, 6.2628 ], [ -74.5134, 6.2836 ], [ -74.4808, 6.2485 ], [ -74.5086, 6.2855 ], [ -74.4504, 6.3319 ], [ -74.4404, 6.3711 ], [ -74.4235, 6.39 ], [ -74.3903, 6.3941 ], [ -74.3695, 6.4122 ], [ -74.4047, 6.4709 ], [ -74.3938, 6.5005 ], [ -74.4067, 6.5426 ], [ -74.4047, 6.5939 ], [ -74.3594, 6.6328 ], [ -74.3302, 6.6296 ], [ -74.3122, 6.6543 ], [ -74.259, 6.6734 ], [ -74.2195, 6.7171 ], [ -74.1773, 6.7249 ], [ -74.1426, 6.7566 ], [ -74.1151, 6.7656 ], [ -74.0952, 6.8026 ], [ -74.0909, 6.8037 ], [ -74.0772, 6.8419 ], [ -74.023, 6.8913 ], [ -74.0106, 6.9133 ], [ -73.9156, 6.9691 ], [ -73.8842, 7.0052 ], [ -73.8882, 7.0702 ], [ -73.9332, 7.1248 ], [ -73.9305, 7.1512 ], [ -73.9388, 7.1823 ], [ -73.9235, 7.2135 ], [ -73.9245, 7.2676 ], [ -73.8956, 7.4177 ], [ -73.8961, 7.4334 ], [ -73.9174, 7.4726 ], [ -73.9131, 7.4936 ], [ -73.8815, 7.5063 ], [ -73.8666, 7.5331 ], [ -73.8492, 7.5347 ], [ -73.8407, 7.5662 ], [ -73.8305, 7.5757 ], [ -73.8287, 7.6024 ], [ -73.8103, 7.6166 ], [ -73.8184, 7.6428 ], [ -73.8034, 7.6445 ], [ -73.7973, 7.6544 ], [ -73.8157, 7.6882 ], [ -73.8109, 7.7062 ], [ -73.8319, 7.7298 ], [ -73.7981, 7.775 ], [ -73.8216, 7.823 ], [ -73.8212, 7.8649 ], [ -73.8354, 7.8962 ], [ -73.8316, 7.9359 ], [ -73.8673, 7.9819 ], [ -73.8669, 8.0679 ], [ -73.8236, 8.1056 ], [ -73.8068, 8.1304 ], [ -73.784, 8.1353 ], [ -73.7753, 8.145 ], [ -73.7743, 8.1083 ], [ -73.7914, 8.1028 ], [ -73.7733, 8.0922 ], [ -73.7645, 8.0636 ], [ -73.7427, 8.0515 ], [ -73.7498, 8.0443 ], [ -73.7337, 8.0351 ], [ -73.7371, 8.0237 ], [ -73.7212, 8.0106 ], [ -73.7273, 7.9914 ], [ -73.7192, 7.9896 ], [ -73.7279, 7.9859 ], [ -73.7196, 7.9837 ], [ -73.7236, 7.9678 ], [ -73.7084, 7.9698 ], [ -73.6971, 7.9506 ], [ -73.6829, 7.9517 ], [ -73.6839, 7.9397 ], [ -73.6744, 7.9417 ], [ -73.6778, 7.9138 ], [ -73.6706, 7.8932 ], [ -73.6898, 7.8841 ], [ -73.6929, 7.8716 ], [ -73.7251, 7.8488 ], [ -73.7248, 7.8346 ], [ -73.7441, 7.8304 ], [ -73.7527, 7.8106 ], [ -73.7377, 7.7835 ], [ -73.7635, 7.7671 ], [ -73.7527, 7.7494 ], [ -73.6335, 7.7493 ], [ -73.6316, 7.7413 ], [ -73.6, 7.7259 ], [ -73.5969, 7.7013 ], [ -73.5591, 7.6913 ], [ -73.5588, 7.6724 ], [ -73.5376, 7.6632 ], [ -73.5179, 7.6414 ], [ -73.5209, 7.6193 ], [ -73.5086, 7.6115 ], [ -73.5051, 7.5955 ], [ -73.4895, 7.5943 ], [ -73.4677, 7.5762 ], [ -73.4087, 7.5652 ], [ -73.3957, 7.5672 ], [ -73.3992, 7.5767 ], [ -73.3864, 7.5821 ], [ -73.3553, 7.5443 ], [ -73.2819, 7.5482 ], [ -73.2628, 7.5307 ], [ -73.2551, 7.5326 ], [ -73.2475, 7.5583 ], [ -73.2589, 7.5881 ], [ -73.2274, 7.6282 ], [ -73.1812, 7.6187 ], [ -73.1642, 7.6255 ], [ -73.1233, 7.6081 ], [ -73.0999, 7.6194 ], [ -73.0897, 7.6096 ], [ -73.0487, 7.6065 ], [ -73.0613, 7.5726 ], [ -73.0486, 7.6063 ], [ -73.0312, 7.6222 ], [ -72.9824, 7.6203 ], [ -72.9805, 7.6109 ], [ -72.9922, 7.597 ], [ -72.9783, 7.529 ], [ -72.9393, 7.5123 ], [ -72.9279, 7.4951 ], [ -72.8932, 7.4743 ], [ -72.9006, 7.4341 ], [ -72.8654, 7.3789 ], [ -72.8632, 7.3832 ], [ -72.8552, 7.377 ], [ -72.856, 7.3628 ], [ -72.8368, 7.3556 ], [ -72.8432, 7.3154 ], [ -72.8341, 7.3042 ], [ -72.8709, 7.2771 ], [ -72.8819, 7.2565 ], [ -72.8965, 7.2458 ], [ -72.8735, 7.2614 ], [ -72.8564, 7.217 ], [ -72.8419, 7.2059 ], [ -72.8327, 7.2078 ], [ -72.8312, 7.1995 ], [ -72.8419, 7.1926 ], [ -72.8438, 7.1651 ], [ -72.8591, 7.1545 ], [ -72.8502, 7.1337 ], [ -72.8481, 7.1372 ], [ -72.8359, 7.0966 ], [ -72.8191, 7.0901 ], [ -72.8187, 7.0615 ], [ -72.8241, 7.0512 ], [ -72.8228, 7.0514 ], [ -72.812, 7.0755 ], [ -72.8004, 7.0732 ], [ -72.7877, 7.0492 ], [ -72.7723, 7.0602 ], [ -72.7499, 7.0591 ], [ -72.7566, 7.0406 ], [ -72.7348, 6.9886 ], [ -72.7218, 7.0051 ], [ -72.6996, 7.0008 ], [ -72.6769, 7.0073 ], [ -72.6685, 6.9655 ], [ -72.6491, 6.9975 ], [ -72.632, 6.9869 ], [ -72.6142, 6.9934 ], [ -72.5999, 6.9894 ], [ -72.5727, 7.0019 ], [ -72.5533, 6.9881 ], [ -72.5545, 6.9691 ], [ -72.5419, 6.9419 ], [ -72.5526, 6.9223 ], [ -72.5515, 6.8799 ], [ -72.5474, 6.886 ], [ -72.5137, 6.888 ], [ -72.5121, 6.9035 ], [ -72.5029, 6.9082 ], [ -72.5006, 6.8712 ], [ -72.4771, 6.8422 ], [ -72.484, 6.8081 ], [ -72.4985, 6.7984 ], [ -72.4986, 6.7644 ], [ -72.4876, 6.7436 ], [ -72.4998, 6.728 ], [ -72.4847, 6.7026 ], [ -72.4911, 6.6818 ], [ -72.4855, 6.6571 ], [ -72.497, 6.6339 ], [ -72.5188, 6.6201 ], [ -72.527, 6.5916 ], [ -72.5422, 6.5835 ], [ -72.5459, 6.5672 ], [ -72.5363, 6.5404 ], [ -72.5495, 6.5215 ], [ -72.5346, 6.4943 ], [ -72.583, 6.4764 ], [ -72.6056, 6.4488 ], [ -72.6491, 6.4364 ], [ -72.6628, 6.4466 ], [ -72.7036, 6.5392 ], [ -72.7207, 6.5537 ], [ -72.7445, 6.5603 ], [ -72.7405, 6.5637 ], [ -72.7602, 6.5816 ], [ -72.7819, 6.5797 ], [ -72.8086, 6.5595 ], [ -72.806, 6.5462 ], [ -72.8145, 6.5412 ], [ -72.8196, 6.5449 ], [ -72.8182, 6.539 ], [ -72.8141, 6.5411 ], [ -72.7788, 6.529 ], [ -72.7654, 6.4991 ], [ -72.7359, 6.4907 ], [ -72.7368, 6.473 ], [ -72.7249, 6.4567 ], [ -72.738, 6.4403 ], [ -72.7256, 6.3721 ], [ -72.7314, 6.3569 ], [ -72.7484, 6.3476 ], [ -72.7496, 6.3244 ], [ -72.7579, 6.3151 ], [ -72.7546, 6.2796 ], [ -72.7459, 6.2749 ], [ -72.7447, 6.2292 ], [ -72.775, 6.2105 ], [ -72.8037, 6.216 ], [ -72.8313, 6.1488 ], [ -72.8603, 6.1429 ], [ -72.8675, 6.146 ], [ -72.8725, 6.1251 ], [ -72.895, 6.1239 ], [ -72.9001, 6.1125 ], [ -72.9234, 6.0983 ], [ -72.9228, 6.0879 ], [ -72.9527, 6.0674 ], [ -72.9627, 6.0274 ], [ -72.983, 6.01 ], [ -73.0112, 5.9631 ], [ -73.0281, 5.9966 ], [ -73.0316, 6.0229 ], [ -73.0622, 6.0111 ], [ -73.0678, 5.982 ], [ -73.0774, 5.9774 ], [ -73.1043, 5.9766 ], [ -73.0822, 5.9772 ], [ -73.081, 5.9711 ], [ -73.1008, 5.9623 ], [ -73.1426, 5.9611 ], [ -73.1844, 6.012 ], [ -73.2042, 6.0222 ], [ -73.1819, 6.0079 ], [ -73.1755, 5.9945 ], [ -73.1993, 6.0031 ], [ -73.2184, 5.9813 ], [ -73.2163, 5.9623 ], [ -73.2247, 5.9411 ], [ -73.2083, 5.9215 ], [ -73.2218, 5.9095 ], [ -73.221, 5.8907 ], [ -73.2073, 5.8888 ], [ -73.184, 5.8504 ], [ -73.205, 5.8266 ], [ -73.2469, 5.816 ], [ -73.2653, 5.8349 ], [ -73.2705, 5.8535 ], [ -73.2835, 5.8602 ], [ -73.2901, 5.8504 ], [ -73.3126, 5.8562 ], [ -73.3292, 5.8515 ], [ -73.3515, 5.8726 ], [ -73.3457, 5.8422 ], [ -73.3511, 5.8231 ], [ -73.3905, 5.7511 ], [ -73.4171, 5.7686 ], [ -73.4308, 5.7671 ], [ -73.4271, 5.7764 ], [ -73.4359, 5.7982 ], [ -73.4735, 5.8168 ], [ -73.4511, 5.867 ], [ -73.4489, 5.8798 ], [ -73.4569, 5.8904 ], [ -73.4445, 5.902 ], [ -73.4077, 5.8892 ], [ -73.3739, 5.9694 ], [ -73.3707, 6.0052 ], [ -73.4052, 6.053 ], [ -73.4002, 6.0507 ], [ -73.4191, 6.0684 ], [ -73.4152, 6.0734 ], [ -73.4381, 6.0714 ], [ -73.4967, 6.1069 ], [ -73.4954, 6.1117 ], [ -73.5152, 6.0991 ], [ -73.5371, 6.042 ], [ -73.582, 6.012 ], [ -73.5899, 5.9973 ], [ -73.5909, 5.9654 ], [ -73.6074, 5.9309 ], [ -73.6345, 5.9109 ], [ -73.6518, 5.9209 ], [ -73.6002, 5.8694 ], [ -73.6243, 5.8123 ], [ -73.63, 5.7444 ], [ -73.6518, 5.7124 ], [ -73.6723, 5.7477 ], [ -73.6934, 5.7572 ], [ -73.7144, 5.7817 ], [ -73.7267, 5.7704 ], [ -73.7615, 5.7731 ], [ -73.8123, 5.7151 ], [ -73.8204, 5.7166 ], [ -73.8234, 5.7404 ], [ -73.8429, 5.7366 ], [ -73.8611, 5.7115 ], [ -73.8785, 5.7075 ], [ -73.873, 5.7256 ], [ -73.8841, 5.7228 ], [ -73.8892, 5.737 ], [ -73.9586, 5.7394 ], [ -73.9809, 5.7208 ], [ -74.0141, 5.7643 ], [ -74.011, 5.7747 ], [ -74.0251, 5.7808 ], [ -74.026, 5.8068 ], [ -74.0814, 5.8236 ], [ -74.0649, 5.846 ] ] ] } },
{ "type": "Feature", "properties": { "DPTO_CCDGO": "70", "DPTO_CNMBR": "SUCRE", "REGION": "Caribe" }, "geometry": { "type": "Polygon", "coordinates": [ [ [ -75.3359, 8.7113 ], [ -75.3427, 8.7132 ], [ -75.3297, 8.7256 ], [ -75.3314, 8.7459 ], [ -75.3237, 8.7475 ], [ -75.3242, 8.7555 ], [ -75.3393, 8.7659 ], [ -75.3356, 8.7716 ], [ -75.3688, 8.7912 ], [ -75.3716, 8.8265 ], [ -75.3485, 8.8427 ], [ -75.3508, 8.8504 ], [ -75.3357, 8.8534 ], [ -75.3316, 8.8655 ], [ -75.2998, 8.858 ], [ -75.2872, 8.89 ], [ -75.2932, 8.8973 ], [ -75.2727, 8.9136 ], [ -75.2652, 8.8955 ], [ -75.2446, 8.8823 ], [ -75.2192, 8.9144 ], [ -75.2084, 8.9174 ], [ -75.1991, 8.9076 ], [ -75.1986, 8.9209 ], [ -75.1752, 8.9041 ], [ -75.1862, 8.9133 ], [ -75.1805, 8.9297 ], [ -75.192, 8.936 ], [ -75.188, 8.9442 ], [ -75.1717, 8.9283 ], [ -75.1677, 8.9445 ], [ -75.1561, 8.9436 ], [ -75.1878, 8.9675 ], [ -75.1864, 8.9864 ], [ -75.2076, 9.0067 ], [ -75.21, 9.0257 ], [ -75.2048, 9.0322 ], [ -75.2119, 9.0353 ], [ -75.2089, 9.0494 ], [ -75.2242, 9.0731 ], [ -75.2362, 9.0671 ], [ -75.2714, 9.0768 ], [ -75.2811, 9.0729 ], [ -75.2991, 9.0825 ], [ -75.2936, 9.0962 ], [ -75.31, 9.0888 ], [ -75.3101, 9.1176 ], [ -75.321, 9.1156 ], [ -75.3282, 9.1313 ], [ -75.3465, 9.1237 ], [ -75.3555, 9.1367 ], [ -75.3817, 9.1381 ], [ -75.3788, 9.1485 ], [ -75.3909, 9.1613 ], [ -75.4105, 9.1448 ], [ -75.4283, 9.1515 ], [ -75.4357, 9.1403 ], [ -75.4489, 9.1401 ], [ -75.466, 9.1577 ], [ -75.4544, 9.176 ], [ -75.4662, 9.2085 ], [ -75.4571, 9.2413 ], [ -75.4617, 9.2385 ], [ -75.4998, 9.2595 ], [ -75.4907, 9.2737 ], [ -75.4994, 9.2749 ], [ -75.4961, 9.2904 ], [ -75.5123, 9.2581 ], [ -75.5166, 9.2645 ], [ -75.5483, 9.2598 ], [ -75.5693, 9.2797 ], [ -75.5842, 9.273 ], [ -75.6094, 9.281 ], [ -75.603, 9.2994 ], [ -75.5908, 9.2965 ], [ -75.5877, 9.3025 ], [ -75.6259, 9.3531 ], [ -75.641, 9.3489 ], [ -75.6484, 9.3627 ], [ -75.661, 9.3611 ], [ -75.6715, 9.3431 ], [ -75.6798, 9.3446 ], [ -75.6892, 9.3646 ], [ -75.7044, 9.3722 ], [ -75.706, 9.4067 ], [ -75.6961, 9.4118 ], [ -75.6762, 9.4035 ], [ -75.6459, 9.4196 ], [ -75.6124, 9.4577 ], [ -75.5732, 9.5695 ], [ -75.5707, 9.6183 ], [ -75.6126, 9.6945 ], [ -75.631, 9.692 ], [ -75.6538, 9.7073 ], [ -75.6932, 9.7052 ], [ -75.7041, 9.6981 ], [ -75.6784, 9.7343 ], [ -75.6424, 9.7591 ], [ -75.6453, 9.774 ], [ -75.6231, 9.8054 ], [ -75.6137, 9.8512 ], [ -75.6209, 9.8764 ], [ -75.5979, 9.9058 ], [ -75.5956, 9.9363 ], [ -75.576, 9.9705 ], [ -75.5839, 9.9981 ], [ -75.5716, 10.0171 ], [ -75.5736, 10.0864 ], [ -75.4975, 10.1455 ], [ -75.5449, 10.0444 ], [ -75.5168, 10.0252 ], [ -75.4908, 10.0383 ], [ -75.4761, 10.0186 ], [ -75.4844, 10.0069 ], [ -75.4702, 10.004 ], [ -75.4801, 9.9784 ], [ -75.4642, 9.9614 ], [ -75.4778, 9.9351 ], [ -75.4692, 9.9247 ], [ -75.482, 9.9299 ], [ -75.4638, 9.9059 ], [ -75.4655, 9.8918 ], [ -75.4497, 9.8947 ], [ -75.4461, 9.9132 ], [ -75.4309, 9.9127 ], [ -75.4331, 9.8971 ], [ -75.4276, 9.8929 ], [ -75.3967, 9.8938 ], [ -75.4218, 9.8845 ], [ -75.3936, 9.8808 ], [ -75.3768, 9.8494 ], [ -75.3383, 9.8282 ], [ -75.3356, 9.8119 ], [ -75.36, 9.7375 ], [ -75.378, 9.7204 ], [ -75.3701, 9.6924 ], [ -75.3808, 9.6822 ], [ -75.3714, 9.6746 ], [ -75.3835, 9.6506 ], [ -75.3744, 9.6452 ], [ -75.3732, 9.6294 ], [ -75.3812, 9.635 ], [ -75.3632, 9.605 ], [ -75.3731, 9.6241 ], [ -75.357, 9.647 ], [ -75.3303, 9.631 ], [ -75.3343, 9.6199 ], [ -75.327, 9.6165 ], [ -75.3147, 9.6528 ], [ -75.3013, 9.6567 ], [ -75.2998, 9.67 ], [ -75.2672, 9.6835 ], [ -75.2706, 9.67 ], [ -75.2327, 9.6467 ], [ -75.2002, 9.652 ], [ -75.1802, 9.639 ], [ -75.1645, 9.6465 ], [ -75.1813, 9.6277 ], [ -75.1893, 9.6293 ], [ -75.1826, 9.6036 ], [ -75.1659, 9.6133 ], [ -75.1542, 9.6004 ], [ -75.1334, 9.5964 ], [ -75.132, 9.58 ], [ -75.1035, 9.5658 ], [ -75.0787, 9.5333 ], [ -75.0399, 9.5404 ], [ -75.027, 9.529 ], [ -75.0124, 9.5283 ], [ -75.0289, 9.5099 ], [ -75.0259, 9.4955 ], [ -75.0358, 9.4736 ], [ -75.0674, 9.4732 ], [ -75.0392, 9.4732 ], [ -74.9598, 9.432 ], [ -74.9351, 9.4476 ], [ -74.8865, 9.4257 ], [ -74.9151, 9.4139 ], [ -74.9323, 9.367 ], [ -74.9505, 9.3482 ], [ -74.9329, 9.3284 ], [ -74.9445, 9.2958 ], [ -74.9312, 9.2917 ], [ -74.9257, 9.279 ], [ -74.931, 9.2548 ], [ -74.9102, 9.2446 ], [ -74.903, 9.1635 ], [ -74.8633, 9.1485 ], [ -74.8291, 9.0865 ], [ -74.8278, 9.0611 ], [ -74.777, 9.0358 ], [ -74.7553, 9.0444 ], [ -74.7455, 9.0377 ], [ -74.7481, 9.0283 ], [ -74.7369, 9.0158 ], [ -74.7049, 9.0078 ], [ -74.6838, 9.0115 ], [ -74.639, 8.9771 ], [ -74.6234, 8.9305 ], [ -74.606, 8.931 ], [ -74.6086, 8.9195 ], [ -74.5947, 8.901 ], [ -74.5895, 8.8718 ], [ -74.5794, 8.8728 ], [ -74.586, 8.8412 ], [ -74.5647, 8.837 ], [ -74.5393, 8.8011 ], [ -74.5642, 8.7955 ], [ -74.5752, 8.7855 ], [ -74.5711, 8.7734 ], [ -74.5857, 8.771 ], [ -74.5891, 8.7613 ], [ -74.6087, 8.7611 ], [ -74.5998, 8.7431 ], [ -74.6089, 8.7303 ], [ -74.5965, 8.701 ], [ -74.5907, 8.6688 ], [ -74.5991, 8.6553 ], [ -74.5867, 8.6306 ], [ -74.5949, 8.5931 ], [ -74.5626, 8.5691 ], [ -74.5639, 8.5492 ], [ -74.5765, 8.5443 ], [ -74.5665, 8.5117 ], [ -74.6026, 8.4994 ], [ -74.5563, 8.5086 ], [ -74.5354, 8.4806 ], [ -74.539, 8.428 ], [ -74.5556, 8.4116 ], [ -74.5611, 8.3901 ], [ -74.5869, 8.3841 ], [ -74.5968, 8.4033 ], [ -74.6145, 8.4065 ], [ -74.614, 8.347 ], [ -74.6493, 8.3135 ], [ -74.6511, 8.2811 ], [ -74.6596, 8.2796 ], [ -74.668, 8.2953 ], [ -74.684, 8.292 ], [ -74.7132, 8.3041 ], [ -74.725, 8.2985 ], [ -74.7275, 8.281 ], [ -74.7348, 8.2982 ], [ -74.7418, 8.2933 ], [ -74.7478, 8.2991 ], [ -74.7644, 8.2945 ], [ -74.7709, 8.2794 ], [ -74.7947, 8.2819 ], [ -74.8013, 8.3023 ], [ -74.7902, 8.3182 ], [ -74.7983, 8.3166 ], [ -74.8015, 8.338 ], [ -74.828, 8.3597 ], [ -74.8193, 8.3714 ], [ -74.8131, 8.3645 ], [ -74.8037, 8.3688 ], [ -74.8082, 8.3866 ], [ -74.842, 8.3869 ], [ -74.824, 8.3992 ], [ -74.8523, 8.3847 ], [ -74.8583, 8.3964 ], [ -74.8754, 8.4044 ], [ -74.8827, 8.4349 ], [ -74.8988, 8.4466 ], [ -74.9, 8.4545 ], [ -74.9275, 8.4533 ], [ -74.926, 8.4996 ], [ -74.9939, 8.5095 ], [ -75.003, 8.5226 ], [ -74.9937, 8.5601 ], [ -75.0076, 8.511 ], [ -75.0241, 8.497 ], [ -75.0335, 8.4989 ], [ -75.0396, 8.4593 ], [ -75.0563, 8.466 ], [ -75.0624, 8.4533 ], [ -75.0853, 8.4658 ], [ -75.128, 8.4683 ], [ -75.1362, 8.4299 ], [ -75.1565, 8.4333 ], [ -75.1566, 8.419 ], [ -75.1851, 8.3966 ], [ -75.1965, 8.4214 ], [ -75.2114, 8.4253 ], [ -75.1925, 8.4434 ], [ -75.2163, 8.4854 ], [ -75.2319, 8.4679 ], [ -75.2415, 8.4714 ], [ -75.2356, 8.4779 ], [ -75.2414, 8.4873 ], [ -75.2734, 8.4882 ], [ -75.2867, 8.4995 ], [ -75.3144, 8.5024 ], [ -75.3043, 8.5178 ], [ -75.3157, 8.537 ], [ -75.3264, 8.5344 ], [ -75.3225, 8.5472 ], [ -75.3303, 8.5528 ], [ -75.3178, 8.5742 ], [ -75.3183, 8.5904 ], [ -75.3596, 8.6797 ], [ -75.352, 8.6801 ], [ -75.3491, 8.7007 ], [ -75.3367, 8.6962 ], [ -75.3403, 8.7057 ], [ -75.3168, 8.7352 ], [ -75.3359, 8.7113 ] ] ] } },
{ "type": "Feature", "properties": { "DPTO_CCDGO": "73", "DPTO_CNMBR": "TOLIMA", "REGION": "Andina" }, "geometry": { "type": "Polygon", "coordinates": [ [ [ -75.5825, 3.1238 ], [ -75.6017, 3.1139 ], [ -75.6221, 3.0754 ], [ -75.617, 3.0615 ], [ -75.602, 3.0541 ], [ -75.6015, 3.0392 ], [ -75.6268, 3.0024 ], [ -75.6598, 2.9867 ], [ -75.6932, 2.9934 ], [ -75.7027, 2.97 ], [ -75.7615, 2.9423 ], [ -75.763, 2.9149 ], [ -75.7808, 2.9117 ], [ -75.8012, 2.8862 ], [ -75.8401, 2.8719 ], [ -75.8601, 2.873 ], [ -75.8844, 2.8976 ], [ -75.9015, 2.8949 ], [ -75.9086, 2.9095 ], [ -75.9274, 2.9137 ], [ -75.9274, 2.9214 ], [ -75.9534, 2.9178 ], [ -75.959, 2.9368 ], [ -75.9815, 2.9561 ], [ -75.9886, 2.9825 ], [ -76.029, 2.9405 ], [ -76.0208, 3.0039 ], [ -76.0413, 3.0159 ], [ -76.0449, 3.0431 ], [ -76.073, 3.0496 ], [ -76.0702, 3.0669 ], [ -76.0823, 3.0904 ], [ -76.1054, 3.1006 ], [ -76.1026, 3.1093 ], [ -76.0737, 3.1225 ], [ -76.0727, 3.1403 ], [ -76.0861, 3.1551 ], [ -76.0779, 3.1647 ], [ -76.0921, 3.1768 ], [ -76.0914, 3.1985 ], [ -76.084, 3.2037 ], [ -76.0686, 3.1954 ], [ -76.0604, 3.2027 ], [ -76.052, 3.2184 ], [ -76.0595, 3.2308 ], [ -76.0386, 3.2515 ], [ -76.0505, 3.282 ], [ -76.0378, 3.301 ], [ -76.0571, 3.3276 ], [ -76.052, 3.3363 ], [ -76.0619, 3.3517 ], [ -76.0472, 3.3743 ], [ -76.0314, 3.3823 ], [ -76.0297, 3.3933 ], [ -76.043, 3.3981 ], [ -76.0413, 3.4383 ], [ -76.0226, 3.473 ], [ -76.0263, 3.4916 ], [ -76.0015, 3.5196 ], [ -75.984, 3.5599 ], [ -75.9893, 3.5755 ], [ -75.9845, 3.5888 ], [ -75.9953, 3.6111 ], [ -75.9866, 3.6234 ], [ -75.9937, 3.6384 ], [ -75.9771, 3.6436 ], [ -75.9754, 3.6579 ], [ -75.9504, 3.674 ], [ -75.9603, 3.7057 ], [ -75.9456, 3.7157 ], [ -75.9383, 3.734 ], [ -75.9221, 3.7386 ], [ -75.9033, 3.7966 ], [ -75.853, 3.8522 ], [ -75.8608, 3.8625 ], [ -75.8584, 3.8814 ], [ -75.8354, 3.9085 ], [ -75.821, 3.9051 ], [ -75.8122, 3.9194 ], [ -75.8057, 3.9528 ], [ -75.7915, 3.971 ], [ -75.7953, 4.0051 ], [ -75.7765, 4.004 ], [ -75.7698, 4.0205 ], [ -75.7441, 4.0401 ], [ -75.7335, 4.0273 ], [ -75.7455, 4.0432 ], [ -75.7376, 4.0554 ], [ -75.7523, 4.0707 ], [ -75.751, 4.0859 ], [ -75.7326, 4.1026 ], [ -75.7331, 4.1141 ], [ -75.7199, 4.1124 ], [ -75.7146, 4.1267 ], [ -75.6935, 4.1357 ], [ -75.6914, 4.161 ], [ -75.6562, 4.2005 ], [ -75.6598, 4.2202 ], [ -75.6464, 4.2262 ], [ -75.642, 4.2476 ], [ -75.6235, 4.2575 ], [ -75.6168, 4.2723 ], [ -75.5972, 4.2794 ], [ -75.5773, 4.256 ], [ -75.6044, 4.2892 ], [ -75.593, 4.3189 ], [ -75.6003, 4.3339 ], [ -75.5828, 4.3869 ], [ -75.5775, 4.4522 ], [ -75.5246, 4.4979 ], [ -75.5243, 4.5434 ], [ -75.4676, 4.599 ], [ -75.4323, 4.6011 ], [ -75.421, 4.6109 ], [ -75.4154, 4.6245 ], [ -75.4215, 4.6586 ], [ -75.4005, 4.6909 ], [ -75.3799, 4.7087 ], [ -75.351, 4.7008 ], [ -75.3887, 4.7154 ], [ -75.3779, 4.7296 ], [ -75.388, 4.7468 ], [ -75.3789, 4.7613 ], [ -75.3755, 4.8027 ], [ -75.3524, 4.8421 ], [ -75.3248, 4.8633 ], [ -75.3168, 4.8958 ], [ -75.3194, 4.8931 ], [ -75.3348, 4.8996 ], [ -75.3522, 4.9383 ], [ -75.3534, 4.9646 ], [ -75.3297, 4.9849 ], [ -75.3179, 5.0293 ], [ -75.3488, 5.0573 ], [ -75.3448, 5.0808 ], [ -75.2839, 5.1407 ], [ -75.235, 5.126 ], [ -75.2113, 5.1388 ], [ -75.1981, 5.1622 ], [ -75.1543, 5.1705 ], [ -75.1305, 5.1559 ], [ -75.1131, 5.1628 ], [ -75.1054, 5.1985 ], [ -75.0627, 5.2522 ], [ -75.0566, 5.2755 ], [ -75.0358, 5.2766 ], [ -75.0282, 5.2888 ], [ -74.9863, 5.2887 ], [ -74.9362, 5.3124 ], [ -74.8735, 5.2949 ], [ -74.8689, 5.3048 ], [ -74.8494, 5.3073 ], [ -74.8613, 5.3063 ], [ -74.8484, 5.3167 ], [ -74.8217, 5.3167 ], [ -74.8054, 5.3029 ], [ -74.7745, 5.2992 ], [ -74.7545, 5.2817 ], [ -74.7431, 5.2911 ], [ -74.7343, 5.2869 ], [ -74.7245, 5.2629 ], [ -74.7234, 5.2399 ], [ -74.7346, 5.2048 ], [ -74.7206, 5.1994 ], [ -74.7144, 5.1798 ], [ -74.7319, 5.1432 ], [ -74.7168, 5.0923 ], [ -74.7329, 5.0705 ], [ -74.7259, 5.0584 ], [ -74.7431, 5.0063 ], [ -74.7059, 4.9814 ], [ -74.7138, 4.9722 ], [ -74.7336, 4.9763 ], [ -74.7543, 4.9386 ], [ -74.7474, 4.9493 ], [ -74.7323, 4.9312 ], [ -74.7402, 4.9067 ], [ -74.7317, 4.894 ], [ -74.738, 4.8832 ], [ -74.7549, 4.8859 ], [ -74.7528, 4.8637 ], [ -74.7695, 4.8429 ], [ -74.7444, 4.8234 ], [ -74.7438, 4.7883 ], [ -74.7704, 4.7735 ], [ -74.7781, 4.7507 ], [ -74.8145, 4.7357 ], [ -74.8156, 4.7166 ], [ -74.8029, 4.7049 ], [ -74.8082, 4.6718 ], [ -74.7858, 4.6527 ], [ -74.8023, 4.6258 ], [ -74.8218, 4.6119 ], [ -74.7945, 4.5936 ], [ -74.7946, 4.5881 ], [ -74.8149, 4.5852 ], [ -74.8046, 4.5711 ], [ -74.8047, 4.5343 ], [ -74.7878, 4.5036 ], [ -74.8201, 4.4923 ], [ -74.7946, 4.5 ], [ -74.8073, 4.4533 ], [ -74.8331, 4.4434 ], [ -74.8327, 4.4054 ], [ -74.8408, 4.378 ], [ -74.8544, 4.3664 ], [ -74.8558, 4.3347 ], [ -74.884, 4.3161 ], [ -74.8734, 4.3056 ], [ -74.8956, 4.2883 ], [ -74.8771, 4.2654 ], [ -74.8337, 4.2757 ], [ -74.8127, 4.2943 ], [ -74.8051, 4.2855 ], [ -74.7764, 4.2786 ], [ -74.7941, 4.248 ], [ -74.7815, 4.2651 ], [ -74.7682, 4.2644 ], [ -74.7672, 4.2513 ], [ -74.752, 4.2592 ], [ -74.7448, 4.2478 ], [ -74.7674, 4.2279 ], [ -74.7447, 4.2475 ], [ -74.7463, 4.206 ], [ -74.7449, 4.2414 ], [ -74.7341, 4.2478 ], [ -74.7219, 4.231 ], [ -74.706, 4.2295 ], [ -74.7017, 4.2121 ], [ -74.6813, 4.2009 ], [ -74.6573, 4.2154 ], [ -74.6556, 4.1984 ], [ -74.6245, 4.2249 ], [ -74.6192, 4.2523 ], [ -74.568, 4.2724 ], [ -74.5189, 4.2405 ], [ -74.5081, 4.1981 ], [ -74.4833, 4.1767 ], [ -74.4837, 4.146 ], [ -74.4748, 4.1286 ], [ -74.4861, 4.0966 ], [ -74.5082, 4.0795 ], [ -74.5296, 4.0453 ], [ -74.524, 4.0223 ], [ -74.5316, 3.9755 ], [ -74.5127, 3.9522 ], [ -74.5232, 3.8853 ], [ -74.5395, 3.8448 ], [ -74.5516, 3.8369 ], [ -74.5366, 3.8432 ], [ -74.5311, 3.8386 ], [ -74.5345, 3.821 ], [ -74.5576, 3.7671 ], [ -74.6249, 3.6987 ], [ -74.6754, 3.6717 ], [ -74.6974, 3.6416 ], [ -74.701, 3.6157 ], [ -74.7202, 3.6141 ], [ -74.7386, 3.5904 ], [ -74.7286, 3.5516 ], [ -74.7476, 3.5277 ], [ -74.7583, 3.532 ], [ -74.7748, 3.5241 ], [ -74.7808, 3.479 ], [ -74.7615, 3.4498 ], [ -74.7849, 3.4251 ], [ -74.811, 3.4106 ], [ -74.8153, 3.3935 ], [ -74.8257, 3.3889 ], [ -74.8485, 3.3408 ], [ -74.8755, 3.3261 ], [ -74.9042, 3.2921 ], [ -74.9591, 3.2771 ], [ -74.98, 3.2853 ], [ -75.0006, 3.2762 ], [ -75.0135, 3.2877 ], [ -75.0706, 3.2953 ], [ -75.0579, 3.3147 ], [ -75.0569, 3.378 ], [ -75.0277, 3.3914 ], [ -75.0425, 3.4078 ], [ -75.0422, 3.4178 ], [ -75.0352, 3.428 ], [ -75.1474, 3.4358 ], [ -75.1516, 3.4187 ], [ -75.1742, 3.4087 ], [ -75.1749, 3.3773 ], [ -75.1999, 3.3846 ], [ -75.2004, 3.4094 ], [ -75.2273, 3.4158 ], [ -75.246, 3.3951 ], [ -75.2527, 3.3657 ], [ -75.2695, 3.3828 ], [ -75.3083, 3.4039 ], [ -75.3189, 3.4196 ], [ -75.3215, 3.4084 ], [ -75.3403, 3.398 ], [ -75.3415, 3.4054 ], [ -75.3665, 3.4066 ], [ -75.3751, 3.3751 ], [ -75.415, 3.3712 ], [ -75.4261, 3.3525 ], [ -75.4404, 3.3453 ], [ -75.4449, 3.3568 ], [ -75.4792, 3.3609 ], [ -75.4904, 3.3259 ], [ -75.4985, 3.3214 ], [ -75.5113, 3.3287 ], [ -75.5267, 3.3194 ], [ -75.5218, 3.3021 ], [ -75.5303, 3.2864 ], [ -75.5896, 3.2122 ], [ -75.5775, 3.2215 ], [ -75.5726, 3.218 ], [ -75.5885, 3.1558 ], [ -75.5763, 3.1448 ], [ -75.5825, 3.1238 ] ] ] } },
{ "type": "Feature", "properties": { "DPTO_CCDGO": "76", "DPTO_CNMBR": "VALLE DEL CAUCA", "REGION": "Pacifico" }, "geometry": { "type": "MultiPolygon", "coordinates": [ [ [ [ -76.4742, 3.2807 ], [ -76.4718, 3.2708 ], [ -76.4608, 3.2663 ], [ -76.4617, 3.2527 ], [ -76.4756, 3.2573 ], [ -76.4621, 3.2492 ], [ -76.4711, 3.2484 ], [ -76.4666, 3.2397 ], [ -76.4751, 3.2447 ], [ -76.4773, 3.2326 ], [ -76.4654, 3.2275 ], [ -76.4733, 3.2161 ], [ -76.4795, 3.2223 ], [ -76.4851, 3.2131 ], [ -76.4909, 3.2174 ], [ -76.4982, 3.2021 ], [ -76.491, 3.1975 ], [ -76.4871, 3.1738 ], [ -76.4963, 3.1754 ], [ -76.4956, 3.166 ], [ -76.5078, 3.1573 ], [ -76.5008, 3.144 ], [ -76.5198, 3.1497 ], [ -76.5141, 3.1455 ], [ -76.5208, 3.1434 ], [ -76.5178, 3.1345 ], [ -76.5327, 3.1357 ], [ -76.5156, 3.1184 ], [ -76.5271, 3.1157 ], [ -76.5309, 3.1236 ], [ -76.5367, 3.1099 ], [ -76.5522, 3.1074 ], [ -76.5559, 3.0995 ], [ -76.5729, 3.1288 ], [ -76.5787, 3.1251 ], [ -76.5745, 3.1153 ], [ -76.5901, 3.1164 ], [ -76.5908, 3.1023 ], [ -76.5988, 3.1051 ], [ -76.593, 3.0936 ], [ -76.6107, 3.0913 ], [ -76.6243, 3.1021 ], [ -76.6219, 3.1159 ], [ -76.6298, 3.1284 ], [ -76.6507, 3.1021 ], [ -76.6651, 3.0987 ], [ -76.6778, 3.1 ], [ -76.6997, 3.1202 ], [ -76.7235, 3.1182 ], [ -76.7442, 3.1356 ], [ -76.7502, 3.154 ], [ -76.7392, 3.1861 ], [ -76.7586, 3.2005 ], [ -76.7529, 3.2099 ], [ -76.7688, 3.231 ], [ -76.7831, 3.2307 ], [ -76.7834, 3.2435 ], [ -76.7885, 3.2182 ], [ -76.8102, 3.2074 ], [ -76.8639, 3.2126 ], [ -76.908, 3.2014 ], [ -76.9155, 3.1495 ], [ -76.926, 3.1426 ], [ -76.9262, 3.1277 ], [ -76.9385, 3.114 ], [ -76.9719, 3.1188 ], [ -76.9968, 3.1548 ], [ -77.0639, 3.1692 ], [ -77.0984, 3.186 ], [ -77.1296, 3.1612 ], [ -77.1387, 3.1716 ], [ -77.1593, 3.1743 ], [ -77.1588, 3.1651 ], [ -77.1727, 3.1653 ], [ -77.1926, 3.1403 ], [ -77.1999, 3.1441 ], [ -77.2026, 3.1341 ], [ -77.2171, 3.136 ], [ -77.2162, 3.1204 ], [ -77.2277, 3.1115 ], [ -77.2347, 3.1158 ], [ -77.2345, 3.1081 ], [ -77.2444, 3.1154 ], [ -77.2447, 3.1263 ], [ -77.2523, 3.1152 ], [ -77.2616, 3.1351 ], [ -77.2719, 3.141 ], [ -77.2772, 3.1309 ], [ -77.2788, 3.1395 ], [ -77.2883, 3.1386 ], [ -77.2885, 3.1471 ], [ -77.2781, 3.1492 ], [ -77.2799, 3.1594 ], [ -77.2909, 3.1571 ], [ -77.3172, 3.1742 ], [ -77.3462, 3.1402 ], [ -77.3658, 3.1465 ], [ -77.3654, 3.166 ], [ -77.3839, 3.1774 ], [ -77.3821, 3.2034 ], [ -77.3924, 3.2138 ], [ -77.4035, 3.2132 ], [ -77.4161, 3.243 ], [ -77.4291, 3.2537 ], [ -77.4517, 3.2432 ], [ -77.4552, 3.2335 ], [ -77.4707, 3.237 ], [ -77.4621, 3.2267 ], [ -77.4771, 3.2096 ], [ -77.5041, 3.2223 ], [ -77.4987, 3.234 ], [ -77.526, 3.2342 ], [ -77.542, 3.2239 ], [ -77.5496, 3.2298 ], [ -77.4955, 3.3049 ], [ -77.4841, 3.3086 ], [ -77.4799, 3.3231 ], [ -77.4274, 3.368 ], [ -77.4198, 3.3684 ], [ -77.4132, 3.3556 ], [ -77.4064, 3.3839 ], [ -77.3646, 3.448 ], [ -77.366, 3.425 ], [ -77.3557, 3.4103 ], [ -77.3325, 3.4266 ], [ -77.337, 3.4487 ], [ -77.3707, 3.4751 ], [ -77.3004, 3.57 ], [ -77.2367, 3.5854 ], [ -77.2359, 3.5774 ], [ -77.1957, 3.6107 ], [ -77.1892, 3.6532 ], [ -77.1656, 3.6447 ], [ -77.1654, 3.6848 ], [ -77.1774, 3.6928 ], [ -77.1891, 3.6814 ], [ -77.197, 3.7208 ], [ -77.197, 3.7505 ], [ -77.1784, 3.7485 ], [ -77.166, 3.7575 ], [ -77.1818, 3.8094 ], [ -77.1349, 3.8048 ], [ -77.128, 3.8173 ], [ -77.1153, 3.8214 ], [ -77.1063, 3.8488 ], [ -77.054, 3.8677 ], [ -77.0529, 3.8757 ], [ -77.0736, 3.8795 ], [ -77.0867, 3.9052 ], [ -77.0957, 3.8997 ], [ -77.0975, 3.8753 ], [ -77.1327, 3.8725 ], [ -77.1668, 3.8456 ], [ -77.1771, 3.8457 ], [ -77.1816, 3.8317 ], [ -77.2002, 3.84 ], [ -77.2051, 3.8336 ], [ -77.2232, 3.8357 ], [ -77.2259, 3.8301 ], [ -77.2354, 3.8359 ], [ -77.2496, 3.828 ], [ -77.2816, 3.8394 ], [ -77.2858, 3.8513 ], [ -77.3027, 3.8615 ], [ -77.305, 3.8745 ], [ -77.292, 3.8772 ], [ -77.2863, 3.8953 ], [ -77.3091, 3.9095 ], [ -77.3208, 3.9025 ], [ -77.3208, 3.9252 ], [ -77.3111, 3.932 ], [ -77.3169, 3.9518 ], [ -77.2983, 3.9583 ], [ -77.29, 3.9791 ], [ -77.284, 3.9793 ], [ -77.2826, 3.9733 ], [ -77.2712, 3.9871 ], [ -77.2487, 3.9806 ], [ -77.2496, 3.9883 ], [ -77.2236, 3.9961 ], [ -77.1985, 4.0306 ], [ -77.1946, 4.0528 ], [ -77.2131, 4.0617 ], [ -77.2287, 4.0591 ], [ -77.2323, 4.0814 ], [ -77.2426, 4.0831 ], [ -77.2616, 4.0604 ], [ -77.2686, 4.077 ], [ -77.2859, 4.0502 ], [ -77.3061, 4.044 ], [ -77.3208, 4.0114 ], [ -77.3155, 4.0072 ], [ -77.3246, 3.9964 ], [ -77.3196, 3.9956 ], [ -77.3244, 3.9727 ], [ -77.3334, 3.9759 ], [ -77.3476, 3.9318 ], [ -77.3584, 3.9265 ], [ -77.3877, 3.9734 ], [ -77.434, 4.0102 ], [ -77.4496, 4.0385 ], [ -77.4289, 4.0931 ], [ -77.4434, 4.1279 ], [ -77.4358, 4.1458 ], [ -77.3903, 4.1485 ], [ -77.3893, 4.1621 ], [ -77.353, 4.1975 ], [ -77.335, 4.1925 ], [ -77.3055, 4.1665 ], [ -77.2869, 4.1834 ], [ -77.2803, 4.221 ], [ -77.2579, 4.2347 ], [ -77.2488, 4.2274 ], [ -77.2499, 4.1877 ], [ -77.215, 4.156 ], [ -77.205, 4.1727 ], [ -77.1596, 4.1837 ], [ -77.1163, 4.1333 ], [ -77.12, 4.1166 ], [ -77.1045, 4.1076 ], [ -77.0861, 4.1226 ], [ -77.068, 4.096 ], [ -77.0601, 4.1026 ], [ -77.0359, 4.0913 ], [ -77.0199, 4.1012 ], [ -77.0089, 4.096 ], [ -76.9971, 4.1195 ], [ -76.9859, 4.1143 ], [ -76.9761, 4.1222 ], [ -76.9544, 4.1207 ], [ -76.915, 4.098 ], [ -76.9133, 4.0818 ], [ -76.9065, 4.0848 ], [ -76.9012, 4.073 ], [ -76.891, 4.0734 ], [ -76.8726, 4.0384 ], [ -76.8595, 4.0298 ], [ -76.8415, 4.0375 ], [ -76.8233, 4.0325 ], [ -76.8255, 4.0217 ], [ -76.8153, 4.007 ], [ -76.7942, 4.0114 ], [ -76.7677, 3.9887 ], [ -76.7595, 3.9935 ], [ -76.7459, 3.9842 ], [ -76.7014, 3.9787 ], [ -76.6833, 3.9649 ], [ -76.6246, 4.0149 ], [ -76.5894, 3.9941 ], [ -76.5903, 3.9701 ], [ -76.5593, 3.9911 ], [ -76.5591, 4.0088 ], [ -76.5381, 4.0151 ], [ -76.5415, 4.0437 ], [ -76.5244, 4.0673 ], [ -76.4467, 4.0447 ], [ -76.4987, 4.0624 ], [ -76.4483, 4.1615 ], [ -76.4444, 4.1906 ], [ -76.455, 4.2295 ], [ -76.4871, 4.2355 ], [ -76.5059, 4.2519 ], [ -76.5294, 4.2953 ], [ -76.5279, 4.3235 ], [ -76.5493, 4.3371 ], [ -76.5483, 4.3509 ], [ -76.5615, 4.3682 ], [ -76.5533, 4.4014 ], [ -76.5395, 4.3963 ], [ -76.502, 4.4132 ], [ -76.4821, 4.4141 ], [ -76.4488, 4.4403 ], [ -76.4185, 4.4477 ], [ -76.3827, 4.4929 ], [ -76.3635, 4.4926 ], [ -76.3709, 4.4958 ], [ -76.3807, 4.516 ], [ -76.4036, 4.5345 ], [ -76.3849, 4.5467 ], [ -76.3813, 4.5596 ], [ -76.3446, 4.5618 ], [ -76.3436, 4.5817 ], [ -76.3211, 4.6049 ], [ -76.3029, 4.6495 ], [ -76.2975, 4.6986 ], [ -76.2857, 4.7124 ], [ -76.3121, 4.7506 ], [ -76.2762, 4.771 ], [ -76.2612, 4.7945 ], [ -76.2306, 4.8021 ], [ -76.2115, 4.8294 ], [ -76.1394, 4.8412 ], [ -76.1277, 4.8172 ], [ -76.1378, 4.8436 ], [ -76.1141, 4.894 ], [ -76.1307, 4.9108 ], [ -76.0988, 4.9183 ], [ -76.0887, 4.9461 ], [ -76.0968, 5.0318 ], [ -76.0912, 5.0429 ], [ -76.0793, 5.0447 ], [ -76.0645, 5.0158 ], [ -76.0491, 5.0072 ], [ -76.0277, 4.9386 ], [ -75.9876, 4.9114 ], [ -75.9877, 4.8862 ], [ -76.005, 4.8849 ], [ -75.9891, 4.8811 ], [ -75.9699, 4.8598 ], [ -75.9561, 4.8648 ], [ -75.9417, 4.8568 ], [ -75.9142, 4.8735 ], [ -75.9004, 4.8513 ], [ -75.9124, 4.815 ], [ -75.9343, 4.8099 ], [ -75.9384, 4.8041 ], [ -75.9359, 4.807 ], [ -75.9205, 4.7999 ], [ -75.9293, 4.7687 ], [ -75.9205, 4.7698 ], [ -75.9235, 4.7606 ], [ -75.9152, 4.7637 ], [ -75.9168, 4.7565 ], [ -75.9082, 4.7521 ], [ -75.8977, 4.7588 ], [ -75.8886, 4.7547 ], [ -75.871, 4.7762 ], [ -75.848, 4.7765 ], [ -75.8447, 4.7588 ], [ -75.8509, 4.7338 ], [ -75.8437, 4.7276 ], [ -75.8288, 4.7365 ], [ -75.7894, 4.7161 ], [ -75.776, 4.7218 ], [ -75.7702, 4.714 ], [ -75.7328, 4.7079 ], [ -75.7136, 4.7138 ], [ -75.7072, 4.6571 ], [ -75.7579, 4.6507 ], [ -75.8273, 4.6605 ], [ -75.8656, 4.6128 ], [ -75.8598, 4.5952 ], [ -75.8713, 4.5856 ], [ -75.8643, 4.5706 ], [ -75.8808, 4.5312 ], [ -75.8983, 4.5372 ], [ -75.8719, 4.5246 ], [ -75.8791, 4.486 ], [ -75.8718, 4.4787 ], [ -75.8814, 4.4678 ], [ -75.8655, 4.4548 ], [ -75.8881, 4.4467 ], [ -75.8876, 4.4301 ], [ -75.895, 4.4222 ], [ -75.894, 4.4151 ], [ -75.8693, 4.4099 ], [ -75.8671, 4.4059 ], [ -75.8539, 4.4115 ], [ -75.8357, 4.4004 ], [ -75.8282, 4.4074 ], [ -75.812, 4.4043 ], [ -75.8011, 4.3906 ], [ -75.8038, 4.3689 ], [ -75.7898, 4.3526 ], [ -75.7972, 4.3131 ], [ -75.7875, 4.293 ], [ -75.8244, 4.2154 ], [ -75.8396, 4.1991 ], [ -75.8249, 4.2148 ], [ -75.8194, 4.2024 ], [ -75.843, 4.1508 ], [ -75.8419, 4.1231 ], [ -75.8331, 4.1146 ], [ -75.839, 4.0976 ], [ -75.785, 4.0899 ], [ -75.7744, 4.0762 ], [ -75.7524, 4.0774 ], [ -75.7376, 4.0554 ], [ -75.7765, 4.004 ], [ -75.7953, 4.0051 ], [ -75.7915, 3.971 ], [ -75.8057, 3.9528 ], [ -75.8071, 3.9313 ], [ -75.8228, 3.9046 ], [ -75.819, 3.9408 ], [ -75.8232, 3.9045 ], [ -75.834, 3.9095 ], [ -75.8616, 3.8739 ], [ -75.8529, 3.8525 ], [ -75.8627, 3.8477 ], [ -75.8718, 3.8243 ], [ -75.8928, 3.8132 ], [ -75.9201, 3.7404 ], [ -75.9383, 3.734 ], [ -75.9493, 3.7135 ], [ -75.9743, 3.7222 ], [ -75.9556, 3.7136 ], [ -75.9606, 3.7049 ], [ -75.9504, 3.674 ], [ -75.9754, 3.6579 ], [ -75.9771, 3.6436 ], [ -75.9937, 3.6384 ], [ -75.9866, 3.6234 ], [ -75.9953, 3.6111 ], [ -75.9845, 3.5888 ], [ -75.9893, 3.5755 ], [ -75.984, 3.5599 ], [ -76.0015, 3.5196 ], [ -76.0263, 3.4916 ], [ -76.0216, 3.4791 ], [ -76.0287, 3.4526 ], [ -76.0508, 3.4608 ], [ -76.0368, 3.4522 ], [ -76.043, 3.3981 ], [ -76.0292, 3.3891 ], [ -76.0605, 3.3548 ], [ -76.0712, 3.3597 ], [ -76.0554, 3.3484 ], [ -76.0571, 3.3276 ], [ -76.0378, 3.301 ], [ -76.0505, 3.282 ], [ -76.0386, 3.2515 ], [ -76.0593, 3.2311 ], [ -76.0554, 3.2234 ], [ -76.0676, 3.2105 ], [ -76.109, 3.2276 ], [ -76.146, 3.2227 ], [ -76.1564, 3.236 ], [ -76.1913, 3.2271 ], [ -76.2063, 3.2581 ], [ -76.2293, 3.2768 ], [ -76.2628, 3.2822 ], [ -76.2765, 3.2766 ], [ -76.2928, 3.2869 ], [ -76.3431, 3.2806 ], [ -76.4058, 3.2983 ], [ -76.459, 3.3281 ], [ -76.4686, 3.3106 ], [ -76.4784, 3.3193 ], [ -76.478, 3.2936 ], [ -76.4903, 3.3041 ], [ -76.4987, 3.2734 ], [ -76.4927, 3.2895 ], [ -76.4748, 3.2872 ], [ -76.4872, 3.2825 ], [ -76.4742, 3.2807 ] ] ], [ [ [ -77.2381, 4.0405 ], [ -77.2264, 4.0399 ], [ -77.2326, 4.0314 ], [ -77.2381, 4.0405 ] ] ] ] } },
{ "type": "Feature", "properties": { "DPTO_CCDGO": "81", "DPTO_CNMBR": "ARAUCA", "REGION": "Orinoquia" }, "geometry": { "type": "Polygon", "coordinates": [ [ [ -70.6552, 6.4849 ], [ -70.7232, 6.2175 ], [ -70.7332, 6.2279 ], [ -70.7694, 6.2287 ], [ -70.7712, 6.2435 ], [ -70.7972, 6.2535 ], [ -70.8097, 6.2459 ], [ -70.8211, 6.2519 ], [ -70.8329, 6.2387 ], [ -70.8612, 6.2393 ], [ -70.8679, 6.2216 ], [ -70.8958, 6.2357 ], [ -70.9354, 6.2258 ], [ -70.956, 6.2359 ], [ -70.9852, 6.2288 ], [ -71.0347, 6.2662 ], [ -71.0354, 6.2546 ], [ -71.0598, 6.2546 ], [ -71.0926, 6.2791 ], [ -71.1102, 6.2651 ], [ -71.1218, 6.2749 ], [ -71.1308, 6.2602 ], [ -71.1581, 6.2629 ], [ -71.1603, 6.2719 ], [ -71.19, 6.2783 ], [ -71.2185, 6.2982 ], [ -71.2243, 6.2945 ], [ -71.2179, 6.2895 ], [ -71.233, 6.2785 ], [ -71.2329, 6.264 ], [ -71.2677, 6.285 ], [ -71.2724, 6.2614 ], [ -71.2775, 6.2735 ], [ -71.2959, 6.2726 ], [ -71.3162, 6.2536 ], [ -71.3325, 6.2566 ], [ -71.3312, 6.2449 ], [ -71.3429, 6.2435 ], [ -71.3475, 6.2297 ], [ -71.3726, 6.2351 ], [ -71.3779, 6.2252 ], [ -71.3813, 6.2416 ], [ -71.3952, 6.2367 ], [ -71.4163, 6.243 ], [ -71.4203, 6.225 ], [ -71.4483, 6.2459 ], [ -71.44, 6.2146 ], [ -71.4563, 6.2229 ], [ -71.4618, 6.2116 ], [ -71.4876, 6.2014 ], [ -71.4966, 6.2166 ], [ -71.5098, 6.1978 ], [ -71.5352, 6.2256 ], [ -71.5331, 6.2122 ], [ -71.5514, 6.2121 ], [ -71.5533, 6.1972 ], [ -71.5662, 6.2116 ], [ -71.574, 6.2098 ], [ -71.5693, 6.1942 ], [ -71.5752, 6.1911 ], [ -71.5926, 6.2114 ], [ -71.6123, 6.2101 ], [ -71.614, 6.2268 ], [ -71.6376, 6.2287 ], [ -71.6493, 6.2014 ], [ -71.6715, 6.1904 ], [ -71.7768, 6.1934 ], [ -71.8241, 6.1872 ], [ -71.8545, 6.1656 ], [ -71.8794, 6.1591 ], [ -71.9547, 6.169 ], [ -72.0104, 6.13 ], [ -72.0774, 6.1129 ], [ -72.1119, 6.0757 ], [ -72.1377, 6.0666 ], [ -72.2727, 6.1312 ], [ -72.2776, 6.1526 ], [ -72.289, 6.1632 ], [ -72.2823, 6.1745 ], [ -72.2851, 6.1976 ], [ -72.3246, 6.2096 ], [ -72.3263, 6.219 ], [ -72.3439, 6.226 ], [ -72.3467, 6.2433 ], [ -72.3617, 6.2628 ], [ -72.3666, 6.3069 ], [ -72.3523, 6.3202 ], [ -72.3457, 6.3417 ], [ -72.3385, 6.3456 ], [ -72.3216, 6.3318 ], [ -72.3155, 6.3577 ], [ -72.3021, 6.3593 ], [ -72.2951, 6.3746 ], [ -72.2827, 6.3794 ], [ -72.2867, 6.4034 ], [ -72.2795, 6.421 ], [ -72.2688, 6.4192 ], [ -72.2679, 6.4416 ], [ -72.26, 6.4418 ], [ -72.246, 6.4205 ], [ -72.2355, 6.4217 ], [ -72.2189, 6.4386 ], [ -72.2134, 6.4658 ], [ -72.1747, 6.463 ], [ -72.1779, 6.4968 ], [ -72.1512, 6.5156 ], [ -72.1386, 6.5142 ], [ -72.129, 6.5247 ], [ -72.113, 6.6114 ], [ -72.0914, 6.646 ], [ -72.1001, 6.7465 ], [ -72.0923, 6.7539 ], [ -72.0769, 6.7509 ], [ -72.0506, 6.7689 ], [ -72.0377, 6.7959 ], [ -72.0345, 6.8297 ], [ -71.9602, 7.0016 ], [ -71.9489, 7.0113 ], [ -71.9378, 7.0062 ], [ -71.9166, 7.0171 ], [ -71.835, 7.0257 ], [ -71.8219, 7.0371 ], [ -71.8247, 7.0566 ], [ -71.7622, 7.066 ], [ -71.7188, 7.0546 ], [ -71.7146, 7.0345 ], [ -71.693, 7.0372 ], [ -71.6617, 7.0336 ], [ -71.6404, 7.0535 ], [ -71.6167, 7.0426 ], [ -71.5877, 7.0552 ], [ -71.5844, 7.043 ], [ -71.5929, 7.0311 ], [ -71.5887, 7.0167 ], [ -71.5403, 7.0347 ], [ -71.512, 7.0216 ], [ -71.4985, 7.0363 ], [ -71.4802, 7.0147 ], [ -71.4692, 7.0235 ], [ -71.4722, 7.0355 ], [ -71.4652, 7.0422 ], [ -71.455, 7.0098 ], [ -71.4493, 7.0275 ], [ -71.4369, 7.0242 ], [ -71.4244, 7.0389 ], [ -71.3917, 7.0359 ], [ -71.3698, 7.0154 ], [ -71.2645, 7.0321 ], [ -71.2586, 7.0191 ], [ -71.2409, 7.0118 ], [ -71.2279, 7.0274 ], [ -71.1915, 7.019 ], [ -71.1286, 7.0322 ], [ -71.1232, 7.0131 ], [ -71.1031, 7.0069 ], [ -71.1151, 7.0067 ], [ -71.113, 6.9908 ], [ -71.0893, 6.9834 ], [ -71.0414, 6.9821 ], [ -71.0238, 6.9739 ], [ -70.9966, 6.9824 ], [ -70.9698, 7.0164 ], [ -70.9402, 7.0123 ], [ -70.9204, 7.0246 ], [ -70.9276, 7.0452 ], [ -70.919, 7.0526 ], [ -70.9077, 7.0413 ], [ -70.8863, 7.0644 ], [ -70.8491, 7.057 ], [ -70.8455, 7.0698 ], [ -70.8567, 7.0696 ], [ -70.8533, 7.0777 ], [ -70.8226, 7.0699 ], [ -70.8184, 7.0794 ], [ -70.7968, 7.0832 ], [ -70.7774, 7.0767 ], [ -70.7605, 7.0977 ], [ -70.736, 7.0887 ], [ -70.697, 7.094 ], [ -70.6872, 7.1044 ], [ -70.6804, 7.0939 ], [ -70.6465, 7.0781 ], [ -70.6423, 7.069 ], [ -70.6076, 7.0637 ], [ -70.571, 7.0808 ], [ -70.5563, 7.0793 ], [ -70.5354, 7.0546 ], [ -70.5416, 7.0487 ], [ -70.5322, 7.046 ], [ -70.5388, 7.0407 ], [ -70.5281, 7.0418 ], [ -70.5112, 7.0275 ], [ -70.5146, 7.0207 ], [ -70.5023, 7.0057 ], [ -70.467, 7.0007 ], [ -70.4554, 7.0119 ], [ -70.4552, 7.0038 ], [ -70.4394, 7.0079 ], [ -70.4369, 7.0012 ], [ -70.4311, 7.0073 ], [ -70.4167, 6.9809 ], [ -70.4041, 6.9882 ], [ -70.3974, 6.9816 ], [ -70.3721, 6.9809 ], [ -70.3608, 6.9562 ], [ -70.3224, 6.9346 ], [ -70.2655, 6.9412 ], [ -70.2243, 6.9747 ], [ -70.149, 6.9843 ], [ -70.1337, 6.9751 ], [ -70.1178, 6.9794 ], [ -69.4276, 6.1073 ], [ -69.4525, 6.0833 ], [ -69.5415, 6.0437 ], [ -69.6826, 6.0384 ], [ -69.7045, 6.0457 ], [ -69.7439, 6.043 ], [ -69.7843, 6.0586 ], [ -69.8368, 6.041 ], [ -69.8682, 6.0417 ], [ -69.8973, 6.0597 ], [ -69.9041, 6.0729 ], [ -69.8995, 6.0963 ], [ -69.9326, 6.1167 ], [ -69.9462, 6.1408 ], [ -69.9852, 6.1366 ], [ -69.9825, 6.1606 ], [ -69.9901, 6.1659 ], [ -70.0027, 6.1489 ], [ -70.03, 6.1618 ], [ -70.0416, 6.1552 ], [ -70.058, 6.1587 ], [ -70.0622, 6.1691 ], [ -70.0401, 6.1846 ], [ -70.0602, 6.1851 ], [ -70.0662, 6.2115 ], [ -70.0973, 6.2339 ], [ -70.1147, 6.2328 ], [ -70.1221, 6.2617 ], [ -70.1352, 6.2706 ], [ -70.1495, 6.2689 ], [ -70.1517, 6.2945 ], [ -70.1615, 6.2983 ], [ -70.1752, 6.279 ], [ -70.1984, 6.2957 ], [ -70.2083, 6.2878 ], [ -70.2229, 6.2929 ], [ -70.2545, 6.2868 ], [ -70.2715, 6.2739 ], [ -70.2908, 6.2856 ], [ -70.2994, 6.2779 ], [ -70.3095, 6.2879 ], [ -70.3114, 6.2798 ], [ -70.3229, 6.2793 ], [ -70.3296, 6.2935 ], [ -70.3809, 6.3024 ], [ -70.3913, 6.2929 ], [ -70.4307, 6.2915 ], [ -70.4307, 6.278 ], [ -70.4766, 6.2651 ], [ -70.4836, 6.2496 ], [ -70.5003, 6.2486 ], [ -70.5305, 6.2301 ], [ -70.539, 6.245 ], [ -70.5516, 6.2379 ], [ -70.5579, 6.2465 ], [ -70.5721, 6.2398 ], [ -70.5797, 6.2496 ], [ -70.5854, 6.2387 ], [ -70.6097, 6.2398 ], [ -70.6308, 6.2271 ], [ -70.6394, 6.2355 ], [ -70.6794, 6.2202 ], [ -70.6903, 6.2275 ], [ -70.7201, 6.2208 ], [ -70.6552, 6.4849 ] ] ] } },
{ "type": "Feature", "properties": { "DPTO_CCDGO": "85", "DPTO_CNMBR": "CASANARE", "REGION": "Orinoquia" }, "geometry": { "type": "Polygon", "coordinates": [ [ [ -72.9093, 5.1035 ], [ -72.928, 5.0994 ], [ -72.9426, 5.1202 ], [ -72.9649, 5.1328 ], [ -72.9739, 5.1504 ], [ -72.963, 5.1565 ], [ -72.9461, 5.1954 ], [ -72.9262, 5.2104 ], [ -72.8962, 5.2621 ], [ -72.8917, 5.2855 ], [ -72.9007, 5.2953 ], [ -72.8784, 5.3499 ], [ -72.8857, 5.3588 ], [ -72.8827, 5.3632 ], [ -72.8664, 5.3526 ], [ -72.8669, 5.3406 ], [ -72.8598, 5.3403 ], [ -72.8382, 5.3656 ], [ -72.8125, 5.378 ], [ -72.8112, 5.3824 ], [ -72.7783, 5.3659 ], [ -72.7553, 5.3301 ], [ -72.7256, 5.318 ], [ -72.7203, 5.2886 ], [ -72.7032, 5.2773 ], [ -72.6981, 5.2626 ], [ -72.701, 5.2791 ], [ -72.6548, 5.3044 ], [ -72.6334, 5.3421 ], [ -72.5917, 5.358 ], [ -72.5798, 5.3503 ], [ -72.5661, 5.3688 ], [ -72.584, 5.382 ], [ -72.5034, 5.443 ], [ -72.4899, 5.4818 ], [ -72.4424, 5.5193 ], [ -72.4209, 5.5632 ], [ -72.3951, 5.5685 ], [ -72.3569, 5.5179 ], [ -72.3284, 5.4972 ], [ -72.3008, 5.507 ], [ -72.2958, 5.5533 ], [ -72.2852, 5.5746 ], [ -72.2875, 5.6056 ], [ -72.2627, 5.6335 ], [ -72.2721, 5.6622 ], [ -72.2258, 5.6676 ], [ -72.2236, 5.6795 ], [ -72.2357, 5.6874 ], [ -72.2494, 5.6849 ], [ -72.2483, 5.6959 ], [ -72.2769, 5.7308 ], [ -72.2804, 5.7496 ], [ -72.3005, 5.7583 ], [ -72.2963, 5.7676 ], [ -72.3072, 5.7795 ], [ -72.3076, 5.7928 ], [ -72.3919, 5.8189 ], [ -72.4014, 5.8367 ], [ -72.4349, 5.8486 ], [ -72.463, 5.848 ], [ -72.4509, 5.8784 ], [ -72.4155, 5.904 ], [ -72.3328, 5.8921 ], [ -72.3251, 5.935 ], [ -72.3406, 5.9532 ], [ -72.3428, 6.0012 ], [ -72.3166, 6.0104 ], [ -72.3433, 6.0014 ], [ -72.3647, 6.03 ], [ -72.3637, 6.042 ], [ -72.3242, 6.065 ], [ -72.3192, 6.0895 ], [ -72.3625, 6.0752 ], [ -72.3754, 6.0925 ], [ -72.3641, 6.0993 ], [ -72.3892, 6.1237 ], [ -72.3739, 6.1477 ], [ -72.3931, 6.1616 ], [ -72.3925, 6.1883 ], [ -72.4189, 6.1872 ], [ -72.4025, 6.2076 ], [ -72.3872, 6.261 ], [ -72.3961, 6.2742 ], [ -72.3554, 6.3419 ], [ -72.3389, 6.3447 ], [ -72.3666, 6.3069 ], [ -72.3616, 6.2623 ], [ -72.3389, 6.2211 ], [ -72.3263, 6.2191 ], [ -72.3246, 6.2096 ], [ -72.2866, 6.1999 ], [ -72.2823, 6.1751 ], [ -72.289, 6.1632 ], [ -72.2796, 6.1564 ], [ -72.2726, 6.1311 ], [ -72.3, 6.1169 ], [ -72.2712, 6.1303 ], [ -72.1397, 6.0667 ], [ -72.1119, 6.0757 ], [ -72.0774, 6.1129 ], [ -72.0104, 6.13 ], [ -71.9547, 6.169 ], [ -71.8794, 6.1591 ], [ -71.8545, 6.1656 ], [ -71.8241, 6.1872 ], [ -71.7768, 6.1934 ], [ -71.6715, 6.1904 ], [ -71.6493, 6.2014 ], [ -71.6376, 6.2287 ], [ -71.614, 6.2268 ], [ -71.6123, 6.2101 ], [ -71.5926, 6.2114 ], [ -71.5752, 6.1911 ], [ -71.5693, 6.1942 ], [ -71.574, 6.2098 ], [ -71.5662, 6.2116 ], [ -71.5533, 6.1972 ], [ -71.5514, 6.2121 ], [ -71.5331, 6.2122 ], [ -71.5352, 6.2256 ], [ -71.5098, 6.1978 ], [ -71.4966, 6.2166 ], [ -71.4872, 6.2014 ], [ -71.4618, 6.2116 ], [ -71.4563, 6.2229 ], [ -71.4397, 6.2149 ], [ -71.4487, 6.2458 ], [ -71.4209, 6.2251 ], [ -71.4143, 6.2434 ], [ -71.3952, 6.2367 ], [ -71.3807, 6.2413 ], [ -71.3779, 6.2252 ], [ -71.3726, 6.2351 ], [ -71.3486, 6.2292 ], [ -71.3429, 6.2435 ], [ -71.3312, 6.2449 ], [ -71.3325, 6.2566 ], [ -71.3162, 6.2536 ], [ -71.2978, 6.2718 ], [ -71.2785, 6.274 ], [ -71.2724, 6.2614 ], [ -71.2677, 6.285 ], [ -71.2336, 6.2636 ], [ -71.233, 6.2785 ], [ -71.2166, 6.2868 ], [ -71.226, 6.2939 ], [ -71.2205, 6.2983 ], [ -71.19, 6.2783 ], [ -71.1603, 6.2719 ], [ -71.1581, 6.2629 ], [ -71.1308, 6.2602 ], [ -71.1218, 6.2749 ], [ -71.1102, 6.2651 ], [ -71.0926, 6.2791 ], [ -71.0598, 6.2546 ], [ -71.0354, 6.2546 ], [ -71.0347, 6.2662 ], [ -70.9852, 6.2288 ], [ -70.956, 6.2359 ], [ -70.9354, 6.2258 ], [ -70.8958, 6.2357 ], [ -70.8679, 6.2216 ], [ -70.8612, 6.2393 ], [ -70.8329, 6.2387 ], [ -70.8211, 6.2519 ], [ -70.8097, 6.2459 ], [ -70.7972, 6.2535 ], [ -70.7712, 6.2435 ], [ -70.7694, 6.2287 ], [ -70.7332, 6.2279 ], [ -70.7258, 6.2164 ], [ -70.7166, 6.2246 ], [ -70.6903, 6.2275 ], [ -70.6783, 6.2204 ], [ -70.6394, 6.2355 ], [ -70.6308, 6.2271 ], [ -70.6097, 6.2398 ], [ -70.5854, 6.2387 ], [ -70.5797, 6.2496 ], [ -70.5721, 6.2398 ], [ -70.5579, 6.2465 ], [ -70.5516, 6.2379 ], [ -70.539, 6.245 ], [ -70.5305, 6.2301 ], [ -70.5003, 6.2486 ], [ -70.4836, 6.2496 ], [ -70.4766, 6.2651 ], [ -70.4307, 6.278 ], [ -70.4307, 6.2915 ], [ -70.3913, 6.2929 ], [ -70.3809, 6.3024 ], [ -70.3285, 6.293 ], [ -70.3229, 6.2793 ], [ -70.3114, 6.2798 ], [ -70.3095, 6.2879 ], [ -70.2994, 6.2779 ], [ -70.2908, 6.2856 ], [ -70.2715, 6.2739 ], [ -70.2545, 6.2868 ], [ -70.2229, 6.2929 ], [ -70.2083, 6.2878 ], [ -70.1984, 6.2957 ], [ -70.1752, 6.279 ], [ -70.1644, 6.2977 ], [ -70.1546, 6.2972 ], [ -70.1541, 6.275 ], [ -70.1234, 6.2633 ], [ -70.1147, 6.2328 ], [ -70.0973, 6.2339 ], [ -70.0662, 6.2115 ], [ -70.0602, 6.1851 ], [ -70.0401, 6.1846 ], [ -70.0427, 6.177 ], [ -70.0598, 6.172 ], [ -70.0616, 6.1619 ], [ -70.0456, 6.1551 ], [ -70.03, 6.1618 ], [ -70.0027, 6.1489 ], [ -69.9901, 6.1659 ], [ -69.9825, 6.1606 ], [ -69.9852, 6.1366 ], [ -69.9436, 6.1391 ], [ -69.9326, 6.1167 ], [ -69.8995, 6.0963 ], [ -69.9041, 6.0729 ], [ -69.8919, 6.0541 ], [ -69.9043, 6.0534 ], [ -69.8682, 6.0417 ], [ -69.8359, 6.0413 ], [ -69.8543, 5.9845 ], [ -69.8828, 5.9698 ], [ -69.9028, 5.9293 ], [ -69.9243, 5.9107 ], [ -69.9325, 5.8765 ], [ -69.9677, 5.8594 ], [ -69.9663, 5.829 ], [ -69.9788, 5.8073 ], [ -70.0113, 5.7672 ], [ -70.0438, 5.7462 ], [ -70.0568, 5.7036 ], [ -70.0789, 5.6871 ], [ -70.1144, 5.6321 ], [ -70.1402, 5.6099 ], [ -70.1598, 5.599 ], [ -70.1947, 5.6032 ], [ -70.2155, 5.5834 ], [ -70.2638, 5.5636 ], [ -70.2984, 5.5773 ], [ -70.3371, 5.5747 ], [ -70.3598, 5.5873 ], [ -70.4133, 5.5513 ], [ -70.4206, 5.5345 ], [ -70.4455, 5.5308 ], [ -70.4982, 5.4966 ], [ -70.5112, 5.4762 ], [ -70.5316, 5.4715 ], [ -70.5613, 5.4492 ], [ -70.5706, 5.4354 ], [ -70.6043, 5.4222 ], [ -70.6524, 5.3732 ], [ -70.6659, 5.3739 ], [ -70.68, 5.361 ], [ -70.6741, 5.3155 ], [ -70.6954, 5.2818 ], [ -70.814, 5.1871 ], [ -70.8241, 5.186 ], [ -70.862, 5.1442 ], [ -70.8764, 5.1483 ], [ -70.9135, 5.1406 ], [ -70.9438, 5.1243 ], [ -70.9559, 5.0961 ], [ -70.9786, 5.078 ], [ -70.9745, 5.0798 ], [ -70.9677, 5.0583 ], [ -70.9868, 5.0437 ], [ -71.0019, 4.9807 ], [ -71.0131, 4.9774 ], [ -71.0573, 4.9057 ], [ -71.0708, 4.9055 ], [ -71.1132, 4.8746 ], [ -71.1501, 4.8617 ], [ -71.2117, 4.8173 ], [ -71.2389, 4.8177 ], [ -71.2749, 4.7992 ], [ -71.2883, 4.8031 ], [ -71.3228, 4.7667 ], [ -71.3762, 4.7512 ], [ -71.3902, 4.7567 ], [ -71.4293, 4.7233 ], [ -71.5088, 4.6981 ], [ -71.5233, 4.6822 ], [ -71.5768, 4.675 ], [ -71.5979, 4.6453 ], [ -71.6485, 4.6139 ], [ -71.7199, 4.6008 ], [ -71.6697, 4.6097 ], [ -71.7352, 4.5745 ], [ -71.8067, 4.5835 ], [ -71.8238, 4.5518 ], [ -71.8501, 4.5327 ], [ -71.8678, 4.5054 ], [ -71.8986, 4.4894 ], [ -71.905, 4.4678 ], [ -71.9903, 4.3835 ], [ -72.0268, 4.387 ], [ -72.0606, 4.375 ], [ -72.0719, 4.387 ], [ -72.0708, 4.4081 ], [ -72.1431, 4.4403 ], [ -72.1987, 4.4285 ], [ -72.2434, 4.4346 ], [ -72.2578, 4.4179 ], [ -72.2867, 4.4172 ], [ -72.3026, 4.4086 ], [ -72.3205, 4.3709 ], [ -72.3422, 4.3715 ], [ -72.3562, 4.3417 ], [ -72.3883, 4.3326 ], [ -72.405, 4.3179 ], [ -72.4171, 4.3213 ], [ -72.4156, 4.344 ], [ -72.4279, 4.3537 ], [ -72.4668, 4.3174 ], [ -72.5327, 4.3396 ], [ -72.5507, 4.3541 ], [ -72.5546, 4.3368 ], [ -72.5729, 4.3266 ], [ -72.5693, 4.3074 ], [ -72.5785, 4.3008 ], [ -72.6047, 4.3152 ], [ -72.6265, 4.3043 ], [ -72.642, 4.3028 ], [ -72.6604, 4.3173 ], [ -72.6824, 4.3162 ], [ -72.6946, 4.2877 ], [ -72.7389, 4.309 ], [ -72.7419, 4.3258 ], [ -72.7695, 4.3332 ], [ -72.763, 4.3478 ], [ -72.7797, 4.3528 ], [ -72.7673, 4.3562 ], [ -72.7689, 4.3664 ], [ -72.8006, 4.3783 ], [ -72.7883, 4.3975 ], [ -72.8051, 4.396 ], [ -72.8081, 4.408 ], [ -72.825, 4.4176 ], [ -72.8124, 4.4235 ], [ -72.8135, 4.4298 ], [ -72.8415, 4.4317 ], [ -72.8524, 4.4504 ], [ -72.8702, 4.4507 ], [ -72.8968, 4.4747 ], [ -72.9034, 4.4973 ], [ -72.9234, 4.5204 ], [ -72.9383, 4.5233 ], [ -72.968, 4.5992 ], [ -73.0169, 4.6356 ], [ -73.0169, 4.6474 ], [ -73.0401, 4.6739 ], [ -73.0349, 4.6745 ], [ -73.0451, 4.684 ], [ -73.0543, 4.7024 ], [ -73.0457, 4.758 ], [ -73.0778, 4.8097 ], [ -73.0616, 4.8551 ], [ -73.0415, 4.8783 ], [ -73.0489, 4.9236 ], [ -73.0305, 4.9823 ], [ -73.0149, 5.0017 ], [ -72.9738, 4.9776 ], [ -72.9261, 5.0296 ], [ -72.9285, 5.0472 ], [ -72.9051, 5.0668 ], [ -72.907, 5.111 ], [ -72.9155, 5.1232 ], [ -72.9093, 5.1035 ] ] ] } },
{ "type": "Feature", "properties": { "DPTO_CCDGO": "86", "DPTO_CNMBR": "PUTUMAYO", "REGION": "Amazonia" }, "geometry": { "type": "Polygon", "coordinates": [ [ [ -76.9266, 1.2734 ], [ -76.93, 1.2967 ], [ -76.9043, 1.3208 ], [ -76.9209, 1.3359 ], [ -76.9206, 1.3456 ], [ -76.9126, 1.3432 ], [ -76.8868, 1.3718 ], [ -76.8615, 1.3751 ], [ -76.7903, 1.4123 ], [ -76.751, 1.4201 ], [ -76.6972, 1.444 ], [ -76.6705, 1.4673 ], [ -76.6454, 1.4552 ], [ -76.6251, 1.423 ], [ -76.602, 1.4141 ], [ -76.5916, 1.391 ], [ -76.574, 1.3858 ], [ -76.5774, 1.3487 ], [ -76.5843, 1.3435 ], [ -76.571, 1.328 ], [ -76.586, 1.3006 ], [ -76.5738, 1.2827 ], [ -76.5657, 1.2385 ], [ -76.5372, 1.2092 ], [ -76.5509, 1.1419 ], [ -76.5465, 1.1329 ], [ -76.5534, 1.1127 ], [ -76.5679, 1.1038 ], [ -76.5614, 1.0953 ], [ -76.5681, 1.0826 ], [ -76.561, 1.0849 ], [ -76.5638, 1.0734 ], [ -76.5557, 1.0694 ], [ -76.5445, 1.0373 ], [ -76.4924, 1.0271 ], [ -76.4855, 1.0079 ], [ -76.4458, 0.9816 ], [ -76.4449, 0.9693 ], [ -76.4249, 0.9602 ], [ -76.4096, 0.9623 ], [ -76.401, 0.9802 ], [ -76.3865, 0.9749 ], [ -76.3707, 0.9839 ], [ -76.3446, 0.9754 ], [ -76.3353, 0.9807 ], [ -76.328, 0.958 ], [ -76.3122, 0.9658 ], [ -76.2949, 0.9614 ], [ -76.276, 0.9837 ], [ -76.2678, 0.9698 ], [ -76.2503, 0.9815 ], [ -76.2344, 0.9649 ], [ -76.2364, 0.982 ], [ -76.205, 0.9798 ], [ -76.19, 0.9942 ], [ -76.1933, 1.0067 ], [ -76.2083, 1.002 ], [ -76.2047, 1.0171 ], [ -76.1907, 1.0097 ], [ -76.1821, 1.0147 ], [ -76.1844, 1.0255 ], [ -76.1742, 1.0295 ], [ -76.1467, 1.0222 ], [ -76.1261, 1.0066 ], [ -76.104, 1.0252 ], [ -76.0804, 1.0212 ], [ -76.0748, 1.0332 ], [ -76.0933, 1.0498 ], [ -76.0886, 1.058 ], [ -76.0492, 1.0462 ], [ -76.0049, 1.0547 ], [ -75.994, 1.0272 ], [ -75.9857, 1.0481 ], [ -76.0007, 1.0652 ], [ -75.9942, 1.0726 ], [ -75.9409, 1.0294 ], [ -75.9252, 1.0343 ], [ -75.9205, 1.0245 ], [ -75.932, 0.9939 ], [ -75.9469, 0.9829 ], [ -75.9092, 0.9731 ], [ -75.8949, 0.9353 ], [ -75.8675, 0.9221 ], [ -75.8566, 0.885 ], [ -75.8285, 0.8738 ], [ -75.8142, 0.893 ], [ -75.8002, 0.8957 ], [ -75.7706, 0.8638 ], [ -75.7623, 0.8378 ], [ -75.731, 0.8587 ], [ -75.6819, 0.8569 ], [ -75.6603, 0.8733 ], [ -75.6364, 0.8767 ], [ -75.6192, 0.8677 ], [ -75.6078, 0.8383 ], [ -75.5379, 0.8268 ], [ -75.5384, 0.7886 ], [ -75.508, 0.7682 ], [ -75.4831, 0.783 ], [ -75.4687, 0.7588 ], [ -75.409, 0.7378 ], [ -75.3829, 0.7546 ], [ -75.3598, 0.7504 ], [ -75.3398, 0.7692 ], [ -75.3303, 0.7511 ], [ -75.3071, 0.7467 ], [ -75.2975, 0.7295 ], [ -75.2656, 0.7256 ], [ -75.2571, 0.7034 ], [ -75.2762, 0.6674 ], [ -75.2312, 0.6461 ], [ -75.2073, 0.6015 ], [ -75.2127, 0.5879 ], [ -75.2321, 0.58 ], [ -75.2355, 0.5665 ], [ -75.2248, 0.5354 ], [ -75.1985, 0.5047 ], [ -75.2184, 0.4884 ], [ -75.2003, 0.4793 ], [ -75.1822, 0.4867 ], [ -75.1528, 0.4816 ], [ -75.1105, 0.5129 ], [ -75.099, 0.5111 ], [ -75.094, 0.5012 ], [ -75.1044, 0.473 ], [ -75.0267, 0.4806 ], [ -74.9829, 0.4094 ], [ -74.9882, 0.3966 ], [ -75.0166, 0.3834 ], [ -75.0071, 0.3423 ], [ -74.9799, 0.3146 ], [ -74.9852, 0.302 ], [ -75.0106, 0.2915 ], [ -75.0039, 0.2732 ], [ -74.9604, 0.2427 ], [ -74.8969, 0.2504 ], [ -74.8419, 0.2133 ], [ -74.7451, 0.2109 ], [ -74.7077, 0.1937 ], [ -74.6783, 0.1617 ], [ -74.6728, 0.1152 ], [ -74.6803, 0.092 ], [ -74.6926, 0.088 ], [ -74.7094, 0.098 ], [ -74.7125, 0.0916 ], [ -74.6983, 0.079 ], [ -74.6707, 0.0827 ], [ -74.6561, 0.0728 ], [ -74.6594, 0.057 ], [ -74.675, 0.0456 ], [ -74.7046, 0.0415 ], [ -74.6564, -0.0116 ], [ -74.6612, -0.0377 ], [ -74.6815, -0.0497 ], [ -74.6773, -0.0605 ], [ -74.6486, -0.0389 ], [ -74.6314, -0.0441 ], [ -74.616, -0.0622 ], [ -74.6318, -0.0885 ], [ -74.5323, -0.1257 ], [ -74.524, -0.1162 ], [ -74.5347, -0.0951 ], [ -74.519, -0.0886 ], [ -74.5066, -0.1033 ], [ -74.5083, -0.1269 ], [ -74.4972, -0.1374 ], [ -74.4748, -0.1303 ], [ -74.4544, -0.0708 ], [ -74.4361, -0.0782 ], [ -74.4234, -0.098 ], [ -74.4265, -0.1125 ], [ -74.4472, -0.1291 ], [ -74.4463, -0.1396 ], [ -74.4019, -0.1143 ], [ -74.3419, -0.1097 ], [ -74.3031, -0.1475 ], [ -74.2668, -0.1425 ], [ -74.264, -0.1555 ], [ -74.2872, -0.1768 ], [ -74.2894, -0.2004 ], [ -74.2405, -0.2347 ], [ -74.2256, -0.236 ], [ -74.2176, -0.2101 ], [ -74.2003, -0.2098 ], [ -74.1907, -0.2272 ], [ -74.1883, -0.2585 ], [ -74.1685, -0.2665 ], [ -74.1582, -0.2631 ], [ -74.143, -0.238 ], [ -74.1116, -0.2351 ], [ -74.0818, -0.2798 ], [ -74.0447, -0.2748 ], [ -74.0384, -0.3061 ], [ -74.0072, -0.3406 ], [ -73.8819, -0.3697 ], [ -73.8413, -0.398 ], [ -74.3891, -0.5537 ], [ -74.3967, -0.5421 ], [ -74.4209, -0.5615 ], [ -74.4305, -0.5356 ], [ -74.4223, -0.5074 ], [ -74.4268, -0.4998 ], [ -74.4437, -0.4973 ], [ -74.4573, -0.5058 ], [ -74.4686, -0.4968 ], [ -74.4709, -0.48 ], [ -74.4809, -0.4772 ], [ -74.4915, -0.4906 ], [ -74.5037, -0.4839 ], [ -74.5063, -0.4645 ], [ -74.5135, -0.4724 ], [ -74.5305, -0.4697 ], [ -74.5496, -0.4232 ], [ -74.5737, -0.4129 ], [ -74.5809, -0.3895 ], [ -74.6155, -0.3796 ], [ -74.6099, -0.3532 ], [ -74.6562, -0.3768 ], [ -74.6893, -0.3633 ], [ -74.6838, -0.3314 ], [ -74.6971, -0.3389 ], [ -74.7022, -0.3524 ], [ -74.7266, -0.3489 ], [ -74.7378, -0.3292 ], [ -74.7316, -0.3029 ], [ -74.75, -0.286 ], [ -74.7594, -0.2377 ], [ -74.7873, -0.201 ], [ -74.8009, -0.2016 ], [ -74.8095, -0.1929 ], [ -74.8543, -0.2433 ], [ -74.8854, -0.2456 ], [ -74.9124, -0.2129 ], [ -74.9185, -0.2276 ], [ -74.9283, -0.2288 ], [ -74.9445, -0.2051 ], [ -74.9748, -0.1868 ], [ -74.9749, -0.1574 ], [ -75.018, -0.1477 ], [ -75.0512, -0.1234 ], [ -75.069, -0.0949 ], [ -75.1461, -0.068 ], [ -75.1702, -0.045 ], [ -75.2022, -0.0449 ], [ -75.2136, -0.056 ], [ -75.2258, -0.0911 ], [ -75.2514, -0.1163 ], [ -75.2759, -0.1274 ], [ -75.3175, -0.1086 ], [ -75.3374, -0.1078 ], [ -75.3586, -0.0921 ], [ -75.3983, -0.1009 ], [ -75.4444, -0.0803 ], [ -75.4593, -0.0604 ], [ -75.5037, -0.0515 ], [ -75.53, -0.0267 ], [ -75.5767, -0.0282 ], [ -75.5876, -0.0112 ], [ -75.5813, 0.0138 ], [ -75.6084, 0.0116 ], [ -75.6353, 0.0467 ], [ -75.6494, 0.0267 ], [ -75.6746, 0.0387 ], [ -75.6955, 0.0307 ], [ -75.7534, 0.0334 ], [ -75.7788, 0.0408 ], [ -75.7879, 0.0542 ], [ -75.807, 0.0468 ], [ -75.8541, 0.131 ], [ -75.8608, 0.133 ], [ -75.8769, 0.1164 ], [ -75.8838, 0.12 ], [ -75.8833, 0.139 ], [ -75.906, 0.136 ], [ -75.9004, 0.1613 ], [ -75.9267, 0.1784 ], [ -75.9345, 0.1962 ], [ -75.9547, 0.2001 ], [ -75.9602, 0.2112 ], [ -75.9534, 0.2205 ], [ -75.9659, 0.2364 ], [ -76.0048, 0.2472 ], [ -76.0058, 0.2568 ], [ -75.9846, 0.2585 ], [ -75.9996, 0.2652 ], [ -76.0091, 0.2975 ], [ -76.0455, 0.3032 ], [ -76.0542, 0.3277 ], [ -76.0639, 0.3336 ], [ -76.0833, 0.3334 ], [ -76.0976, 0.3146 ], [ -76.1138, 0.3136 ], [ -76.1232, 0.3218 ], [ -76.1206, 0.3409 ], [ -76.1291, 0.3641 ], [ -76.1596, 0.3886 ], [ -76.1645, 0.379 ], [ -76.1865, 0.3698 ], [ -76.201, 0.3731 ], [ -76.2087, 0.3851 ], [ -76.2266, 0.3733 ], [ -76.2328, 0.4003 ], [ -76.2571, 0.3998 ], [ -76.2609, 0.4246 ], [ -76.2741, 0.4351 ], [ -76.2966, 0.4207 ], [ -76.3121, 0.4336 ], [ -76.3295, 0.4151 ], [ -76.334, 0.3874 ], [ -76.3431, 0.3808 ], [ -76.3567, 0.3796 ], [ -76.3678, 0.3937 ], [ -76.4124, 0.3813 ], [ -76.4123, 0.2416 ], [ -76.4209, 0.236 ], [ -76.4284, 0.2357 ], [ -76.424, 0.2513 ], [ -76.4333, 0.259 ], [ -76.4446, 0.2556 ], [ -76.4481, 0.2395 ], [ -76.5034, 0.2362 ], [ -76.5354, 0.2589 ], [ -76.5691, 0.2431 ], [ -76.5887, 0.2192 ], [ -76.6249, 0.261 ], [ -76.6545, 0.2518 ], [ -76.6541, 0.2684 ], [ -76.661, 0.2734 ], [ -76.6794, 0.2698 ], [ -76.7021, 0.2782 ], [ -76.7127, 0.269 ], [ -76.7336, 0.2886 ], [ -76.7665, 0.2635 ], [ -76.7536, 0.2592 ], [ -76.7586, 0.247 ], [ -76.7693, 0.2445 ], [ -76.7858, 0.2629 ], [ -76.798, 0.2649 ], [ -76.8462, 0.2391 ], [ -76.8774, 0.2514 ], [ -76.9061, 0.2453 ], [ -76.9353, 0.262 ], [ -76.9286, 0.271 ], [ -76.9343, 0.2766 ], [ -76.9449, 0.2693 ], [ -76.9847, 0.2684 ], [ -77.0053, 0.2951 ], [ -77.0297, 0.2773 ], [ -77.049, 0.2893 ], [ -77.0382, 0.3235 ], [ -77.0543, 0.285 ], [ -77.0788, 0.2862 ], [ -77.089, 0.3017 ], [ -77.0821, 0.3168 ], [ -77.1062, 0.3444 ], [ -77.1129, 0.3814 ], [ -77.0997, 0.3793 ], [ -77.0964, 0.3947 ], [ -77.0882, 0.3941 ], [ -77.0989, 0.4115 ], [ -77.093, 0.4228 ], [ -77.1052, 0.4325 ], [ -77.1021, 0.4704 ], [ -77.1156, 0.4831 ], [ -77.1313, 0.5354 ], [ -77.1304, 0.5558 ], [ -77.1151, 0.5619 ], [ -77.1174, 0.5914 ], [ -77.1268, 0.602 ], [ -77.1336, 0.596 ], [ -77.1365, 0.6033 ], [ -77.1665, 0.611 ], [ -77.1868, 0.631 ], [ -77.1392, 0.8215 ], [ -77.1021, 0.8336 ], [ -77.1176, 0.8576 ], [ -77.1212, 0.8932 ], [ -77.0902, 0.9151 ], [ -77.0731, 0.9417 ], [ -77.0785, 0.9574 ], [ -77.0738, 0.9697 ], [ -77.0603, 0.9762 ], [ -76.9646, 0.9818 ], [ -77.0465, 0.9789 ], [ -77.0389, 0.993 ], [ -77.0281, 0.9949 ], [ -77.0368, 1.0471 ], [ -77.0566, 1.0336 ], [ -77.0668, 1.0422 ], [ -77.0681, 1.0597 ], [ -77.0887, 1.0672 ], [ -77.0965, 1.1033 ], [ -77.0916, 1.116 ], [ -77.1014, 1.1432 ], [ -77.097, 1.1649 ], [ -77.0865, 1.1729 ], [ -77.0884, 1.1834 ], [ -77.0344, 1.1992 ], [ -77.017, 1.1989 ], [ -76.9789, 1.2251 ], [ -76.9713, 1.2521 ], [ -76.984, 1.2719 ], [ -76.9741, 1.2921 ], [ -76.961, 1.2831 ], [ -76.9628, 1.2737 ], [ -76.9396, 1.2727 ], [ -76.9331, 1.2854 ], [ -76.9266, 1.2734 ] ] ] } },
{ "type": "Feature", "properties": { "DPTO_CCDGO": "88", "DPTO_CNMBR": "ARCHIPIÉLAGO DE SAN ANDRÉS, PROVIDENCIA Y SANTA CATALINA", "REGION": "Caribe" }, "geometry": { "type": "MultiPolygon", "coordinates": [ [ [ [ -81.3497, 13.3569 ], [ -81.3568, 13.3532 ], [ -81.3597, 13.3342 ], [ -81.3892, 13.3208 ], [ -81.3965, 13.3394 ], [ -81.3923, 13.3589 ], [ -81.3846, 13.3705 ], [ -81.372, 13.371 ], [ -81.3643, 13.3856 ], [ -81.3544, 13.3772 ], [ -81.3574, 13.36 ], [ -81.3497, 13.3569 ] ] ], [ [ [ -81.3797, 13.3915 ], [ -81.3708, 13.3945 ], [ -81.3685, 13.386 ], [ -81.3767, 13.3815 ], [ -81.3797, 13.3915 ] ] ], [ [ [ -81.703, 12.5753 ], [ -81.7024, 12.5678 ], [ -81.7076, 12.5721 ], [ -81.7053, 12.5676 ], [ -81.7001, 12.5664 ], [ -81.7074, 12.5631 ], [ -81.7035, 12.5438 ], [ -81.7301, 12.4803 ], [ -81.7355, 12.491 ], [ -81.7273, 12.526 ], [ -81.7356, 12.5308 ], [ -81.7323, 12.5551 ], [ -81.7218, 12.5797 ], [ -81.7042, 12.5948 ], [ -81.6871, 12.5809 ], [ -81.703, 12.5753 ] ] ] ] } },
{ "type": "Feature", "properties": { "DPTO_CCDGO": "91", "DPTO_CNMBR": "AMAZONAS", "REGION": "Amazonia" }, "geometry": { "type": "Polygon", "coordinates": [ [ [ -73.8164, -0.4116 ], [ -73.7655, -0.4079 ], [ -73.7362, -0.3824 ], [ -73.7086, -0.3857 ], [ -73.6807, -0.42 ], [ -73.64, -0.4181 ], [ -73.6359, -0.431 ], [ -73.6509, -0.4574 ], [ -73.6082, -0.4392 ], [ -73.5846, -0.4491 ], [ -73.5684, -0.5168 ], [ -73.5498, -0.5141 ], [ -73.5332, -0.4877 ], [ -73.5223, -0.5152 ], [ -73.5105, -0.5243 ], [ -73.4887, -0.5281 ], [ -73.4303, -0.5109 ], [ -73.3785, -0.5363 ], [ -73.3577, -0.5152 ], [ -73.3319, -0.5061 ], [ -73.3155, -0.5309 ], [ -73.265, -0.5558 ], [ -73.256, -0.5795 ], [ -73.2394, -0.5869 ], [ -73.203, -0.6265 ], [ -73.1659, -0.6217 ], [ -73.1214, -0.6041 ], [ -73.0748, -0.6213 ], [ -73.0469, -0.5372 ], [ -73.0264, -0.5269 ], [ -72.9969, -0.534 ], [ -72.9589, -0.5594 ], [ -72.9372, -0.6058 ], [ -72.9173, -0.6155 ], [ -72.8722, -0.6168 ], [ -72.8325, -0.5985 ], [ -72.8159, -0.5992 ], [ -72.8015, -0.5794 ], [ -72.7766, -0.5777 ], [ -72.7497, -0.555 ], [ -72.7406, -0.5801 ], [ -72.7144, -0.5889 ], [ -72.6945, -0.6106 ], [ -72.6776, -0.616 ], [ -72.6738, -0.6352 ], [ -72.5921, -0.6933 ], [ -72.5564, -0.7058 ], [ -72.5354, -0.6725 ], [ -72.425, -0.5623 ], [ -72.4078, -0.5679 ], [ -72.4089, -0.5979 ], [ -72.3936, -0.6147 ], [ -72.3186, -0.6517 ], [ -72.2944, -0.6456 ], [ -72.2859, -0.6309 ], [ -72.2428, -0.6053 ], [ -72.2466, -0.5854 ], [ -72.2306, -0.493 ], [ -72.2012, -0.4796 ], [ -72.1728, -0.4439 ], [ -72.163, -0.4114 ], [ -72.148, -0.3954 ], [ -72.1589, -0.3824 ], [ -72.1534, -0.3553 ], [ -72.144, -0.3562 ], [ -72.1436, -0.3473 ], [ -72.1121, -0.3329 ], [ -72.0937, -0.3292 ], [ -72.0802, -0.337 ], [ -72.0586, -0.3202 ], [ -72.0614, -0.2962 ], [ -72.0437, -0.2714 ], [ -72.0225, -0.2641 ], [ -71.9831, -0.2794 ], [ -71.9749, -0.2707 ], [ -71.9278, -0.2653 ], [ -71.91, -0.2733 ], [ -71.8738, -0.2696 ], [ -71.8309, -0.2763 ], [ -71.8114, -0.2637 ], [ -71.7897, -0.2705 ], [ -71.7703, -0.2558 ], [ -71.743, -0.2524 ], [ -71.7292, -0.2313 ], [ -71.7106, -0.2323 ], [ -71.7145, -0.2036 ], [ -71.7365, -0.1545 ], [ -71.7272, -0.1239 ], [ -71.7009, -0.0975 ], [ -71.703, -0.0648 ], [ -71.6718, -0.0598 ], [ -71.6475, -0.0385 ], [ -71.626, -0.0346 ], [ -71.5811, -0.0053 ], [ -71.5798, 0.0134 ], [ -71.5638, 0.0212 ], [ -71.5467, 0.0213 ], [ -71.4805, -0.0105 ], [ -71.4538, -0.0122 ], [ -71.4484, 0.0033 ], [ -71.4005, 0.0056 ], [ -71.3858, 0.0146 ], [ -71.3859, 0.0259 ], [ -71.3706, 0.0312 ], [ -71.3422, 0.0189 ], [ -71.3152, 0.0205 ], [ -71.3037, 0.0325 ], [ -71.2714, 0.0352 ], [ -71.2596, 0.056 ], [ -71.2388, 0.0661 ], [ -71.2258, 0.0542 ], [ -71.1871, 0.0812 ], [ -71.1893, 0.0971 ], [ -71.169, 0.0884 ], [ -71.1447, 0.0557 ], [ -71.1495, 0.0387 ], [ -71.134, 0.0042 ], [ -71.1216, 0.005 ], [ -71.1134, 0.0236 ], [ -71.1043, 0.026 ], [ -71.095, -0.0082 ], [ -71.0814, 0.0015 ], [ -71.0646, -0.0101 ], [ -71.0395, -0.0045 ], [ -71.0359, -0.0123 ], [ -71.0531, -0.0277 ], [ -71.0311, -0.0474 ], [ -71.0121, -0.0415 ], [ -71.0157, -0.0125 ], [ -70.9917, -0.002 ], [ -70.9689, -0.0093 ], [ -70.9729, -0.0268 ], [ -70.9613, -0.0398 ], [ -70.9273, -0.0518 ], [ -70.9266, -0.0889 ], [ -70.9171, -0.0989 ], [ -70.899, -0.1016 ], [ -70.8921, -0.1162 ], [ -70.9016, -0.1325 ], [ -70.9145, -0.1228 ], [ -70.9307, -0.129 ], [ -70.9465, -0.1541 ], [ -70.9173, -0.1838 ], [ -70.9151, -0.2018 ], [ -70.8831, -0.2139 ], [ -70.8726, -0.2611 ], [ -70.8782, -0.28 ], [ -70.8679, -0.2904 ], [ -70.865, -0.3097 ], [ -70.8427, -0.3277 ], [ -70.8583, -0.3394 ], [ -70.8437, -0.3317 ], [ -70.8211, -0.3665 ], [ -70.8097, -0.3639 ], [ -70.806, -0.3462 ], [ -70.759, -0.3277 ], [ -70.7616, -0.3176 ], [ -70.7804, -0.3163 ], [ -70.7719, -0.3 ], [ -70.7345, -0.287 ], [ -70.678, -0.3521 ], [ -70.6656, -0.3499 ], [ -70.6555, -0.3336 ], [ -70.6304, -0.3199 ], [ -70.6065, -0.3453 ], [ -70.5853, -0.3893 ], [ -70.569, -0.3896 ], [ -70.5551, -0.3627 ], [ -70.5312, -0.3747 ], [ -70.5243, -0.3561 ], [ -70.4776, -0.4005 ], [ -70.4526, -0.4397 ], [ -70.4484, -0.4603 ], [ -70.4648, -0.4822 ], [ -70.4558, -0.4958 ], [ -70.4373, -0.4782 ], [ -70.3996, -0.4629 ], [ -70.3877, -0.4681 ], [ -70.3778, -0.4979 ], [ -70.3346, -0.4993 ], [ -70.3222, -0.4898 ], [ -70.3212, -0.4698 ], [ -70.3512, -0.4725 ], [ -70.365, -0.4641 ], [ -70.3651, -0.454 ], [ -70.334, -0.4382 ], [ -70.3098, -0.4415 ], [ -70.2883, -0.4129 ], [ -70.2681, -0.4181 ], [ -70.2488, -0.4445 ], [ -70.22, -0.436 ], [ -70.2007, -0.4568 ], [ -70.2006, -0.4707 ], [ -70.2087, -0.4776 ], [ -70.2449, -0.4702 ], [ -70.2623, -0.4965 ], [ -70.2938, -0.5144 ], [ -70.3251, -0.5608 ], [ -70.3243, -0.5806 ], [ -70.3097, -0.5903 ], [ -70.3012, -0.5834 ], [ -70.2999, -0.5593 ], [ -70.2822, -0.5582 ], [ -70.2561, -0.6029 ], [ -70.2608, -0.6533 ], [ -70.2524, -0.6718 ], [ -70.2619, -0.7115 ], [ -70.2488, -0.7394 ], [ -70.2902, -0.7525 ], [ -70.2971, -0.7913 ], [ -70.2899, -0.8088 ], [ -70.2589, -0.8318 ], [ -70.2213, -0.8863 ], [ -70.2509, -0.9105 ], [ -70.2606, -0.938 ], [ -70.2959, -0.9365 ], [ -70.3071, -0.9646 ], [ -70.284, -0.9997 ], [ -70.2532, -1.0208 ], [ -70.2321, -1.0146 ], [ -70.2199, -0.9853 ], [ -70.1975, -0.9851 ], [ -70.2006, -1.0105 ], [ -70.2245, -1.0321 ], [ -70.2276, -1.0497 ], [ -70.2168, -1.0654 ], [ -70.1776, -1.0749 ], [ -70.1779, -1.1004 ], [ -70.1682, -1.1132 ], [ -70.1279, -1.1107 ], [ -70.1136, -1.0785 ], [ -70.0791, -1.0379 ], [ -70.0879, -1.0124 ], [ -70.1066, -1.0111 ], [ -70.1234, -1.0213 ], [ -70.1356, -1.0147 ], [ -70.1394, -0.9966 ], [ -70.1223, -0.9724 ], [ -70.1021, -0.9537 ], [ -70.079, -0.9469 ], [ -70.0473, -0.9779 ], [ -70.0308, -0.9787 ], [ -70.0226, -0.97 ], [ -70.0249, -0.9417 ], [ -70.0166, -0.9369 ], [ -70.0008, -0.946 ], [ -70.008, -0.9649 ], [ -69.9989, -0.976 ], [ -69.9582, -0.9678 ], [ -69.9414, -0.9466 ], [ -69.902, -0.9719 ], [ -69.907, -0.9804 ], [ -69.9216, -0.9732 ], [ -69.9542, -0.9956 ], [ -69.9414, -1.0347 ], [ -69.9617, -1.0522 ], [ -69.9715, -1.073 ], [ -69.9551, -1.0961 ], [ -69.938, -1.0966 ], [ -69.9088, -1.0805 ], [ -69.8759, -1.0783 ], [ -69.8398, -1.0285 ], [ -69.8175, -1.0323 ], [ -69.7841, -1.0865 ], [ -69.7571, -1.0989 ], [ -69.7399, -1.0952 ], [ -69.7345, -1.0823 ], [ -69.758, -1.0731 ], [ -69.7728, -1.037 ], [ -69.7495, -1.0276 ], [ -69.7378, -1.0424 ], [ -69.7251, -1.0383 ], [ -69.7047, -1.0478 ], [ -69.6494, -1.1168 ], [ -69.6523, -1.1337 ], [ -69.6615, -1.1165 ], [ -69.6809, -1.1213 ], [ -69.6803, -1.2013 ], [ -69.6642, -1.2263 ], [ -69.6494, -1.2266 ], [ -69.638, -1.2139 ], [ -69.6345, -1.1681 ], [ -69.5925, -1.1458 ], [ -69.5778, -1.1553 ], [ -69.5647, -1.1933 ], [ -69.539, -1.1919 ], [ -69.5087, -1.2165 ], [ -69.485, -1.2153 ], [ -69.465, -1.1893 ], [ -69.4701, -1.1638 ], [ -69.4892, -1.1511 ], [ -69.4609, -1.1384 ], [ -69.4706, -1.097 ], [ -69.4626, -1.0776 ], [ -69.433, -1.0695 ], [ -69.4004, -1.1104 ], [ -69.3961, -1.1367 ], [ -69.4122, -1.1533 ], [ -69.43, -1.2269 ], [ -69.4086, -1.2811 ], [ -69.4078, -1.3276 ], [ -69.3975, -1.3609 ], [ -69.4303, -1.3922 ], [ -69.4327, -1.4528 ], [ -69.4562, -1.4887 ], [ -69.4517, -1.5389 ], [ -69.5349, -2.0026 ], [ -69.9332, -4.2197 ], [ -69.9498, -4.2294 ], [ -69.9569, -4.2107 ], [ -70.0451, -4.1184 ], [ -70.0649, -4.0809 ], [ -70.089, -4.0651 ], [ -70.1336, -4.0635 ], [ -70.1674, -4.0515 ], [ -70.1766, -4.0351 ], [ -70.1728, -3.9715 ], [ -70.1832, -3.9286 ], [ -70.2201, -3.916 ], [ -70.2481, -3.8951 ], [ -70.2743, -3.8324 ], [ -70.3077, -3.8121 ], [ -70.3544, -3.8002 ], [ -70.3777, -3.8228 ], [ -70.416, -3.8272 ], [ -70.4484, -3.859 ], [ -70.4863, -3.8767 ], [ -70.5312, -3.878 ], [ -70.5578, -3.831 ], [ -70.5778, -3.8169 ], [ -70.6208, -3.8399 ], [ -70.653, -3.8298 ], [ -70.6855, -3.794 ], [ -70.7132, -3.7955 ], [ -70.3357, -3.1969 ], [ -70.0732, -2.7902 ], [ -70.0604, -2.7597 ], [ -70.0745, -2.7295 ], [ -70.0715, -2.6771 ], [ -70.0775, -2.6624 ], [ -70.1013, -2.6622 ], [ -70.1133, -2.6992 ], [ -70.156, -2.7169 ], [ -70.1679, -2.703 ], [ -70.1583, -2.6645 ], [ -70.1656, -2.6427 ], [ -70.1783, -2.6332 ], [ -70.1949, -2.6634 ], [ -70.2194, -2.6563 ], [ -70.2302, -2.6274 ], [ -70.2304, -2.5907 ], [ -70.2446, -2.5582 ], [ -70.2639, -2.5552 ], [ -70.3258, -2.5826 ], [ -70.3584, -2.5671 ], [ -70.3597, -2.5451 ], [ -70.3051, -2.528 ], [ -70.301, -2.5053 ], [ -70.3209, -2.5112 ], [ -70.3396, -2.4985 ], [ -70.3666, -2.4948 ], [ -70.4075, -2.529 ], [ -70.425, -2.5316 ], [ -70.4458, -2.5188 ], [ -70.4701, -2.4562 ], [ -70.4961, -2.4771 ], [ -70.5211, -2.4719 ], [ -70.5449, -2.4319 ], [ -70.5652, -2.4198 ], [ -70.5854, -2.4285 ], [ -70.5459, -2.4503 ], [ -70.5464, -2.4645 ], [ -70.559, -2.4788 ], [ -70.597, -2.4881 ], [ -70.629, -2.4796 ], [ -70.645, -2.4541 ], [ -70.6283, -2.399 ], [ -70.6441, -2.4141 ], [ -70.6734, -2.4134 ], [ -70.683, -2.4042 ], [ -70.6637, -2.3597 ], [ -70.6884, -2.3438 ], [ -70.7523, -2.3313 ], [ -70.7707, -2.2991 ], [ -70.8388, -2.2924 ], [ -70.8575, -2.2389 ], [ -70.8799, -2.2232 ], [ -70.9006, -2.2292 ], [ -70.9206, -2.2536 ], [ -70.9371, -2.2571 ], [ -70.9645, -2.2406 ], [ -70.9815, -2.214 ], [ -71.0025, -2.2117 ], [ -71.0142, -2.2265 ], [ -70.987, -2.2914 ], [ -70.9943, -2.3087 ], [ -71.0112, -2.3059 ], [ -71.0366, -2.2761 ], [ -71.063, -2.2727 ], [ -71.0941, -2.2847 ], [ -71.1256, -2.286 ], [ -71.1407, -2.3031 ], [ -71.1275, -2.3385 ], [ -71.1381, -2.3461 ], [ -71.1508, -2.3377 ], [ -71.1661, -2.3433 ], [ -71.1722, -2.3811 ], [ -71.1962, -2.3819 ], [ -71.228, -2.3483 ], [ -71.2531, -2.3561 ], [ -71.2712, -2.3858 ], [ -71.2844, -2.3887 ], [ -71.2933, -2.3781 ], [ -71.2769, -2.352 ], [ -71.2966, -2.3474 ], [ -71.3184, -2.3814 ], [ -71.3683, -2.3916 ], [ -71.3951, -2.4114 ], [ -71.4097, -2.3906 ], [ -71.3994, -2.358 ], [ -71.4308, -2.3252 ], [ -71.4566, -2.2785 ], [ -71.4697, -2.2745 ], [ -71.4829, -2.2889 ], [ -71.4878, -2.3053 ], [ -71.4783, -2.346 ], [ -71.484, -2.3543 ], [ -71.4994, -2.3555 ], [ -71.5258, -2.3207 ], [ -71.5184, -2.2524 ], [ -71.5704, -2.2503 ], [ -71.6063, -2.2379 ], [ -71.6295, -2.2104 ], [ -71.6505, -2.2031 ], [ -71.6736, -2.209 ], [ -71.706, -2.2323 ], [ -71.7292, -2.2277 ], [ -71.7331, -2.197 ], [ -71.7196, -2.1607 ], [ -71.7403, -2.1467 ], [ -71.7477, -2.1497 ], [ -71.7482, -2.1739 ], [ -71.7904, -2.1891 ], [ -71.7998, -2.2079 ], [ -71.8329, -2.196 ], [ -71.8636, -2.2848 ], [ -71.8803, -2.3115 ], [ -71.9261, -2.3154 ], [ -71.9327, -2.3301 ], [ -71.9159, -2.3662 ], [ -71.9197, -2.3806 ], [ -71.9337, -2.3822 ], [ -71.9592, -2.3592 ], [ -71.9879, -2.3735 ], [ -72.0142, -2.3693 ], [ -72.0281, -2.3465 ], [ -72.0488, -2.3388 ], [ -72.0963, -2.3906 ], [ -72.1285, -2.4141 ], [ -72.1362, -2.4575 ], [ -72.1566, -2.4811 ], [ -72.1698, -2.4773 ], [ -72.1694, -2.4541 ], [ -72.1873, -2.4355 ], [ -72.2055, -2.4484 ], [ -72.2219, -2.4497 ], [ -72.2513, -2.4318 ], [ -72.2612, -2.4364 ], [ -72.2528, -2.4487 ], [ -72.2552, -2.459 ], [ -72.2839, -2.4543 ], [ -72.2959, -2.4773 ], [ -72.3735, -2.4925 ], [ -72.3827, -2.4768 ], [ -72.3984, -2.4704 ], [ -72.4086, -2.416 ], [ -72.4166, -2.4323 ], [ -72.433, -2.442 ], [ -72.4767, -2.4206 ], [ -72.4981, -2.418 ], [ -72.5183, -2.4271 ], [ -72.5432, -2.4051 ], [ -72.5679, -2.4051 ], [ -72.5971, -2.368 ], [ -72.6311, -2.3597 ], [ -72.6392, -2.3632 ], [ -72.6351, -2.39 ], [ -72.6566, -2.4103 ], [ -72.6623, -2.4412 ], [ -72.6824, -2.4534 ], [ -72.6934, -2.4507 ], [ -72.6928, -2.4312 ], [ -72.705, -2.4151 ], [ -72.7024, -2.3983 ], [ -72.7289, -2.3991 ], [ -72.7299, -2.4211 ], [ -72.7512, -2.4294 ], [ -72.7611, -2.401 ], [ -72.7749, -2.3941 ], [ -72.8313, -2.4312 ], [ -72.9104, -2.4452 ], [ -72.9338, -2.4576 ], [ -72.9393, -2.4483 ], [ -72.934, -2.4164 ], [ -72.9523, -2.4032 ], [ -72.9759, -2.3447 ], [ -73.0015, -2.363 ], [ -73.0172, -2.3488 ], [ -73.0201, -2.3322 ], [ -73.0394, -2.3278 ], [ -73.0404, -2.3547 ], [ -73.057, -2.366 ], [ -73.068, -2.3615 ], [ -73.0732, -2.3415 ], [ -73.0976, -2.3268 ], [ -73.1226, -2.3274 ], [ -73.1254, -2.2965 ], [ -73.1585, -2.2565 ], [ -73.1728, -2.2206 ], [ -73.1716, -2.186 ], [ -73.1341, -2.1815 ], [ -73.1168, -2.1283 ], [ -73.0772, -2.1058 ], [ -73.0689, -2.0883 ], [ -73.1055, -2.0834 ], [ -73.1143, -2.0743 ], [ -73.0934, -2.0404 ], [ -73.0984, -2.0273 ], [ -73.1215, -2.0158 ], [ -73.1302, -1.9927 ], [ -73.1179, -1.9726 ], [ -73.1204, -1.9106 ], [ -73.1088, -1.8838 ], [ -73.112, -1.8741 ], [ -73.1395, -1.8726 ], [ -73.1546, -1.8601 ], [ -73.1468, -1.8051 ], [ -73.1852, -1.8083 ], [ -73.2199, -1.7499 ], [ -73.2274, -1.7558 ], [ -73.2312, -1.8022 ], [ -73.2537, -1.8085 ], [ -73.2593, -1.798 ], [ -73.2493, -1.7874 ], [ -73.2499, -1.7942 ], [ -73.2447, -1.7915 ], [ -73.2451, -1.7838 ], [ -73.2851, -1.7807 ], [ -73.3057, -1.8002 ], [ -73.2978, -1.8248 ], [ -73.3149, -1.8288 ], [ -73.3349, -1.804 ], [ -73.3558, -1.7992 ], [ -73.3802, -1.7812 ], [ -73.4312, -1.7903 ], [ -73.4407, -1.783 ], [ -73.4341, -1.7868 ], [ -73.4377, -1.7636 ], [ -73.4518, -1.7489 ], [ -73.5065, -1.7315 ], [ -73.5413, -1.6975 ], [ -73.5378, -1.6817 ], [ -73.5173, -1.6611 ], [ -73.5089, -1.624 ], [ -73.4678, -1.5928 ], [ -73.4582, -1.5762 ], [ -73.4666, -1.5692 ], [ -73.4797, -1.5792 ], [ -73.4984, -1.566 ], [ -73.4994, -1.5538 ], [ -73.479, -1.5292 ], [ -73.4955, -1.5171 ], [ -73.4902, -1.4854 ], [ -73.5306, -1.479 ], [ -73.5371, -1.4342 ], [ -73.5874, -1.4238 ], [ -73.58, -1.4121 ], [ -73.5593, -1.4175 ], [ -73.5523, -1.4024 ], [ -73.5603, -1.3829 ], [ -73.5826, -1.3765 ], [ -73.5818, -1.3409 ], [ -73.5696, -1.3241 ], [ -73.574, -1.3198 ], [ -73.5946, -1.3309 ], [ -73.6131, -1.3197 ], [ -73.6201, -1.2648 ], [ -73.6458, -1.2702 ], [ -73.6817, -1.2414 ], [ -73.6975, -1.2536 ], [ -73.7286, -1.2536 ], [ -73.7432, -1.2362 ], [ -73.745, -1.2008 ], [ -73.7508, -1.238 ], [ -73.7693, -1.2627 ], [ -73.7849, -1.2587 ], [ -73.7882, -1.2414 ], [ -73.7979, -1.2516 ], [ -73.8125, -1.2501 ], [ -73.864, -1.2294 ], [ -73.8718, -1.2024 ], [ -73.8976, -1.1677 ], [ -73.9066, -1.1266 ], [ -73.9233, -1.1232 ], [ -73.9424, -1.1346 ], [ -73.9685, -1.1272 ], [ -73.9686, -1.1162 ], [ -73.9524, -1.0968 ], [ -73.9621, -1.0849 ], [ -73.9823, -1.1099 ], [ -74.012, -1.0979 ], [ -74.0282, -1.0599 ], [ -74.0152, -1.0181 ], [ -74.0242, -1.0064 ], [ -74.0344, -1.0135 ], [ -74.0359, -1.0355 ], [ -74.0497, -1.0529 ], [ -74.0865, -1.0544 ], [ -74.1678, -1.0087 ], [ -74.2213, -1.0115 ], [ -74.2743, -0.9799 ], [ -74.2768, -0.9597 ], [ -74.2632, -0.9446 ], [ -74.2756, -0.9096 ], [ -74.2999, -0.8953 ], [ -74.3145, -0.8967 ], [ -74.3218, -0.8793 ], [ -74.303, -0.8631 ], [ -74.2714, -0.8791 ], [ -74.2733, -0.8537 ], [ -74.2546, -0.822 ], [ -74.2805, -0.8295 ], [ -74.2934, -0.8185 ], [ -74.2866, -0.7932 ], [ -74.2919, -0.7804 ], [ -74.3009, -0.7944 ], [ -74.3177, -0.7962 ], [ -74.321, -0.7799 ], [ -74.3142, -0.7681 ], [ -74.3277, -0.7572 ], [ -74.3383, -0.7621 ], [ -74.3531, -0.7563 ], [ -74.3755, -0.7355 ], [ -74.3791, -0.7146 ], [ -74.3419, -0.6936 ], [ -74.3488, -0.6751 ], [ -74.374, -0.6587 ], [ -74.3783, -0.6395 ], [ -74.3636, -0.6213 ], [ -74.3963, -0.5808 ], [ -74.3891, -0.5537 ], [ -73.8413, -0.398 ], [ -73.8164, -0.4116 ] ] ] } },
{ "type": "Feature", "properties": { "DPTO_CCDGO": "94", "DPTO_CNMBR": "GUAINÍA", "REGION": "Amazonia" }, "geometry": { "type": "Polygon", "coordinates": [ [ [ -67.4349, 3.2485 ], [ -67.8628, 2.8649 ], [ -67.8641, 2.7895 ], [ -67.838, 2.7933 ], [ -67.8256, 2.8234 ], [ -67.8109, 2.8322 ], [ -67.7826, 2.8267 ], [ -67.7399, 2.8378 ], [ -67.7356, 2.8169 ], [ -67.6583, 2.7966 ], [ -67.6379, 2.8103 ], [ -67.617, 2.8132 ], [ -67.5862, 2.7791 ], [ -67.5843, 2.7439 ], [ -67.5638, 2.7261 ], [ -67.5693, 2.6809 ], [ -67.5631, 2.6571 ], [ -67.5543, 2.6536 ], [ -67.5232, 2.6734 ], [ -67.4867, 2.667 ], [ -67.4676, 2.6194 ], [ -67.4509, 2.6194 ], [ -67.4147, 2.5833 ], [ -67.3921, 2.5736 ], [ -67.3833, 2.544 ], [ -67.3446, 2.5247 ], [ -67.3364, 2.5003 ], [ -67.3162, 2.4769 ], [ -67.2961, 2.441 ], [ -67.2606, 2.4291 ], [ -67.2218, 2.3986 ], [ -67.1872, 2.349 ], [ -67.1968, 2.3227 ], [ -67.2164, 2.3053 ], [ -67.214, 2.2807 ], [ -67.222, 2.2542 ], [ -67.2025, 2.2233 ], [ -67.1907, 2.1775 ], [ -67.1616, 2.1328 ], [ -67.1476, 2.1256 ], [ -67.1217, 2.137 ], [ -67.108, 2.1193 ], [ -67.097, 2.0524 ], [ -67.1145, 2.0215 ], [ -67.123, 1.9769 ], [ -67.07, 1.9308 ], [ -67.0469, 1.8597 ], [ -67.0354, 1.8455 ], [ -67.0331, 1.7864 ], [ -66.9854, 1.6867 ], [ -66.9624, 1.6686 ], [ -66.9629, 1.5896 ], [ -66.9423, 1.5752 ], [ -66.9208, 1.531 ], [ -66.9082, 1.4819 ], [ -66.9112, 1.4235 ], [ -66.9016, 1.4091 ], [ -66.8748, 1.3981 ], [ -66.852, 1.3562 ], [ -66.8485, 1.3186 ], [ -66.8733, 1.3051 ], [ -66.8812, 1.2866 ], [ -66.8759, 1.2635 ], [ -66.8558, 1.2434 ], [ -66.8506, 1.2236 ], [ -66.8569, 1.228 ], [ -67.0892, 1.1656 ], [ -67.093, 1.1709 ], [ -67.0829, 1.1797 ], [ -67.0905, 1.1895 ], [ -67.0821, 1.2007 ], [ -67.0907, 1.2273 ], [ -67.1006, 1.235 ], [ -67.1006, 1.2597 ], [ -67.1267, 1.2706 ], [ -67.1255, 1.2844 ], [ -67.1438, 1.3003 ], [ -67.145, 1.3138 ], [ -67.1561, 1.3172 ], [ -67.1514, 1.3456 ], [ -67.1401, 1.3425 ], [ -67.1319, 1.3497 ], [ -67.1282, 1.3397 ], [ -67.1121, 1.335 ], [ -67.0749, 1.3701 ], [ -67.0845, 1.375 ], [ -67.0786, 1.3944 ], [ -67.0871, 1.4145 ], [ -67.0786, 1.4243 ], [ -67.0869, 1.4262 ], [ -67.0767, 1.4565 ], [ -67.079, 1.4734 ], [ -67.0896, 1.4762 ], [ -67.1031, 1.5195 ], [ -67.0954, 1.5411 ], [ -67.1064, 1.5711 ], [ -67.1008, 1.5817 ], [ -67.115, 1.5853 ], [ -67.1132, 1.5943 ], [ -67.1367, 1.6083 ], [ -67.1431, 1.6042 ], [ -67.1322, 1.6441 ], [ -67.1373, 1.6809 ], [ -67.1289, 1.6879 ], [ -67.1399, 1.698 ], [ -67.149, 1.7315 ], [ -67.1392, 1.7311 ], [ -67.1457, 1.7569 ], [ -67.1276, 1.7768 ], [ -67.1358, 1.7837 ], [ -67.1339, 1.7955 ], [ -67.1596, 1.7974 ], [ -67.1625, 1.8109 ], [ -67.1516, 1.8136 ], [ -67.1566, 1.8278 ], [ -67.1694, 1.8294 ], [ -67.1743, 1.8447 ], [ -67.2085, 1.8583 ], [ -67.2202, 1.9179 ], [ -67.2383, 1.9107 ], [ -67.2416, 1.9167 ], [ -67.2632, 1.9129 ], [ -67.2755, 1.9234 ], [ -67.2837, 1.9056 ], [ -67.3031, 1.9006 ], [ -67.3266, 1.9454 ], [ -67.334, 1.979 ], [ -67.3473, 1.985 ], [ -67.3415, 2.0267 ], [ -67.3542, 2.0291 ], [ -67.3584, 2.0416 ], [ -67.3417, 2.0849 ], [ -67.3585, 2.0945 ], [ -67.3585, 2.1158 ], [ -67.348, 2.1163 ], [ -67.3483, 2.1291 ], [ -67.3273, 2.1549 ], [ -67.3343, 2.1682 ], [ -67.3509, 2.1752 ], [ -67.3617, 2.171 ], [ -67.3589, 2.1826 ], [ -67.3715, 2.1933 ], [ -67.3686, 2.2162 ], [ -67.3946, 2.2327 ], [ -67.4152, 2.2297 ], [ -67.4252, 2.2032 ], [ -67.4165, 2.1936 ], [ -67.4425, 2.2012 ], [ -67.4504, 2.1688 ], [ -67.4632, 2.1707 ], [ -67.4846, 2.1589 ], [ -67.5107, 2.1642 ], [ -67.5509, 2.1494 ], [ -67.573, 2.1631 ], [ -67.5866, 2.1216 ], [ -67.5739, 2.1035 ], [ -67.5873, 2.0786 ], [ -67.5973, 2.0768 ], [ -67.5916, 2.0689 ], [ -67.6017, 2.0438 ], [ -67.6248, 2.0404 ], [ -67.6312, 2.0308 ], [ -67.6274, 2.0212 ], [ -67.6584, 1.9905 ], [ -67.6772, 2.0091 ], [ -67.6671, 2.0161 ], [ -67.6909, 1.9997 ], [ -67.7165, 2.0175 ], [ -67.7203, 2.0091 ], [ -67.7307, 2.0117 ], [ -67.7312, 2.026 ], [ -67.7434, 2.0345 ], [ -67.7755, 2.0349 ], [ -67.7752, 2.0123 ], [ -67.7834, 1.9999 ], [ -67.8087, 1.9859 ], [ -67.8061, 1.9752 ], [ -67.8264, 1.961 ], [ -67.8324, 1.9394 ], [ -67.847, 1.9387 ], [ -67.8693, 1.9237 ], [ -67.8712, 1.9008 ], [ -67.8788, 1.9039 ], [ -67.8973, 1.8881 ], [ -67.9106, 1.8974 ], [ -67.9217, 1.8927 ], [ -67.9088, 1.8622 ], [ -67.9225, 1.8584 ], [ -67.9144, 1.8275 ], [ -67.9219, 1.8204 ], [ -67.9031, 1.807 ], [ -67.9602, 1.833 ], [ -67.9721, 1.8283 ], [ -67.9956, 1.8458 ], [ -68.031, 1.811 ], [ -68.0402, 1.8191 ], [ -68.0385, 1.8373 ], [ -68.048, 1.8438 ], [ -68.0438, 1.8593 ], [ -68.0545, 1.8677 ], [ -68.0619, 1.8932 ], [ -68.0942, 1.8965 ], [ -68.1393, 1.9707 ], [ -68.1676, 1.9635 ], [ -68.1761, 1.9711 ], [ -68.1725, 1.9788 ], [ -68.1841, 1.9798 ], [ -68.1938, 2.0391 ], [ -68.1999, 2.0371 ], [ -68.2064, 1.9844 ], [ -68.2154, 1.9807 ], [ -68.2161, 1.9658 ], [ -68.2314, 1.9794 ], [ -68.2168, 1.9651 ], [ -68.2336, 1.9326 ], [ -68.2451, 1.9271 ], [ -68.2536, 1.8789 ], [ -68.2851, 1.8466 ], [ -68.2732, 1.8444 ], [ -68.2852, 1.8293 ], [ -68.2765, 1.8321 ], [ -68.2746, 1.8191 ], [ -68.2362, 1.8213 ], [ -68.2266, 1.8293 ], [ -68.2446, 1.7874 ], [ -68.2398, 1.7711 ], [ -68.2305, 1.7811 ], [ -68.2185, 1.7714 ], [ -68.2054, 1.7826 ], [ -68.1921, 1.78 ], [ -68.1775, 1.7657 ], [ -68.1887, 1.7569 ], [ -68.193, 1.7378 ], [ -68.1853, 1.7297 ], [ -68.1696, 1.7433 ], [ -68.1633, 1.7278 ], [ -69.3933, 1.7267 ], [ -69.4061, 1.7316 ], [ -69.4079, 1.7411 ], [ -69.4216, 1.737 ], [ -69.4234, 1.7456 ], [ -69.433, 1.7386 ], [ -69.4367, 1.7493 ], [ -69.4474, 1.7424 ], [ -69.4553, 1.7526 ], [ -69.4674, 1.7484 ], [ -69.4615, 1.7526 ], [ -69.4667, 1.7571 ], [ -69.4762, 1.7433 ], [ -69.4826, 1.7587 ], [ -69.4867, 1.7526 ], [ -69.5048, 1.7638 ], [ -69.5088, 1.7587 ], [ -69.5138, 1.7714 ], [ -69.518, 1.7638 ], [ -69.5199, 1.77 ], [ -69.5344, 1.7637 ], [ -69.5342, 1.7769 ], [ -69.5472, 1.7768 ], [ -69.5719, 1.7562 ], [ -69.5837, 1.7602 ], [ -69.5874, 1.7524 ], [ -69.59, 1.7585 ], [ -69.629, 1.7234 ], [ -69.6418, 1.7305 ], [ -69.6553, 1.7181 ], [ -69.6651, 1.7298 ], [ -69.6766, 1.7224 ], [ -69.6768, 1.7329 ], [ -69.6873, 1.7274 ], [ -69.7212, 1.7352 ], [ -69.7379, 1.7262 ], [ -69.7453, 1.7297 ], [ -69.7543, 1.7195 ], [ -69.7489, 1.7138 ], [ -69.762, 1.7179 ], [ -69.7762, 1.7069 ], [ -69.7733, 1.7023 ], [ -69.7808, 1.7034 ], [ -69.7827, 1.6927 ], [ -69.8037, 1.7047 ], [ -69.8092, 1.6948 ], [ -69.8221, 1.6991 ], [ -69.8192, 1.7047 ], [ -69.835, 1.7096 ], [ -69.8396, 1.7189 ], [ -69.859, 1.7093 ], [ -69.8743, 1.7197 ], [ -69.8686, 1.7232 ], [ -69.8769, 1.7315 ], [ -69.8816, 1.7264 ], [ -69.9028, 1.7453 ], [ -69.975, 1.7432 ], [ -70.0046, 1.7629 ], [ -70.0465, 1.7722 ], [ -70.1489, 1.8675 ], [ -70.1748, 1.8694 ], [ -70.1802, 1.8817 ], [ -70.1633, 1.92 ], [ -70.1656, 1.9337 ], [ -70.1397, 1.9557 ], [ -70.1407, 1.9798 ], [ -70.1115, 2.003 ], [ -70.1208, 2.0495 ], [ -70.1085, 2.0771 ], [ -70.1126, 2.0869 ], [ -70.1038, 2.0945 ], [ -70.119, 2.1109 ], [ -70.0922, 2.122 ], [ -70.0995, 2.1304 ], [ -70.0913, 2.1274 ], [ -70.0584, 2.1457 ], [ -70.0553, 2.1619 ], [ -70.0336, 2.1585 ], [ -70.0271, 2.1746 ], [ -70.0362, 2.182 ], [ -70.0066, 2.1821 ], [ -70.014, 2.1863 ], [ -70.0062, 2.2073 ], [ -69.9962, 2.2048 ], [ -69.996, 2.2244 ], [ -70.0241, 2.2353 ], [ -70.0225, 2.2571 ], [ -70.0314, 2.2583 ], [ -70.0264, 2.2724 ], [ -70.0365, 2.2662 ], [ -70.0531, 2.278 ], [ -70.0452, 2.2931 ], [ -70.0692, 2.294 ], [ -70.0852, 2.2632 ], [ -70.1028, 2.2621 ], [ -70.108, 2.2685 ], [ -70.1229, 2.2634 ], [ -70.1467, 2.2777 ], [ -70.1531, 2.268 ], [ -70.1379, 2.2638 ], [ -70.1417, 2.2512 ], [ -70.1482, 2.2492 ], [ -70.1597, 2.2651 ], [ -70.1568, 2.2399 ], [ -70.1745, 2.2374 ], [ -70.1914, 2.2526 ], [ -70.1827, 2.2401 ], [ -70.1944, 2.2298 ], [ -70.2047, 2.2419 ], [ -70.2147, 2.234 ], [ -70.2252, 2.2474 ], [ -70.2318, 2.2399 ], [ -70.2473, 2.2433 ], [ -70.2492, 2.2505 ], [ -70.2351, 2.2571 ], [ -70.2435, 2.2653 ], [ -70.2736, 2.2374 ], [ -70.3055, 2.2529 ], [ -70.2928, 2.2285 ], [ -70.3141, 2.2081 ], [ -70.3413, 2.2332 ], [ -70.342, 2.2479 ], [ -70.3659, 2.2355 ], [ -70.3862, 2.2472 ], [ -70.399, 2.2678 ], [ -70.4079, 2.2552 ], [ -70.4186, 2.2558 ], [ -70.4208, 2.2686 ], [ -70.4582, 2.2573 ], [ -70.4644, 2.2494 ], [ -70.4544, 2.2435 ], [ -70.4647, 2.2334 ], [ -70.4731, 2.2437 ], [ -70.4968, 2.2337 ], [ -70.5143, 2.2451 ], [ -70.5112, 2.2595 ], [ -70.4886, 2.2529 ], [ -70.5098, 2.2673 ], [ -70.511, 2.2828 ], [ -70.5188, 2.2827 ], [ -70.5189, 2.2708 ], [ -70.5307, 2.2684 ], [ -70.5619, 2.293 ], [ -70.5866, 2.289 ], [ -70.6083, 2.2977 ], [ -70.6343, 2.3214 ], [ -70.636, 2.3523 ], [ -70.6387, 2.3488 ], [ -70.6808, 2.419 ], [ -70.6797, 2.441 ], [ -70.6998, 2.4532 ], [ -70.7063, 2.4717 ], [ -70.7332, 2.485 ], [ -70.7457, 2.5046 ], [ -70.7502, 2.5339 ], [ -70.7699, 2.5394 ], [ -70.793, 2.5201 ], [ -70.8293, 2.5327 ], [ -70.8381, 2.5563 ], [ -70.8529, 2.5703 ], [ -70.8886, 2.5573 ], [ -70.9025, 2.5667 ], [ -70.9168, 2.56 ], [ -70.93, 2.5732 ], [ -70.9425, 2.6067 ], [ -70.4976, 2.7885 ], [ -70.4939, 2.8133 ], [ -70.4108, 2.829 ], [ -70.3559, 2.8537 ], [ -70.3485, 2.8735 ], [ -70.354, 2.914 ], [ -70.324, 2.9134 ], [ -70.2784, 2.9365 ], [ -70.2827, 2.9933 ], [ -70.3033, 3.0336 ], [ -70.2719, 3.0308 ], [ -70.2553, 3.0397 ], [ -70.2727, 3.0661 ], [ -70.3134, 3.0701 ], [ -70.3209, 3.0847 ], [ -70.2799, 3.0945 ], [ -70.2879, 3.124 ], [ -70.2599, 3.1436 ], [ -70.2444, 3.1792 ], [ -70.2293, 3.181 ], [ -70.2162, 3.1682 ], [ -70.2065, 3.1731 ], [ -70.2081, 3.188 ], [ -70.2202, 3.197 ], [ -70.2179, 3.206 ], [ -70.2039, 3.2031 ], [ -70.1923, 3.1735 ], [ -70.1646, 3.1811 ], [ -70.1577, 3.1945 ], [ -70.1782, 3.2176 ], [ -70.1744, 3.2358 ], [ -70.1572, 3.2294 ], [ -70.1482, 3.1909 ], [ -70.1298, 3.199 ], [ -70.1318, 3.2441 ], [ -70.1568, 3.2579 ], [ -70.1579, 3.2816 ], [ -70.1362, 3.2938 ], [ -70.1157, 3.2797 ], [ -70.1087, 3.2935 ], [ -70.1534, 3.3245 ], [ -70.1729, 3.349 ], [ -70.1334, 3.3651 ], [ -70.1266, 3.4008 ], [ -70.1154, 3.4005 ], [ -70.114, 3.3881 ], [ -70.1045, 3.3844 ], [ -70.0537, 3.3972 ], [ -70.043, 3.411 ], [ -70.0222, 3.4157 ], [ -70.014, 3.4029 ], [ -70.0157, 3.3803 ], [ -70.0001, 3.3728 ], [ -69.9409, 3.3982 ], [ -69.942, 3.4201 ], [ -69.9629, 3.4421 ], [ -69.9556, 3.4596 ], [ -69.915, 3.447 ], [ -69.9025, 3.4244 ], [ -69.8782, 3.4297 ], [ -69.8617, 3.4788 ], [ -69.8973, 3.5208 ], [ -69.8896, 3.5394 ], [ -69.8724, 3.5358 ], [ -69.8473, 3.4877 ], [ -69.8172, 3.477 ], [ -69.8162, 3.4894 ], [ -69.8449, 3.5317 ], [ -69.846, 3.5441 ], [ -69.8341, 3.5566 ], [ -69.8171, 3.5521 ], [ -69.8154, 3.5159 ], [ -69.8056, 3.5069 ], [ -69.788, 3.52 ], [ -69.7897, 3.5495 ], [ -69.7773, 3.5646 ], [ -69.7542, 3.56 ], [ -69.734, 3.5429 ], [ -69.7138, 3.5493 ], [ -69.7202, 3.5689 ], [ -69.7425, 3.5763 ], [ -69.7396, 3.591 ], [ -69.7098, 3.5767 ], [ -69.7008, 3.5399 ], [ -69.6908, 3.5441 ], [ -69.673, 3.5804 ], [ -69.6631, 3.5854 ], [ -69.629, 3.5686 ], [ -69.6199, 3.5915 ], [ -69.6089, 3.5955 ], [ -69.5926, 3.5677 ], [ -69.5761, 3.614 ], [ -69.581, 3.6544 ], [ -69.5706, 3.6694 ], [ -69.5773, 3.6777 ], [ -69.5955, 3.673 ], [ -69.5883, 3.6836 ], [ -69.5377, 3.6743 ], [ -69.5043, 3.6787 ], [ -69.4929, 3.6508 ], [ -69.4784, 3.6954 ], [ -69.4545, 3.709 ], [ -69.4386, 3.7008 ], [ -69.4232, 3.6656 ], [ -69.4077, 3.66 ], [ -69.3879, 3.6851 ], [ -69.3756, 3.6666 ], [ -69.3664, 3.6655 ], [ -69.3205, 3.6959 ], [ -69.3035, 3.7173 ], [ -69.2896, 3.6981 ], [ -69.3057, 3.6522 ], [ -69.292, 3.6448 ], [ -69.268, 3.6813 ], [ -69.2709, 3.6964 ], [ -69.2871, 3.7133 ], [ -69.2797, 3.7263 ], [ -69.247, 3.7148 ], [ -69.235, 3.674 ], [ -69.221, 3.6787 ], [ -69.208, 3.702 ], [ -69.1969, 3.6945 ], [ -69.2001, 3.6695 ], [ -69.178, 3.6767 ], [ -69.1681, 3.6719 ], [ -69.1686, 3.6591 ], [ -69.1873, 3.6424 ], [ -69.1867, 3.6339 ], [ -69.1525, 3.6426 ], [ -69.1211, 3.676 ], [ -69.113, 3.6735 ], [ -69.1004, 3.6381 ], [ -69.0873, 3.6386 ], [ -69.0788, 3.6559 ], [ -69.0559, 3.6387 ], [ -68.9958, 3.6919 ], [ -68.9754, 3.6928 ], [ -68.9557, 3.6796 ], [ -68.9423, 3.6825 ], [ -68.9355, 3.7037 ], [ -68.9479, 3.7327 ], [ -68.9379, 3.7424 ], [ -68.9252, 3.7311 ], [ -68.9282, 3.6902 ], [ -68.9133, 3.6822 ], [ -68.8754, 3.7055 ], [ -68.8543, 3.7026 ], [ -68.8377, 3.6689 ], [ -68.829, 3.6814 ], [ -68.8531, 3.7203 ], [ -68.851, 3.7403 ], [ -68.8336, 3.7424 ], [ -68.8117, 3.7194 ], [ -68.795, 3.7222 ], [ -68.7752, 3.7346 ], [ -68.7676, 3.7703 ], [ -68.7526, 3.7836 ], [ -68.7084, 3.7674 ], [ -68.6705, 3.7759 ], [ -68.6481, 3.763 ], [ -68.6501, 3.7793 ], [ -68.6795, 3.7949 ], [ -68.674, 3.812 ], [ -68.6561, 3.8056 ], [ -68.6319, 3.7728 ], [ -68.606, 3.7847 ], [ -68.5878, 3.7769 ], [ -68.576, 3.7902 ], [ -68.5501, 3.7641 ], [ -68.5512, 3.7789 ], [ -68.5727, 3.8029 ], [ -68.572, 3.8153 ], [ -68.5621, 3.8199 ], [ -68.524, 3.7828 ], [ -68.5082, 3.7797 ], [ -68.5025, 3.7925 ], [ -68.5149, 3.8101 ], [ -68.513, 3.8255 ], [ -68.4762, 3.852 ], [ -68.4445, 3.8384 ], [ -68.4402, 3.8535 ], [ -68.4503, 3.8683 ], [ -68.4468, 3.8844 ], [ -68.4314, 3.8819 ], [ -68.4093, 3.8489 ], [ -68.3933, 3.8521 ], [ -68.393, 3.8729 ], [ -68.4296, 3.8959 ], [ -68.4366, 3.915 ], [ -68.4204, 3.9267 ], [ -68.3818, 3.9124 ], [ -68.3467, 3.9241 ], [ -68.3423, 3.9356 ], [ -68.3556, 3.9547 ], [ -68.3418, 3.9937 ], [ -68.3139, 3.9778 ], [ -68.2367, 3.9752 ], [ -68.2066, 3.9568 ], [ -68.1995, 3.9779 ], [ -68.205, 3.9975 ], [ -68.1737, 3.986 ], [ -68.1305, 4.0009 ], [ -68.1195, 3.9821 ], [ -68.1358, 3.9557 ], [ -68.1328, 3.9465 ], [ -68.1231, 3.9395 ], [ -68.1129, 3.9434 ], [ -68.0983, 3.9746 ], [ -68.0784, 3.9805 ], [ -68.0721, 3.9687 ], [ -68.0834, 3.9456 ], [ -68.079, 3.9352 ], [ -68.0449, 4.0084 ], [ -68.0345, 4.0114 ], [ -68.0248, 3.9759 ], [ -67.9959, 3.9807 ], [ -67.9662, 3.9629 ], [ -67.9374, 3.9631 ], [ -67.9249, 3.9453 ], [ -67.9196, 3.9107 ], [ -67.9136, 3.9094 ], [ -67.876, 3.9191 ], [ -67.8132, 3.9845 ], [ -67.7076, 4.045 ], [ -67.6924, 3.9362 ], [ -67.6502, 3.8689 ], [ -67.6344, 3.7856 ], [ -67.6101, 3.7539 ], [ -67.5405, 3.7565 ], [ -67.5191, 3.7752 ], [ -67.5032, 3.7694 ], [ -67.4792, 3.7048 ], [ -67.466, 3.6847 ], [ -67.448, 3.6765 ], [ -67.453, 3.6551 ], [ -67.4389, 3.6432 ], [ -67.4488, 3.6115 ], [ -67.4441, 3.5852 ], [ -67.412, 3.5389 ], [ -67.4015, 3.48 ], [ -67.3392, 3.451 ], [ -67.313, 3.3946 ], [ -67.3115, 3.3752 ], [ -67.325, 3.3639 ], [ -67.3364, 3.3317 ], [ -67.3816, 3.2926 ], [ -67.3812, 3.2484 ], [ -67.4349, 3.2485 ] ] ] } },
{ "type": "Feature", "properties": { "DPTO_CCDGO": "95", "DPTO_CNMBR": "GUAVIARE", "REGION": "Amazonia" }, "geometry": { "type": "Polygon", "coordinates": [ [ [ -71.4034, 1.719 ], [ -71.3888, 1.6571 ], [ -71.3983, 1.6292 ], [ -71.3901, 1.5986 ], [ -71.4395, 1.545 ], [ -71.4399, 1.508 ], [ -71.454, 1.4857 ], [ -71.4553, 1.4648 ], [ -71.4794, 1.4462 ], [ -71.4786, 1.4048 ], [ -71.4877, 1.3725 ], [ -71.5029, 1.3628 ], [ -71.5074, 1.3341 ], [ -71.5194, 1.3213 ], [ -71.5158, 1.3161 ], [ -71.5221, 1.3167 ], [ -71.5173, 1.3072 ], [ -71.5225, 1.3094 ], [ -71.5216, 1.2995 ], [ -71.5274, 1.3026 ], [ -71.5228, 1.2926 ], [ -71.5306, 1.2958 ], [ -71.5264, 1.278 ], [ -71.5525, 1.277 ], [ -71.5477, 1.2592 ], [ -71.5413, 1.2602 ], [ -71.5508, 1.2507 ], [ -71.5439, 1.2496 ], [ -71.5389, 1.2302 ], [ -71.5515, 1.2198 ], [ -71.553, 1.2074 ], [ -71.5431, 1.2016 ], [ -71.5347, 1.206 ], [ -71.5273, 1.191 ], [ -71.5319, 1.1797 ], [ -71.5131, 1.1727 ], [ -71.5119, 1.1498 ], [ -71.5019, 1.1478 ], [ -71.508, 1.1372 ], [ -71.4928, 1.1312 ], [ -71.4851, 1.1088 ], [ -71.5027, 1.1033 ], [ -71.5355, 1.1241 ], [ -71.5316, 1.1603 ], [ -71.5562, 1.1555 ], [ -71.54, 1.1146 ], [ -71.5523, 1.1127 ], [ -71.5633, 1.1305 ], [ -71.5712, 1.123 ], [ -71.5825, 1.1269 ], [ -71.573, 1.1209 ], [ -71.5822, 1.1194 ], [ -71.5753, 1.1081 ], [ -71.5857, 1.1115 ], [ -71.5775, 1.1052 ], [ -71.5835, 1.0956 ], [ -71.5727, 1.0912 ], [ -71.5791, 1.0891 ], [ -71.5731, 1.0872 ], [ -71.5799, 1.0853 ], [ -71.5742, 1.0806 ], [ -71.5811, 1.0794 ], [ -71.5787, 1.0723 ], [ -71.5885, 1.0686 ], [ -71.5793, 1.062 ], [ -71.5921, 1.0571 ], [ -71.5853, 1.0446 ], [ -71.6019, 1.0473 ], [ -71.6158, 1.0371 ], [ -71.6383, 0.997 ], [ -71.6656, 0.9729 ], [ -71.6884, 0.9703 ], [ -71.6921, 0.9826 ], [ -71.7102, 0.9905 ], [ -71.7403, 0.9848 ], [ -71.755, 0.9641 ], [ -71.7657, 0.9616 ], [ -71.7741, 0.9061 ], [ -71.803, 0.8888 ], [ -72.0333, 0.6639 ], [ -72.054, 0.6554 ], [ -72.0862, 0.6596 ], [ -72.0707, 0.6684 ], [ -72.0675, 0.6871 ], [ -72.0811, 0.7049 ], [ -72.094, 0.6988 ], [ -72.1098, 0.7049 ], [ -72.1251, 0.7393 ], [ -72.1417, 0.7178 ], [ -72.1649, 0.7333 ], [ -72.1609, 0.7179 ], [ -72.1665, 0.7123 ], [ -72.1908, 0.727 ], [ -72.2004, 0.702 ], [ -72.2101, 0.7001 ], [ -72.2303, 0.7162 ], [ -72.2219, 0.7473 ], [ -72.2496, 0.7895 ], [ -72.2705, 0.7939 ], [ -72.2611, 0.7758 ], [ -72.2659, 0.763 ], [ -72.2926, 0.7815 ], [ -72.3102, 0.8114 ], [ -72.2868, 0.8187 ], [ -72.3014, 0.8424 ], [ -72.2884, 0.8589 ], [ -72.2885, 0.8732 ], [ -72.2977, 0.8819 ], [ -72.3231, 0.8761 ], [ -72.3167, 0.853 ], [ -72.3288, 0.8408 ], [ -72.3436, 0.8686 ], [ -72.3324, 0.8794 ], [ -72.3469, 0.9029 ], [ -72.3399, 0.9267 ], [ -72.3544, 0.9351 ], [ -72.374, 0.9174 ], [ -72.3916, 0.9191 ], [ -72.377, 0.9602 ], [ -72.4005, 0.9674 ], [ -72.4105, 0.9868 ], [ -72.3995, 1.0039 ], [ -72.4237, 1.0227 ], [ -72.4561, 1.0803 ], [ -72.4686, 1.084 ], [ -72.4841, 1.0716 ], [ -72.5109, 1.068 ], [ -72.5206, 1.081 ], [ -72.557, 1.0936 ], [ -72.5897, 1.1249 ], [ -72.6226, 1.1362 ], [ -72.6474, 1.1808 ], [ -72.6539, 1.1807 ], [ -72.6542, 1.1595 ], [ -72.6622, 1.1508 ], [ -72.6692, 1.1632 ], [ -72.6944, 1.1638 ], [ -72.6992, 1.1822 ], [ -72.7262, 1.1858 ], [ -72.5766, 1.4863 ], [ -72.7281, 1.1828 ], [ -72.7306, 1.1605 ], [ -72.7233, 1.1489 ], [ -72.7387, 1.1511 ], [ -72.7473, 1.1294 ], [ -72.7645, 1.1326 ], [ -72.7788, 1.1503 ], [ -72.7728, 1.1825 ], [ -72.7843, 1.1753 ], [ -72.8029, 1.1827 ], [ -72.8239, 1.1782 ], [ -72.8162, 1.1681 ], [ -72.8269, 1.1489 ], [ -72.8305, 1.1566 ], [ -72.8592, 1.1648 ], [ -72.8509, 1.1582 ], [ -72.8498, 1.1431 ], [ -72.8691, 1.1466 ], [ -72.8721, 1.1354 ], [ -72.8684, 1.1214 ], [ -72.85, 1.1047 ], [ -72.8657, 1.1087 ], [ -72.8837, 1.0986 ], [ -72.8691, 1.0865 ], [ -72.8721, 1.0768 ], [ -72.8841, 1.0777 ], [ -72.8833, 1.07 ], [ -72.8608, 1.0719 ], [ -72.858, 1.0422 ], [ -72.8738, 1.0522 ], [ -72.8793, 1.0462 ], [ -72.8652, 1.0417 ], [ -72.8745, 1.0364 ], [ -72.8672, 1.0245 ], [ -72.8848, 1.0241 ], [ -72.9079, 1.0087 ], [ -72.9325, 1.0152 ], [ -72.9289, 1.0019 ], [ -72.9403, 0.98 ], [ -72.9542, 0.9836 ], [ -72.9605, 0.9608 ], [ -72.9834, 0.9552 ], [ -72.9857, 0.9617 ], [ -72.9862, 0.9518 ], [ -72.9966, 0.9517 ], [ -72.9879, 0.9281 ], [ -72.9966, 0.9227 ], [ -72.9917, 0.9333 ], [ -73.0062, 0.9333 ], [ -72.9997, 0.9251 ], [ -73.0097, 0.9105 ], [ -73.0266, 0.9215 ], [ -73.0383, 0.9024 ], [ -73.041, 0.9112 ], [ -73.0498, 0.9054 ], [ -73.0516, 0.9119 ], [ -73.0775, 0.8945 ], [ -73.0835, 0.9017 ], [ -73.0785, 0.9066 ], [ -73.1029, 0.9123 ], [ -73.1093, 0.924 ], [ -73.1307, 0.9144 ], [ -73.139, 0.9243 ], [ -73.1445, 0.9199 ], [ -73.1548, 0.9335 ], [ -73.1459, 0.9334 ], [ -73.1469, 0.9433 ], [ -73.1643, 0.9404 ], [ -73.1653, 0.9534 ], [ -73.1822, 0.9609 ], [ -73.1807, 0.971 ], [ -73.1895, 0.967 ], [ -73.1729, 0.9815 ], [ -73.1786, 1.0002 ], [ -73.1988, 0.9986 ], [ -73.2065, 1.0067 ], [ -73.2163, 0.997 ], [ -73.2349, 1.0087 ], [ -73.2478, 1.0219 ], [ -73.2389, 1.0321 ], [ -73.2465, 1.0424 ], [ -73.2524, 1.0398 ], [ -73.2516, 1.0488 ], [ -73.2788, 1.0473 ], [ -73.282, 1.0668 ], [ -73.3228, 1.0808 ], [ -73.3193, 1.0868 ], [ -73.3344, 1.0939 ], [ -73.3329, 1.1011 ], [ -73.3405, 1.0992 ], [ -73.3337, 1.1132 ], [ -73.3436, 1.1234 ], [ -73.3557, 1.1203 ], [ -73.3573, 1.1284 ], [ -73.3734, 1.1313 ], [ -73.375, 1.1419 ], [ -73.393, 1.1474 ], [ -73.393, 1.1719 ], [ -73.411, 1.174 ], [ -73.4211, 1.1909 ], [ -73.4073, 1.2057 ], [ -73.4168, 1.2072 ], [ -73.4242, 1.2235 ], [ -73.4153, 1.2258 ], [ -73.4087, 1.2414 ], [ -73.4319, 1.2589 ], [ -73.4223, 1.2804 ], [ -73.4283, 1.2959 ], [ -73.4561, 1.2946 ], [ -73.4515, 1.3043 ], [ -73.4613, 1.3123 ], [ -73.4552, 1.321 ], [ -73.483, 1.3703 ], [ -73.5032, 1.37 ], [ -73.5103, 1.3885 ], [ -73.5351, 1.3899 ], [ -73.5481, 1.4072 ], [ -73.5473, 1.438 ], [ -73.5779, 1.4687 ], [ -73.5845, 1.487 ], [ -73.607, 1.5017 ], [ -73.6153, 1.527 ], [ -73.6434, 1.5516 ], [ -73.6583, 1.5764 ], [ -73.6639, 1.5934 ], [ -73.658, 1.6074 ], [ -73.6611, 2.2941 ], [ -73.6447, 2.2838 ], [ -73.6334, 2.2883 ], [ -73.6287, 2.2985 ], [ -73.635, 2.3257 ], [ -73.6138, 2.3411 ], [ -73.6308, 2.3527 ], [ -73.6324, 2.3624 ], [ -73.589, 2.3901 ], [ -73.5824, 2.378 ], [ -73.5854, 2.3596 ], [ -73.5733, 2.3548 ], [ -73.5262, 2.3865 ], [ -73.5143, 2.3528 ], [ -73.5186, 2.3366 ], [ -73.5123, 2.3329 ], [ -73.505, 2.3376 ], [ -73.5059, 2.3564 ], [ -73.474, 2.3618 ], [ -73.4642, 2.3556 ], [ -73.4608, 2.3391 ], [ -73.4503, 2.3397 ], [ -73.4458, 2.3496 ], [ -73.4557, 2.3824 ], [ -73.4418, 2.3862 ], [ -73.4308, 2.3592 ], [ -73.441, 2.3382 ], [ -73.438, 2.3276 ], [ -73.4259, 2.3272 ], [ -73.4241, 2.3496 ], [ -73.4116, 2.3569 ], [ -73.3893, 2.3499 ], [ -73.3967, 2.3304 ], [ -73.3864, 2.324 ], [ -73.3746, 2.3302 ], [ -73.3744, 2.363 ], [ -73.3601, 2.3683 ], [ -73.3451, 2.3538 ], [ -73.36, 2.3337 ], [ -73.3567, 2.3241 ], [ -73.3332, 2.3333 ], [ -73.3363, 2.3555 ], [ -73.3304, 2.3604 ], [ -73.32, 2.359 ], [ -73.3006, 2.336 ], [ -73.2674, 2.3588 ], [ -73.2425, 2.3473 ], [ -73.2412, 2.3713 ], [ -73.2634, 2.3719 ], [ -73.2679, 2.3809 ], [ -73.2259, 2.3889 ], [ -73.2165, 2.4055 ], [ -73.2112, 2.3991 ], [ -73.2177, 2.3864 ], [ -73.2016, 2.3825 ], [ -73.1801, 2.3985 ], [ -73.1657, 2.3994 ], [ -73.1635, 2.3654 ], [ -73.1241, 2.3788 ], [ -73.1413, 2.3971 ], [ -73.1278, 2.411 ], [ -73.1184, 2.4081 ], [ -73.1106, 2.381 ], [ -73.0695, 2.4251 ], [ -73.0537, 2.4274 ], [ -73.0452, 2.4379 ], [ -73.0328, 2.4126 ], [ -72.9861, 2.4519 ], [ -72.9658, 2.4484 ], [ -72.9718, 2.4657 ], [ -72.9626, 2.4802 ], [ -72.9348, 2.4641 ], [ -72.9276, 2.4756 ], [ -72.9327, 2.497 ], [ -72.9432, 2.5039 ], [ -72.9542, 2.4949 ], [ -72.9583, 2.5085 ], [ -72.9497, 2.5227 ], [ -72.921, 2.5344 ], [ -72.9203, 2.5625 ], [ -72.8981, 2.5632 ], [ -72.8685, 2.5781 ], [ -72.8182, 2.614 ], [ -72.7987, 2.6117 ], [ -72.7889, 2.5889 ], [ -72.7616, 2.5731 ], [ -72.7397, 2.5699 ], [ -72.7197, 2.5847 ], [ -72.7022, 2.6178 ], [ -72.6794, 2.6222 ], [ -72.6664, 2.6088 ], [ -72.6631, 2.5743 ], [ -72.653, 2.5715 ], [ -72.6431, 2.5808 ], [ -72.6459, 2.6024 ], [ -72.6209, 2.6274 ], [ -72.6027, 2.6197 ], [ -72.599, 2.5857 ], [ -72.5864, 2.5837 ], [ -72.5805, 2.592 ], [ -72.5867, 2.6393 ], [ -72.5558, 2.6499 ], [ -72.555, 2.6603 ], [ -72.5696, 2.6647 ], [ -72.5714, 2.6741 ], [ -72.5651, 2.682 ], [ -72.5372, 2.6828 ], [ -72.5363, 2.7027 ], [ -72.5073, 2.6902 ], [ -72.4722, 2.6893 ], [ -72.4638, 2.7024 ], [ -72.4706, 2.7338 ], [ -72.4346, 2.74 ], [ -72.4067, 2.726 ], [ -72.382, 2.7449 ], [ -72.3584, 2.7811 ], [ -72.3355, 2.7967 ], [ -72.313, 2.7991 ], [ -72.295, 2.7741 ], [ -72.28, 2.7758 ], [ -72.2665, 2.7871 ], [ -72.2722, 2.8129 ], [ -72.2595, 2.8247 ], [ -72.2475, 2.8199 ], [ -72.2151, 2.7757 ], [ -72.1929, 2.7723 ], [ -72.184, 2.7903 ], [ -72.2058, 2.8148 ], [ -72.2027, 2.864 ], [ -72.1828, 2.8752 ], [ -72.144, 2.8647 ], [ -72.1352, 2.8889 ], [ -72.116, 2.8808 ], [ -72.1, 2.8406 ], [ -72.0821, 2.8259 ], [ -72.0516, 2.8167 ], [ -72.0049, 2.8294 ], [ -71.9922, 2.8235 ], [ -71.9819, 2.8012 ], [ -71.9539, 2.8317 ], [ -71.9118, 2.8278 ], [ -71.8555, 2.8427 ], [ -71.8279, 2.8375 ], [ -71.819, 2.8559 ], [ -71.8231, 2.87 ], [ -71.8509, 2.8716 ], [ -71.8206, 2.8791 ], [ -71.7884, 2.8695 ], [ -71.7892, 2.8219 ], [ -71.78, 2.8178 ], [ -71.758, 2.853 ], [ -71.7676, 2.8882 ], [ -71.7619, 2.8973 ], [ -71.6971, 2.8381 ], [ -71.6833, 2.8502 ], [ -71.6815, 2.8717 ], [ -71.662, 2.8727 ], [ -71.658, 2.861 ], [ -71.6739, 2.8258 ], [ -71.6522, 2.8202 ], [ -71.634, 2.8249 ], [ -71.6278, 2.8376 ], [ -71.6106, 2.8463 ], [ -71.5752, 2.8443 ], [ -71.5718, 2.8525 ], [ -71.5832, 2.8723 ], [ -71.5451, 2.8591 ], [ -71.5299, 2.8785 ], [ -71.5207, 2.879 ], [ -71.4931, 2.8711 ], [ -71.4818, 2.8544 ], [ -71.4703, 2.8531 ], [ -71.4635, 2.8615 ], [ -71.4684, 2.8924 ], [ -71.4634, 2.8993 ], [ -71.3912, 2.8439 ], [ -71.3798, 2.8698 ], [ -71.3827, 2.8875 ], [ -71.3616, 2.8905 ], [ -71.3585, 2.8619 ], [ -71.3477, 2.8582 ], [ -71.3276, 2.8956 ], [ -71.3308, 2.9213 ], [ -71.3127, 2.9246 ], [ -71.3008, 2.9089 ], [ -71.2996, 2.8756 ], [ -71.2837, 2.8678 ], [ -71.2596, 2.8862 ], [ -71.2518, 2.8824 ], [ -71.2472, 2.8628 ], [ -71.2218, 2.8656 ], [ -71.2132, 2.8859 ], [ -71.1903, 2.8916 ], [ -71.1835, 2.9048 ], [ -71.1514, 2.8722 ], [ -71.1388, 2.8828 ], [ -71.1372, 2.9039 ], [ -71.1158, 2.8752 ], [ -71.0758, 2.8822 ], [ -71.0581, 2.8528 ], [ -71.0275, 2.8464 ], [ -71.0106, 2.8568 ], [ -70.9885, 2.8291 ], [ -70.9546, 2.8421 ], [ -70.9479, 2.818 ], [ -70.962, 2.8005 ], [ -70.9466, 2.7856 ], [ -70.9314, 2.7948 ], [ -70.9251, 2.8154 ], [ -70.9412, 2.8378 ], [ -70.9381, 2.8573 ], [ -70.9113, 2.8499 ], [ -70.899, 2.8087 ], [ -70.8837, 2.7926 ], [ -70.871, 2.7993 ], [ -70.8835, 2.8354 ], [ -70.8761, 2.8474 ], [ -70.8542, 2.8232 ], [ -70.8705, 2.7976 ], [ -70.8714, 2.7778 ], [ -70.8624, 2.7766 ], [ -70.8451, 2.8012 ], [ -70.8216, 2.8131 ], [ -70.8081, 2.8113 ], [ -70.7964, 2.7944 ], [ -70.799, 2.7757 ], [ -70.8153, 2.7679 ], [ -70.8113, 2.76 ], [ -70.7544, 2.7702 ], [ -70.7248, 2.7952 ], [ -70.7168, 2.7809 ], [ -70.7205, 2.7498 ], [ -70.7092, 2.7371 ], [ -70.689, 2.7574 ], [ -70.6817, 2.7778 ], [ -70.6578, 2.7809 ], [ -70.6404, 2.8026 ], [ -70.6402, 2.8215 ], [ -70.6645, 2.847 ], [ -70.6601, 2.8574 ], [ -70.6354, 2.8488 ], [ -70.6324, 2.8099 ], [ -70.6203, 2.7926 ], [ -70.6067, 2.7989 ], [ -70.5972, 2.8363 ], [ -70.5873, 2.8405 ], [ -70.5012, 2.788 ], [ -70.9425, 2.6067 ], [ -70.93, 2.5732 ], [ -70.9168, 2.56 ], [ -70.9025, 2.5667 ], [ -70.8886, 2.5573 ], [ -70.8529, 2.5703 ], [ -70.8381, 2.5563 ], [ -70.8293, 2.5327 ], [ -70.793, 2.5201 ], [ -70.7699, 2.5394 ], [ -70.7502, 2.5339 ], [ -70.7457, 2.5046 ], [ -70.7332, 2.485 ], [ -70.7063, 2.4717 ], [ -70.6998, 2.4532 ], [ -70.6797, 2.441 ], [ -70.6809, 2.4192 ], [ -70.6348, 2.3477 ], [ -70.6302, 2.3131 ], [ -70.5868, 2.2891 ], [ -70.5737, 2.2946 ], [ -70.5474, 2.2864 ], [ -70.5442, 2.277 ], [ -70.5258, 2.2683 ], [ -70.5157, 2.2844 ], [ -70.5085, 2.2806 ], [ -70.5078, 2.265 ], [ -70.489, 2.2554 ], [ -70.4949, 2.25 ], [ -70.5134, 2.2573 ], [ -70.5143, 2.2451 ], [ -70.4968, 2.2337 ], [ -70.4731, 2.2437 ], [ -70.4647, 2.2334 ], [ -70.4544, 2.2435 ], [ -70.4644, 2.2494 ], [ -70.4582, 2.2573 ], [ -70.4208, 2.2686 ], [ -70.4186, 2.2558 ], [ -70.4079, 2.2552 ], [ -70.399, 2.2678 ], [ -70.3862, 2.2472 ], [ -70.3659, 2.2355 ], [ -70.342, 2.2479 ], [ -70.3413, 2.2332 ], [ -70.3141, 2.2081 ], [ -70.2928, 2.2285 ], [ -70.3055, 2.2529 ], [ -70.2736, 2.2374 ], [ -70.2435, 2.2653 ], [ -70.2351, 2.2571 ], [ -70.2492, 2.2505 ], [ -70.2473, 2.2433 ], [ -70.2318, 2.2399 ], [ -70.2252, 2.2474 ], [ -70.2147, 2.234 ], [ -70.2047, 2.2419 ], [ -70.1944, 2.2298 ], [ -70.1827, 2.2401 ], [ -70.1914, 2.2526 ], [ -70.1745, 2.2374 ], [ -70.1568, 2.2399 ], [ -70.1597, 2.2651 ], [ -70.1482, 2.2492 ], [ -70.1417, 2.2512 ], [ -70.1379, 2.2638 ], [ -70.1531, 2.268 ], [ -70.1467, 2.2777 ], [ -70.1229, 2.2634 ], [ -70.108, 2.2685 ], [ -70.1028, 2.2621 ], [ -70.0852, 2.2632 ], [ -70.0692, 2.294 ], [ -70.047, 2.2942 ], [ -70.0531, 2.278 ], [ -70.0365, 2.2662 ], [ -70.0264, 2.2724 ], [ -70.0314, 2.2583 ], [ -70.0225, 2.2571 ], [ -70.0241, 2.2353 ], [ -69.996, 2.2244 ], [ -69.9952, 2.2087 ], [ -70.0059, 2.2076 ], [ -70.013, 2.1924 ], [ -70.0066, 2.1821 ], [ -70.0362, 2.182 ], [ -70.0271, 2.1746 ], [ -70.0336, 2.1585 ], [ -70.0553, 2.1619 ], [ -70.0584, 2.1457 ], [ -70.0913, 2.1274 ], [ -70.1005, 2.1297 ], [ -70.0922, 2.122 ], [ -70.1193, 2.1103 ], [ -70.1038, 2.0945 ], [ -70.1126, 2.0869 ], [ -70.1088, 2.0802 ], [ -70.1395, 2.0623 ], [ -70.1515, 2.0716 ], [ -70.181, 2.0248 ], [ -70.1907, 2.0234 ], [ -70.194, 2.0306 ], [ -70.2056, 2.0189 ], [ -70.2296, 2.0343 ], [ -70.2385, 2.0243 ], [ -70.2505, 2.0294 ], [ -70.2607, 2.0141 ], [ -70.2651, 2.0235 ], [ -70.2764, 2.0145 ], [ -70.2758, 2.0195 ], [ -70.3055, 2.014 ], [ -70.3063, 2.0068 ], [ -70.3176, 2.0128 ], [ -70.3225, 1.9978 ], [ -70.3302, 1.9991 ], [ -70.3298, 1.9934 ], [ -70.3393, 2.0003 ], [ -70.3407, 1.9885 ], [ -70.3479, 1.9923 ], [ -70.3511, 1.983 ], [ -70.3552, 1.9896 ], [ -70.3648, 1.9856 ], [ -70.3681, 2.0036 ], [ -70.3791, 2.0042 ], [ -70.3764, 1.9885 ], [ -70.3865, 1.9852 ], [ -70.3987, 1.9989 ], [ -70.4208, 1.9865 ], [ -70.4347, 1.9997 ], [ -70.4421, 1.9864 ], [ -70.4656, 1.9829 ], [ -70.458, 1.9715 ], [ -70.4665, 1.9717 ], [ -70.4644, 1.963 ], [ -70.4853, 1.9631 ], [ -70.4799, 1.9593 ], [ -70.489, 1.9535 ], [ -70.4866, 1.9458 ], [ -70.5022, 1.9499 ], [ -70.5111, 1.9404 ], [ -70.514, 1.957 ], [ -70.5239, 1.9472 ], [ -70.5309, 1.9571 ], [ -70.5496, 1.938 ], [ -70.5619, 1.9409 ], [ -70.5791, 1.9286 ], [ -70.5903, 1.9388 ], [ -70.6097, 1.9218 ], [ -70.6209, 1.93 ], [ -70.617, 1.9208 ], [ -70.6345, 1.9187 ], [ -70.6365, 1.9032 ], [ -70.6626, 1.9139 ], [ -70.6681, 1.9026 ], [ -70.6785, 1.9077 ], [ -70.6812, 1.9013 ], [ -70.683, 1.9091 ], [ -70.6911, 1.8977 ], [ -70.6956, 1.9088 ], [ -70.705, 1.9064 ], [ -70.6999, 1.9128 ], [ -70.7166, 1.919 ], [ -70.7199, 1.9103 ], [ -70.7213, 1.9189 ], [ -70.7331, 1.9239 ], [ -70.7454, 1.9212 ], [ -70.743, 1.9081 ], [ -70.7611, 1.91 ], [ -70.7705, 1.9276 ], [ -70.7732, 1.92 ], [ -70.7813, 1.9221 ], [ -70.7799, 1.9123 ], [ -70.7957, 1.9174 ], [ -70.801, 1.9056 ], [ -70.8343, 1.919 ], [ -70.8326, 1.9106 ], [ -70.847, 1.9206 ], [ -70.8525, 1.9113 ], [ -70.8605, 1.9169 ], [ -70.8661, 1.9088 ], [ -70.8792, 1.9333 ], [ -70.8847, 1.9216 ], [ -70.8947, 1.9275 ], [ -70.89, 1.9201 ], [ -70.9082, 1.8954 ], [ -70.9026, 1.8883 ], [ -70.9349, 1.8741 ], [ -70.9443, 1.8651 ], [ -70.9412, 1.8586 ], [ -70.9648, 1.8405 ], [ -70.9896, 1.8345 ], [ -70.9867, 1.825 ], [ -71.0001, 1.8152 ], [ -71.005, 1.8246 ], [ -71.0127, 1.8141 ], [ -71.02, 1.8212 ], [ -71.0246, 1.8105 ], [ -71.042, 1.8174 ], [ -71.0484, 1.8041 ], [ -71.0647, 1.7983 ], [ -71.0694, 1.8065 ], [ -71.082, 1.7979 ], [ -71.0934, 1.8021 ], [ -71.0865, 1.7933 ], [ -71.0926, 1.7811 ], [ -71.1258, 1.7831 ], [ -71.1279, 1.7714 ], [ -71.1745, 1.7485 ], [ -71.2453, 1.6725 ], [ -71.2589, 1.6679 ], [ -71.3134, 1.7136 ], [ -71.3304, 1.7051 ], [ -71.3678, 1.7389 ], [ -71.3923, 1.7353 ], [ -71.4034, 1.719 ] ] ] } },
{ "type": "Feature", "properties": { "DPTO_CCDGO": "97", "DPTO_CNMBR": "VAUPÉS", "REGION": "Amazonia" }, "geometry": { "type": "Polygon", "coordinates": [ [ [ -70.0533, -0.1892 ], [ -70.0001, -0.2229 ], [ -69.9698, -0.2684 ], [ -69.9509, -0.2793 ], [ -69.9456, -0.2938 ], [ -69.9361, -0.2942 ], [ -69.9207, -0.3256 ], [ -69.8896, -0.3418 ], [ -69.8823, -0.3341 ], [ -69.8448, -0.3376 ], [ -69.8291, -0.3755 ], [ -69.8116, -0.3726 ], [ -69.79, -0.3926 ], [ -69.7744, -0.3913 ], [ -69.7269, -0.446 ], [ -69.7198, -0.4431 ], [ -69.7095, -0.4544 ], [ -69.6966, -0.4507 ], [ -69.695, -0.4594 ], [ -69.6813, -0.4606 ], [ -69.6796, -0.4674 ], [ -69.6664, -0.4644 ], [ -69.6423, -0.4802 ], [ -69.6413, -0.4937 ], [ -69.6085, -0.5006 ], [ -69.6144, -0.5344 ], [ -69.5915, -0.561 ], [ -69.6035, -0.5957 ], [ -69.5886, -0.6023 ], [ -69.5862, -0.6182 ], [ -69.5778, -0.6144 ], [ -69.569, -0.6222 ], [ -69.5746, -0.6305 ], [ -69.562, -0.6367 ], [ -69.5754, -0.6501 ], [ -69.5735, -0.6618 ], [ -69.5817, -0.6607 ], [ -69.5758, -0.6667 ], [ -69.5851, -0.6718 ], [ -69.5825, -0.6809 ], [ -69.595, -0.6851 ], [ -69.593, -0.6916 ], [ -69.5991, -0.6879 ], [ -69.6056, -0.7209 ], [ -69.6162, -0.719 ], [ -69.6078, -0.7259 ], [ -69.6237, -0.7289 ], [ -69.6242, -0.7367 ], [ -69.6162, -0.7373 ], [ -69.6256, -0.7456 ], [ -69.6152, -0.7459 ], [ -69.6187, -0.7576 ], [ -69.6062, -0.755 ], [ -69.6121, -0.7654 ], [ -69.6029, -0.7675 ], [ -69.5965, -0.7791 ], [ -69.6016, -0.7842 ], [ -69.5862, -0.7814 ], [ -69.5834, -0.8005 ], [ -69.5745, -0.7989 ], [ -69.5753, -0.8095 ], [ -69.5645, -0.8067 ], [ -69.5583, -0.8186 ], [ -69.5733, -0.8387 ], [ -69.5257, -0.8688 ], [ -69.5321, -0.8736 ], [ -69.5235, -0.8752 ], [ -69.5303, -0.8791 ], [ -69.5217, -0.8924 ], [ -69.5311, -0.8947 ], [ -69.5208, -0.8999 ], [ -69.5347, -0.9043 ], [ -69.5267, -0.9086 ], [ -69.5283, -0.9245 ], [ -69.5157, -0.9325 ], [ -69.5101, -0.9274 ], [ -69.4995, -0.9494 ], [ -69.4918, -0.9445 ], [ -69.4924, -0.9528 ], [ -69.4859, -0.9479 ], [ -69.4713, -0.9577 ], [ -69.4623, -0.9677 ], [ -69.4673, -0.9827 ], [ -69.4591, -0.9938 ], [ -69.4386, -0.9905 ], [ -69.4347, -1.0041 ], [ -69.4182, -0.999 ], [ -69.4216, -1.0076 ], [ -69.4321, -1.006 ], [ -69.4199, -1.0111 ], [ -69.4348, -1.0146 ], [ -69.437, -1.0285 ], [ -69.4451, -1.023 ], [ -69.4426, -1.034 ], [ -69.4186, -1.0436 ], [ -69.4306, -1.0608 ], [ -69.4199, -1.0689 ], [ -69.4626, -1.0776 ], [ -69.4706, -1.097 ], [ -69.4609, -1.1384 ], [ -69.4892, -1.1511 ], [ -69.4656, -1.1746 ], [ -69.4678, -1.1998 ], [ -69.4815, -1.2138 ], [ -69.5056, -1.2174 ], [ -69.539, -1.1919 ], [ -69.5647, -1.1933 ], [ -69.5778, -1.1553 ], [ -69.5925, -1.1458 ], [ -69.6145, -1.1627 ], [ -69.6331, -1.1664 ], [ -69.6382, -1.2144 ], [ -69.6499, -1.2268 ], [ -69.6661, -1.2254 ], [ -69.6804, -1.2007 ], [ -69.6809, -1.1213 ], [ -69.6615, -1.1165 ], [ -69.6523, -1.1337 ], [ -69.6497, -1.1158 ], [ -69.7047, -1.0478 ], [ -69.7251, -1.0383 ], [ -69.7378, -1.0424 ], [ -69.7495, -1.0276 ], [ -69.7747, -1.041 ], [ -69.7576, -1.0735 ], [ -69.7348, -1.0813 ], [ -69.7454, -1.0975 ], [ -69.7809, -1.0894 ], [ -69.8148, -1.0355 ], [ -69.8303, -1.0278 ], [ -69.8534, -1.0388 ], [ -69.8764, -1.0786 ], [ -69.9104, -1.0809 ], [ -69.9401, -1.0971 ], [ -69.9609, -1.0933 ], [ -69.971, -1.0687 ], [ -69.9412, -1.0331 ], [ -69.954, -0.9951 ], [ -69.9211, -0.973 ], [ -69.907, -0.9804 ], [ -69.9018, -0.9747 ], [ -69.9377, -0.9471 ], [ -69.9582, -0.9678 ], [ -69.9968, -0.9765 ], [ -70.0079, -0.9661 ], [ -70.001, -0.9455 ], [ -70.0203, -0.9376 ], [ -70.0263, -0.9476 ], [ -70.0231, -0.9715 ], [ -70.0393, -0.9809 ], [ -70.0737, -0.948 ], [ -70.1066, -0.9568 ], [ -70.1369, -0.9911 ], [ -70.1379, -1.0104 ], [ -70.1256, -1.0213 ], [ -70.106, -1.011 ], [ -70.0874, -1.0126 ], [ -70.079, -1.0374 ], [ -70.1136, -1.0785 ], [ -70.1263, -1.1092 ], [ -70.1493, -1.117 ], [ -70.175, -1.1063 ], [ -70.1779, -1.0746 ], [ -70.2119, -1.0677 ], [ -70.2271, -1.0512 ], [ -70.2245, -1.0321 ], [ -70.2006, -1.0105 ], [ -70.1975, -0.9851 ], [ -70.2199, -0.9853 ], [ -70.2321, -1.0146 ], [ -70.2452, -1.0218 ], [ -70.2683, -1.0138 ], [ -70.3036, -0.976 ], [ -70.3066, -0.9592 ], [ -70.2959, -0.9365 ], [ -70.2606, -0.938 ], [ -70.2509, -0.9105 ], [ -70.2213, -0.8863 ], [ -70.2589, -0.8318 ], [ -70.2899, -0.8088 ], [ -70.2971, -0.7913 ], [ -70.2902, -0.7525 ], [ -70.2488, -0.7394 ], [ -70.2619, -0.7115 ], [ -70.2524, -0.6718 ], [ -70.2608, -0.6533 ], [ -70.2561, -0.6029 ], [ -70.2822, -0.5582 ], [ -70.2999, -0.5593 ], [ -70.3012, -0.5834 ], [ -70.3097, -0.5903 ], [ -70.3243, -0.5806 ], [ -70.3248, -0.5598 ], [ -70.2934, -0.514 ], [ -70.2623, -0.4965 ], [ -70.2445, -0.4699 ], [ -70.2097, -0.4778 ], [ -70.2001, -0.4691 ], [ -70.2116, -0.4401 ], [ -70.223, -0.4358 ], [ -70.2439, -0.446 ], [ -70.2551, -0.4334 ], [ -70.2498, -0.4317 ], [ -70.2883, -0.4129 ], [ -70.3098, -0.4415 ], [ -70.334, -0.4382 ], [ -70.3627, -0.452 ], [ -70.365, -0.4641 ], [ -70.3522, -0.4721 ], [ -70.3212, -0.4698 ], [ -70.3222, -0.4898 ], [ -70.339, -0.5007 ], [ -70.3782, -0.4976 ], [ -70.3877, -0.4681 ], [ -70.3996, -0.4629 ], [ -70.4588, -0.4948 ], [ -70.4647, -0.4817 ], [ -70.4484, -0.4603 ], [ -70.4526, -0.4397 ], [ -70.4776, -0.4005 ], [ -70.5193, -0.3577 ], [ -70.5287, -0.3579 ], [ -70.5312, -0.3747 ], [ -70.5473, -0.3631 ], [ -70.5607, -0.3659 ], [ -70.569, -0.3896 ], [ -70.5795, -0.392 ], [ -70.6304, -0.3199 ], [ -70.6555, -0.3336 ], [ -70.6656, -0.3499 ], [ -70.678, -0.3521 ], [ -70.7345, -0.287 ], [ -70.767, -0.2964 ], [ -70.7801, -0.3123 ], [ -70.7595, -0.3191 ], [ -70.7621, -0.3311 ], [ -70.806, -0.3462 ], [ -70.8097, -0.3639 ], [ -70.8262, -0.3657 ], [ -70.8427, -0.3277 ], [ -70.865, -0.3097 ], [ -70.8679, -0.2904 ], [ -70.8782, -0.28 ], [ -70.8726, -0.2611 ], [ -70.8831, -0.2139 ], [ -70.9151, -0.2018 ], [ -70.9173, -0.1838 ], [ -70.9447, -0.1595 ], [ -70.9462, -0.1448 ], [ -70.9345, -0.1317 ], [ -70.9172, -0.1227 ], [ -70.9016, -0.1325 ], [ -70.8921, -0.1131 ], [ -70.899, -0.1016 ], [ -70.925, -0.0916 ], [ -70.9273, -0.0518 ], [ -70.9613, -0.0398 ], [ -70.9729, -0.0268 ], [ -70.9689, -0.0093 ], [ -71.0017, -0.0038 ], [ -71.0186, -0.0183 ], [ -71.0121, -0.0415 ], [ -71.0311, -0.0474 ], [ -71.0531, -0.0277 ], [ -71.0359, -0.0123 ], [ -71.0395, -0.0045 ], [ -71.0646, -0.0101 ], [ -71.0814, 0.0015 ], [ -71.095, -0.0082 ], [ -71.1043, 0.026 ], [ -71.1134, 0.0236 ], [ -71.1216, 0.005 ], [ -71.134, 0.0042 ], [ -71.1495, 0.0387 ], [ -71.1454, 0.0629 ], [ -71.1843, 0.0971 ], [ -71.1923, 0.0941 ], [ -71.1871, 0.0812 ], [ -71.2258, 0.0542 ], [ -71.2349, 0.0664 ], [ -71.2503, 0.0578 ], [ -71.2644, 0.0701 ], [ -71.2927, 0.0684 ], [ -71.2975, 0.0726 ], [ -71.2903, 0.0959 ], [ -71.3285, 0.1129 ], [ -71.321, 0.1363 ], [ -71.3352, 0.155 ], [ -71.3437, 0.1524 ], [ -71.3419, 0.1383 ], [ -71.3654, 0.1446 ], [ -71.3731, 0.1721 ], [ -71.3996, 0.1859 ], [ -71.4088, 0.1507 ], [ -71.4496, 0.139 ], [ -71.4703, 0.1526 ], [ -71.4567, 0.1631 ], [ -71.4556, 0.1741 ], [ -71.4735, 0.185 ], [ -71.4952, 0.1348 ], [ -71.5164, 0.1322 ], [ -71.5297, 0.1199 ], [ -71.545, 0.131 ], [ -71.5261, 0.1525 ], [ -71.5315, 0.1652 ], [ -71.5483, 0.1739 ], [ -71.5899, 0.1663 ], [ -71.5608, 0.2163 ], [ -71.5711, 0.2153 ], [ -71.6058, 0.1833 ], [ -71.6361, 0.183 ], [ -71.6171, 0.1929 ], [ -71.6275, 0.2048 ], [ -71.6241, 0.2159 ], [ -71.6439, 0.2096 ], [ -71.6979, 0.2375 ], [ -71.7263, 0.281 ], [ -71.7009, 0.2996 ], [ -71.705, 0.3184 ], [ -71.7272, 0.3086 ], [ -71.7372, 0.2857 ], [ -71.7513, 0.2972 ], [ -71.7537, 0.3324 ], [ -71.7693, 0.3275 ], [ -71.7891, 0.3357 ], [ -71.7852, 0.3454 ], [ -71.7735, 0.3484 ], [ -71.767, 0.3696 ], [ -71.7889, 0.3638 ], [ -71.8148, 0.3736 ], [ -71.8019, 0.3553 ], [ -71.8235, 0.3394 ], [ -71.8531, 0.3524 ], [ -71.8347, 0.3676 ], [ -71.8363, 0.3951 ], [ -71.8234, 0.4057 ], [ -71.8469, 0.4136 ], [ -71.8473, 0.4381 ], [ -71.859, 0.457 ], [ -71.8871, 0.4694 ], [ -71.8898, 0.4476 ], [ -71.9042, 0.4428 ], [ -71.9194, 0.451 ], [ -71.9208, 0.4601 ], [ -71.9015, 0.472 ], [ -71.929, 0.4866 ], [ -71.9291, 0.4972 ], [ -71.9131, 0.5145 ], [ -71.9293, 0.5534 ], [ -71.9414, 0.571 ], [ -71.9434, 0.5506 ], [ -71.9531, 0.54 ], [ -71.9639, 0.556 ], [ -71.9898, 0.563 ], [ -71.9907, 0.589 ], [ -72.0118, 0.5977 ], [ -71.995, 0.6066 ], [ -71.9815, 0.632 ], [ -71.995, 0.6331 ], [ -71.9993, 0.6588 ], [ -72.0137, 0.6533 ], [ -72.0332, 0.6643 ], [ -71.8034, 0.8881 ], [ -71.7741, 0.9061 ], [ -71.7657, 0.9616 ], [ -71.755, 0.9641 ], [ -71.7403, 0.9848 ], [ -71.7102, 0.9905 ], [ -71.6921, 0.9826 ], [ -71.6884, 0.9703 ], [ -71.6656, 0.9729 ], [ -71.6383, 0.997 ], [ -71.6158, 1.0371 ], [ -71.6019, 1.0473 ], [ -71.5851, 1.0447 ], [ -71.5921, 1.0571 ], [ -71.5793, 1.062 ], [ -71.5885, 1.0686 ], [ -71.5787, 1.0723 ], [ -71.5811, 1.0794 ], [ -71.5742, 1.0806 ], [ -71.5799, 1.0853 ], [ -71.5731, 1.0872 ], [ -71.5791, 1.0891 ], [ -71.5727, 1.0912 ], [ -71.5835, 1.0956 ], [ -71.5775, 1.1052 ], [ -71.5857, 1.1115 ], [ -71.5753, 1.1081 ], [ -71.5822, 1.1194 ], [ -71.573, 1.1209 ], [ -71.5825, 1.1269 ], [ -71.5712, 1.123 ], [ -71.5633, 1.1305 ], [ -71.5523, 1.1127 ], [ -71.54, 1.1146 ], [ -71.5562, 1.1555 ], [ -71.5316, 1.1603 ], [ -71.5365, 1.1265 ], [ -71.5224, 1.113 ], [ -71.5005, 1.1031 ], [ -71.4841, 1.1105 ], [ -71.4928, 1.1312 ], [ -71.508, 1.1372 ], [ -71.5019, 1.1478 ], [ -71.5119, 1.1498 ], [ -71.5131, 1.1727 ], [ -71.5319, 1.1797 ], [ -71.5273, 1.191 ], [ -71.5347, 1.206 ], [ -71.5431, 1.2016 ], [ -71.553, 1.2074 ], [ -71.5515, 1.2198 ], [ -71.5389, 1.2302 ], [ -71.5439, 1.2496 ], [ -71.5508, 1.2507 ], [ -71.5413, 1.2602 ], [ -71.5477, 1.2592 ], [ -71.5525, 1.277 ], [ -71.5264, 1.278 ], [ -71.5306, 1.2958 ], [ -71.5228, 1.2926 ], [ -71.5274, 1.3026 ], [ -71.5216, 1.2995 ], [ -71.5225, 1.3094 ], [ -71.5173, 1.3072 ], [ -71.5221, 1.3167 ], [ -71.5158, 1.3161 ], [ -71.5194, 1.3213 ], [ -71.5074, 1.3341 ], [ -71.5029, 1.3628 ], [ -71.4877, 1.3725 ], [ -71.4786, 1.4048 ], [ -71.4794, 1.4462 ], [ -71.4553, 1.4648 ], [ -71.454, 1.4857 ], [ -71.4399, 1.508 ], [ -71.4395, 1.545 ], [ -71.3902, 1.5982 ], [ -71.3983, 1.6292 ], [ -71.3888, 1.6571 ], [ -71.4031, 1.7226 ], [ -71.3938, 1.7354 ], [ -71.3669, 1.7362 ], [ -71.332, 1.7058 ], [ -71.3139, 1.7139 ], [ -71.2918, 1.6891 ], [ -71.2536, 1.6707 ], [ -71.2469, 1.6526 ], [ -71.2531, 1.6714 ], [ -71.1745, 1.7485 ], [ -71.1279, 1.7714 ], [ -71.1258, 1.7831 ], [ -71.0926, 1.7811 ], [ -71.0865, 1.7933 ], [ -71.0934, 1.8021 ], [ -71.082, 1.7979 ], [ -71.0694, 1.8065 ], [ -71.0647, 1.7983 ], [ -71.0484, 1.8041 ], [ -71.042, 1.8174 ], [ -71.0246, 1.8105 ], [ -71.02, 1.8212 ], [ -71.0127, 1.8141 ], [ -71.005, 1.8246 ], [ -71.0001, 1.8152 ], [ -70.9867, 1.825 ], [ -70.9896, 1.8345 ], [ -70.9648, 1.8405 ], [ -70.9412, 1.8586 ], [ -70.9443, 1.8651 ], [ -70.9349, 1.8741 ], [ -70.9026, 1.8883 ], [ -70.9082, 1.8954 ], [ -70.89, 1.9201 ], [ -70.8947, 1.9275 ], [ -70.8847, 1.9216 ], [ -70.8796, 1.9332 ], [ -70.8661, 1.9088 ], [ -70.8605, 1.9169 ], [ -70.8525, 1.9113 ], [ -70.847, 1.9206 ], [ -70.8326, 1.9106 ], [ -70.8343, 1.919 ], [ -70.801, 1.9056 ], [ -70.7957, 1.9174 ], [ -70.7799, 1.9123 ], [ -70.7813, 1.9221 ], [ -70.7732, 1.92 ], [ -70.7705, 1.9276 ], [ -70.7611, 1.91 ], [ -70.743, 1.9081 ], [ -70.7454, 1.9212 ], [ -70.7331, 1.9239 ], [ -70.7213, 1.9189 ], [ -70.7199, 1.9103 ], [ -70.7166, 1.919 ], [ -70.6999, 1.9128 ], [ -70.705, 1.9064 ], [ -70.6956, 1.9088 ], [ -70.6911, 1.8977 ], [ -70.683, 1.9091 ], [ -70.6812, 1.9013 ], [ -70.6785, 1.9077 ], [ -70.6681, 1.9026 ], [ -70.6626, 1.9139 ], [ -70.6361, 1.9033 ], [ -70.6345, 1.9187 ], [ -70.617, 1.9208 ], [ -70.6209, 1.93 ], [ -70.6097, 1.9218 ], [ -70.5903, 1.9388 ], [ -70.5791, 1.9286 ], [ -70.5619, 1.9409 ], [ -70.5496, 1.938 ], [ -70.5309, 1.9571 ], [ -70.5239, 1.9472 ], [ -70.514, 1.957 ], [ -70.5111, 1.9404 ], [ -70.5022, 1.9499 ], [ -70.4866, 1.9458 ], [ -70.489, 1.9535 ], [ -70.4799, 1.9593 ], [ -70.4853, 1.9631 ], [ -70.4644, 1.963 ], [ -70.4665, 1.9717 ], [ -70.458, 1.9715 ], [ -70.4656, 1.9829 ], [ -70.4421, 1.9864 ], [ -70.4347, 1.9997 ], [ -70.4208, 1.9865 ], [ -70.3987, 1.9989 ], [ -70.3865, 1.9852 ], [ -70.3764, 1.9885 ], [ -70.3791, 2.0042 ], [ -70.3681, 2.0036 ], [ -70.3648, 1.9856 ], [ -70.3552, 1.9896 ], [ -70.3511, 1.983 ], [ -70.3479, 1.9923 ], [ -70.3407, 1.9885 ], [ -70.3393, 2.0003 ], [ -70.3298, 1.9934 ], [ -70.3302, 1.9991 ], [ -70.3225, 1.9978 ], [ -70.3176, 2.0128 ], [ -70.3063, 2.0068 ], [ -70.3055, 2.014 ], [ -70.2758, 2.0195 ], [ -70.2764, 2.0145 ], [ -70.2651, 2.0235 ], [ -70.2607, 2.0141 ], [ -70.2505, 2.0294 ], [ -70.2385, 2.0243 ], [ -70.2296, 2.0343 ], [ -70.2056, 2.0189 ], [ -70.194, 2.0306 ], [ -70.1907, 2.0234 ], [ -70.181, 2.0248 ], [ -70.1515, 2.0716 ], [ -70.1395, 2.0623 ], [ -70.1103, 2.0801 ], [ -70.1218, 2.0322 ], [ -70.1115, 2.0028 ], [ -70.1407, 1.9798 ], [ -70.1401, 1.9549 ], [ -70.1657, 1.9337 ], [ -70.1634, 1.9198 ], [ -70.1806, 1.8848 ], [ -70.1756, 1.8701 ], [ -70.1491, 1.8676 ], [ -70.0465, 1.7722 ], [ -70.0046, 1.7629 ], [ -69.975, 1.7432 ], [ -69.9168, 1.7488 ], [ -69.8813, 1.7262 ], [ -69.8769, 1.7315 ], [ -69.8685, 1.7227 ], [ -69.8707, 1.7179 ], [ -69.8662, 1.7197 ], [ -69.8519, 1.708 ], [ -69.8457, 1.7139 ], [ -69.8466, 1.0778 ], [ -69.8324, 1.0807 ], [ -69.8152, 1.0647 ], [ -69.8038, 1.0653 ], [ -69.7865, 1.0923 ], [ -69.7538, 1.1107 ], [ -69.7225, 1.1083 ], [ -69.7037, 1.1186 ], [ -69.7036, 1.0764 ], [ -69.6794, 1.0702 ], [ -69.6682, 1.0812 ], [ -69.645, 1.0897 ], [ -69.6334, 1.0855 ], [ -69.6116, 1.0985 ], [ -69.5611, 1.0719 ], [ -69.4847, 1.0798 ], [ -69.4376, 1.0741 ], [ -69.4311, 1.0487 ], [ -69.414, 1.0413 ], [ -69.3757, 1.0891 ], [ -69.3711, 1.0805 ], [ -69.3567, 1.0793 ], [ -69.3207, 1.088 ], [ -69.2872, 1.0536 ], [ -69.2442, 1.0562 ], [ -69.2427, 1.0424 ], [ -69.1981, 1.0006 ], [ -69.2177, 0.9744 ], [ -69.1657, 0.9418 ], [ -69.1697, 0.9347 ], [ -69.188, 0.9336 ], [ -69.191, 0.9159 ], [ -69.1548, 0.8811 ], [ -69.1401, 0.8837 ], [ -69.1366, 0.8768 ], [ -69.1417, 0.8487 ], [ -69.1598, 0.8503 ], [ -69.1674, 0.8437 ], [ -69.1678, 0.8207 ], [ -69.1543, 0.8062 ], [ -69.1476, 0.7687 ], [ -69.161, 0.7564 ], [ -69.1757, 0.76 ], [ -69.1876, 0.7468 ], [ -69.1878, 0.733 ], [ -69.1811, 0.716 ], [ -69.1588, 0.7116 ], [ -69.1456, 0.6985 ], [ -69.1179, 0.654 ], [ -69.1183, 0.6356 ], [ -69.159, 0.6534 ], [ -69.1707, 0.6476 ], [ -69.1833, 0.6543 ], [ -69.1982, 0.6465 ], [ -69.2043, 0.6326 ], [ -69.2001, 0.6067 ], [ -69.2135, 0.6104 ], [ -69.2318, 0.5987 ], [ -69.2443, 0.6099 ], [ -69.2724, 0.6019 ], [ -69.2961, 0.6047 ], [ -69.2847, 0.6199 ], [ -69.291, 0.6504 ], [ -69.3195, 0.6263 ], [ -69.3227, 0.6409 ], [ -69.3365, 0.6433 ], [ -69.3531, 0.6143 ], [ -69.4041, 0.6642 ], [ -69.4142, 0.687 ], [ -69.4356, 0.6986 ], [ -69.4339, 0.7126 ], [ -69.4561, 0.719 ], [ -69.4638, 0.7365 ], [ -69.4808, 0.7356 ], [ -69.5066, 0.713 ], [ -69.5325, 0.7024 ], [ -69.5357, 0.6795 ], [ -69.5626, 0.6842 ], [ -69.5668, 0.6714 ], [ -69.5929, 0.6565 ], [ -69.5875, 0.6399 ], [ -69.6063, 0.6346 ], [ -69.6067, 0.6133 ], [ -69.6207, 0.6343 ], [ -69.6306, 0.6292 ], [ -69.6494, 0.6637 ], [ -69.672, 0.6678 ], [ -69.6879, 0.6639 ], [ -69.6911, 0.6486 ], [ -69.6956, 0.6551 ], [ -69.7158, 0.6411 ], [ -69.7241, 0.6151 ], [ -69.7388, 0.6087 ], [ -69.7487, 0.6198 ], [ -69.8028, 0.5719 ], [ -69.8233, 0.5914 ], [ -69.8522, 0.5876 ], [ -69.86, 0.5777 ], [ -69.8694, 0.5828 ], [ -69.8872, 0.5771 ], [ -69.9165, 0.5902 ], [ -69.9142, 0.5804 ], [ -69.9356, 0.5531 ], [ -69.961, 0.5616 ], [ -69.964, 0.5714 ], [ -69.9787, 0.578 ], [ -69.9883, 0.5757 ], [ -69.9855, 0.5675 ], [ -70.0004, 0.5736 ], [ -69.9917, 0.5629 ], [ -69.9967, 0.5493 ], [ -70.0213, 0.5452 ], [ -70.021, 0.5563 ], [ -70.0386, 0.5664 ], [ -70.0465, 0.5632 ], [ -70.0467, -0.1162 ], [ -70.0427, -0.1233 ], [ -70.0652, -0.1644 ], [ -70.0533, -0.1892 ] ] ] } },
{ "type": "Feature", "properties": { "DPTO_CCDGO": "99", "DPTO_CNMBR": "VICHADA", "REGION": "Orinoquia" }, "geometry": { "type": "Polygon", "coordinates": [ [ [ -67.8477, 5.3079 ], [ -67.8513, 5.2808 ], [ -67.8239, 5.251 ], [ -67.8308, 5.224 ], [ -67.8244, 5.1961 ], [ -67.8543, 5.1352 ], [ -67.8221, 5.0839 ], [ -67.8219, 5.0659 ], [ -67.8059, 5.054 ], [ -67.8197, 5.0288 ], [ -67.8233, 4.9771 ], [ -67.8387, 4.9435 ], [ -67.8357, 4.8816 ], [ -67.8233, 4.8399 ], [ -67.8264, 4.7675 ], [ -67.8178, 4.7072 ], [ -67.8449, 4.6451 ], [ -67.8393, 4.5575 ], [ -67.8552, 4.539 ], [ -67.8572, 4.5247 ], [ -67.7992, 4.4798 ], [ -67.7918, 4.467 ], [ -67.7978, 4.4371 ], [ -67.7732, 4.419 ], [ -67.7815, 4.3924 ], [ -67.7616, 4.3493 ], [ -67.7638, 4.3411 ], [ -67.791, 4.34 ], [ -67.804, 4.3273 ], [ -67.7913, 4.2766 ], [ -67.7984, 4.2366 ], [ -67.7766, 4.2042 ], [ -67.7684, 4.1623 ], [ -67.7356, 4.1281 ], [ -67.7076, 4.045 ], [ -67.8132, 3.9845 ], [ -67.876, 3.9191 ], [ -67.9136, 3.9094 ], [ -67.9196, 3.9107 ], [ -67.9249, 3.9453 ], [ -67.9374, 3.9631 ], [ -67.9662, 3.9629 ], [ -67.9959, 3.9807 ], [ -68.0248, 3.9759 ], [ -68.0345, 4.0114 ], [ -68.0449, 4.0084 ], [ -68.079, 3.9352 ], [ -68.0834, 3.9456 ], [ -68.0721, 3.9687 ], [ -68.0784, 3.9805 ], [ -68.0983, 3.9746 ], [ -68.1129, 3.9434 ], [ -68.1231, 3.9395 ], [ -68.1328, 3.9465 ], [ -68.1358, 3.9557 ], [ -68.1195, 3.9821 ], [ -68.1305, 4.0009 ], [ -68.1737, 3.986 ], [ -68.205, 3.9975 ], [ -68.1995, 3.9779 ], [ -68.2066, 3.9568 ], [ -68.2367, 3.9752 ], [ -68.3139, 3.9778 ], [ -68.3446, 3.9932 ], [ -68.3556, 3.9547 ], [ -68.3423, 3.9356 ], [ -68.3467, 3.9241 ], [ -68.3818, 3.9124 ], [ -68.4204, 3.9267 ], [ -68.4366, 3.915 ], [ -68.4296, 3.8959 ], [ -68.393, 3.8729 ], [ -68.3947, 3.8508 ], [ -68.4118, 3.8504 ], [ -68.4314, 3.8819 ], [ -68.4468, 3.8844 ], [ -68.4503, 3.8683 ], [ -68.4402, 3.8535 ], [ -68.4445, 3.8384 ], [ -68.4762, 3.852 ], [ -68.513, 3.8255 ], [ -68.515, 3.8104 ], [ -68.5025, 3.792 ], [ -68.5099, 3.7791 ], [ -68.5256, 3.7841 ], [ -68.5578, 3.8185 ], [ -68.5693, 3.818 ], [ -68.5724, 3.8017 ], [ -68.5511, 3.7786 ], [ -68.5506, 3.764 ], [ -68.576, 3.7902 ], [ -68.5878, 3.7769 ], [ -68.606, 3.7847 ], [ -68.6347, 3.7736 ], [ -68.6552, 3.8048 ], [ -68.672, 3.812 ], [ -68.6805, 3.797 ], [ -68.6464, 3.7751 ], [ -68.6508, 3.7617 ], [ -68.6705, 3.7759 ], [ -68.7081, 3.7674 ], [ -68.7543, 3.7831 ], [ -68.768, 3.7695 ], [ -68.7751, 3.7348 ], [ -68.7948, 3.7223 ], [ -68.8127, 3.7199 ], [ -68.8378, 3.7441 ], [ -68.8521, 3.7387 ], [ -68.8531, 3.7203 ], [ -68.8292, 3.6822 ], [ -68.835, 3.6701 ], [ -68.8515, 3.7 ], [ -68.8642, 3.7063 ], [ -68.8865, 3.7001 ], [ -68.9069, 3.6832 ], [ -68.9258, 3.6869 ], [ -68.9253, 3.7314 ], [ -68.9376, 3.7424 ], [ -68.9479, 3.7327 ], [ -68.9355, 3.7037 ], [ -68.9423, 3.6825 ], [ -68.9557, 3.6796 ], [ -68.9754, 3.6928 ], [ -68.9958, 3.6919 ], [ -69.0559, 3.6387 ], [ -69.0788, 3.6559 ], [ -69.0873, 3.6386 ], [ -69.1004, 3.6381 ], [ -69.113, 3.6735 ], [ -69.1211, 3.676 ], [ -69.1525, 3.6426 ], [ -69.1867, 3.6339 ], [ -69.1873, 3.6424 ], [ -69.1686, 3.6591 ], [ -69.1681, 3.6719 ], [ -69.178, 3.6767 ], [ -69.2001, 3.6695 ], [ -69.1969, 3.6945 ], [ -69.208, 3.702 ], [ -69.221, 3.6787 ], [ -69.235, 3.674 ], [ -69.247, 3.7148 ], [ -69.2797, 3.7263 ], [ -69.2871, 3.7133 ], [ -69.2709, 3.6964 ], [ -69.268, 3.6813 ], [ -69.292, 3.6448 ], [ -69.3057, 3.6522 ], [ -69.2896, 3.6981 ], [ -69.3035, 3.7173 ], [ -69.3205, 3.6959 ], [ -69.3664, 3.6655 ], [ -69.3756, 3.6666 ], [ -69.3879, 3.6851 ], [ -69.4077, 3.66 ], [ -69.4232, 3.6656 ], [ -69.4386, 3.7008 ], [ -69.4547, 3.709 ], [ -69.4784, 3.6954 ], [ -69.4929, 3.6508 ], [ -69.5043, 3.6787 ], [ -69.5377, 3.6743 ], [ -69.5887, 3.6835 ], [ -69.5955, 3.673 ], [ -69.5773, 3.6777 ], [ -69.5706, 3.6694 ], [ -69.581, 3.6544 ], [ -69.5761, 3.614 ], [ -69.5926, 3.5677 ], [ -69.6089, 3.5955 ], [ -69.6199, 3.5915 ], [ -69.629, 3.5686 ], [ -69.6631, 3.5854 ], [ -69.7006, 3.5399 ], [ -69.7098, 3.5767 ], [ -69.7297, 3.5917 ], [ -69.7399, 3.5909 ], [ -69.7424, 3.576 ], [ -69.7204, 3.569 ], [ -69.7137, 3.5494 ], [ -69.734, 3.5429 ], [ -69.7542, 3.56 ], [ -69.7773, 3.5646 ], [ -69.7897, 3.5495 ], [ -69.788, 3.52 ], [ -69.8019, 3.5079 ], [ -69.8154, 3.5159 ], [ -69.8171, 3.5521 ], [ -69.8341, 3.5566 ], [ -69.8439, 3.549 ], [ -69.8449, 3.5317 ], [ -69.8162, 3.4894 ], [ -69.8172, 3.477 ], [ -69.8516, 3.4918 ], [ -69.8724, 3.5358 ], [ -69.8936, 3.5369 ], [ -69.8955, 3.5172 ], [ -69.8617, 3.4788 ], [ -69.8717, 3.4619 ], [ -69.8717, 3.4394 ], [ -69.8782, 3.4297 ], [ -69.9025, 3.4244 ], [ -69.915, 3.447 ], [ -69.9459, 3.4592 ], [ -69.9603, 3.4569 ], [ -69.9612, 3.4376 ], [ -69.9396, 3.4142 ], [ -69.9435, 3.3948 ], [ -70.0019, 3.3727 ], [ -70.0157, 3.3803 ], [ -70.015, 3.4076 ], [ -70.0258, 3.4176 ], [ -70.076, 3.3874 ], [ -70.1103, 3.385 ], [ -70.1154, 3.4005 ], [ -70.1266, 3.4008 ], [ -70.1334, 3.3651 ], [ -70.1729, 3.349 ], [ -70.1534, 3.3245 ], [ -70.1088, 3.2937 ], [ -70.1157, 3.2797 ], [ -70.1362, 3.2938 ], [ -70.1579, 3.2816 ], [ -70.1568, 3.2579 ], [ -70.1318, 3.2441 ], [ -70.128, 3.2023 ], [ -70.1481, 3.1908 ], [ -70.1572, 3.2294 ], [ -70.1744, 3.2358 ], [ -70.1782, 3.2176 ], [ -70.1577, 3.1945 ], [ -70.1646, 3.1811 ], [ -70.1923, 3.1735 ], [ -70.2039, 3.2031 ], [ -70.2179, 3.206 ], [ -70.2202, 3.197 ], [ -70.2081, 3.188 ], [ -70.2065, 3.1731 ], [ -70.2162, 3.1682 ], [ -70.2293, 3.181 ], [ -70.2444, 3.1792 ], [ -70.2599, 3.1436 ], [ -70.2879, 3.124 ], [ -70.2799, 3.0945 ], [ -70.3199, 3.0863 ], [ -70.3152, 3.0708 ], [ -70.2727, 3.0661 ], [ -70.2553, 3.0397 ], [ -70.2719, 3.0308 ], [ -70.3033, 3.0336 ], [ -70.2827, 2.9933 ], [ -70.2784, 2.9365 ], [ -70.324, 2.9134 ], [ -70.354, 2.914 ], [ -70.3485, 2.8735 ], [ -70.3587, 2.8519 ], [ -70.4108, 2.829 ], [ -70.4939, 2.8133 ], [ -70.4976, 2.7885 ], [ -70.5047, 2.7878 ], [ -70.5873, 2.8405 ], [ -70.5972, 2.8363 ], [ -70.6067, 2.7989 ], [ -70.6203, 2.7926 ], [ -70.6324, 2.8099 ], [ -70.6354, 2.8488 ], [ -70.6601, 2.8574 ], [ -70.6645, 2.847 ], [ -70.6402, 2.8215 ], [ -70.6404, 2.8026 ], [ -70.6578, 2.7809 ], [ -70.6817, 2.7778 ], [ -70.689, 2.7574 ], [ -70.7092, 2.7371 ], [ -70.7205, 2.7498 ], [ -70.7168, 2.7809 ], [ -70.7248, 2.7952 ], [ -70.7544, 2.7702 ], [ -70.8113, 2.76 ], [ -70.8153, 2.7679 ], [ -70.799, 2.7757 ], [ -70.7964, 2.7944 ], [ -70.8081, 2.8113 ], [ -70.8216, 2.8131 ], [ -70.8451, 2.8012 ], [ -70.8624, 2.7766 ], [ -70.8714, 2.7778 ], [ -70.8705, 2.7976 ], [ -70.8542, 2.8232 ], [ -70.8753, 2.8471 ], [ -70.8835, 2.8354 ], [ -70.8715, 2.7963 ], [ -70.8837, 2.7926 ], [ -70.899, 2.8087 ], [ -70.9113, 2.8499 ], [ -70.9381, 2.8573 ], [ -70.9412, 2.8378 ], [ -70.9251, 2.8154 ], [ -70.9314, 2.7948 ], [ -70.9457, 2.7855 ], [ -70.962, 2.8005 ], [ -70.9479, 2.818 ], [ -70.9546, 2.8421 ], [ -70.9876, 2.8289 ], [ -71.0106, 2.8568 ], [ -71.0291, 2.8463 ], [ -71.0638, 2.8575 ], [ -71.0656, 2.8735 ], [ -71.0775, 2.8822 ], [ -71.0779, 4.8991 ], [ -71.0565, 4.9064 ], [ -71.0131, 4.9774 ], [ -71.0019, 4.9807 ], [ -70.9868, 5.0437 ], [ -70.9677, 5.0583 ], [ -70.9745, 5.0801 ], [ -70.9559, 5.0961 ], [ -70.9426, 5.1253 ], [ -70.9146, 5.1405 ], [ -70.8764, 5.1483 ], [ -70.862, 5.1442 ], [ -70.8241, 5.186 ], [ -70.814, 5.1871 ], [ -70.6954, 5.2818 ], [ -70.6741, 5.3155 ], [ -70.6819, 5.3573 ], [ -70.6659, 5.3739 ], [ -70.6538, 5.373 ], [ -70.1989, 4.8851 ], [ -70.652, 5.3738 ], [ -70.6032, 5.4237 ], [ -70.5706, 5.4354 ], [ -70.5613, 5.4492 ], [ -70.5316, 5.4715 ], [ -70.5112, 5.4762 ], [ -70.4982, 5.4966 ], [ -70.4455, 5.5308 ], [ -70.4206, 5.5345 ], [ -70.4133, 5.5513 ], [ -70.3864, 5.5634 ], [ -70.3605, 5.587 ], [ -70.3371, 5.5747 ], [ -70.2984, 5.5773 ], [ -70.2638, 5.5636 ], [ -70.2155, 5.5834 ], [ -70.1947, 5.6032 ], [ -70.1598, 5.599 ], [ -70.1402, 5.6099 ], [ -70.1144, 5.6321 ], [ -70.0789, 5.6871 ], [ -70.0568, 5.7036 ], [ -70.0438, 5.7462 ], [ -70.0113, 5.7672 ], [ -69.9788, 5.8073 ], [ -69.9663, 5.829 ], [ -69.9677, 5.8594 ], [ -69.9325, 5.8765 ], [ -69.9243, 5.9107 ], [ -69.9028, 5.9293 ], [ -69.8828, 5.9698 ], [ -69.8543, 5.9845 ], [ -69.8359, 6.0413 ], [ -69.7843, 6.0586 ], [ -69.7439, 6.043 ], [ -69.7045, 6.0457 ], [ -69.6826, 6.0384 ], [ -69.5415, 6.0437 ], [ -69.4523, 6.0835 ], [ -69.4353, 6.1052 ], [ -69.4043, 6.1256 ], [ -69.3844, 6.1255 ], [ -69.3447, 6.1444 ], [ -69.3293, 6.132 ], [ -69.3073, 6.089 ], [ -69.2386, 6.0795 ], [ -69.212, 6.1179 ], [ -69.1777, 6.1473 ], [ -69.1503, 6.1509 ], [ -69.1233, 6.1912 ], [ -69.1015, 6.1942 ], [ -69.0904, 6.2091 ], [ -69.0684, 6.2174 ], [ -69.0336, 6.2187 ], [ -69.0139, 6.1929 ], [ -68.9733, 6.1962 ], [ -68.9344, 6.177 ], [ -68.8836, 6.1675 ], [ -68.8356, 6.1801 ], [ -68.8135, 6.1729 ], [ -68.7927, 6.1474 ], [ -68.7518, 6.1569 ], [ -68.7065, 6.1521 ], [ -68.6869, 6.132 ], [ -68.644, 6.1292 ], [ -68.5885, 6.1663 ], [ -68.542, 6.149 ], [ -68.5227, 6.1593 ], [ -68.5101, 6.1791 ], [ -68.4486, 6.1877 ], [ -68.4272, 6.1821 ], [ -68.3736, 6.1859 ], [ -68.3284, 6.164 ], [ -68.307, 6.163 ], [ -68.2574, 6.197 ], [ -68.1868, 6.2102 ], [ -68.1419, 6.2287 ], [ -68.0777, 6.2271 ], [ -68.0432, 6.1989 ], [ -68.0273, 6.1961 ], [ -68.0016, 6.2082 ], [ -67.9783, 6.2081 ], [ -67.9298, 6.2364 ], [ -67.8457, 6.312 ], [ -67.8097, 6.3243 ], [ -67.7618, 6.2914 ], [ -67.7188, 6.3005 ], [ -67.6253, 6.2914 ], [ -67.5869, 6.2626 ], [ -67.5528, 6.2673 ], [ -67.5352, 6.2605 ], [ -67.4565, 6.1937 ], [ -67.4862, 6.1631 ], [ -67.4936, 6.128 ], [ -67.4615, 6.0654 ], [ -67.428, 6.0389 ], [ -67.4276, 6.026 ], [ -67.4103, 6.0056 ], [ -67.4145, 5.9857 ], [ -67.4584, 5.9622 ], [ -67.4778, 5.937 ], [ -67.5303, 5.9061 ], [ -67.5633, 5.8593 ], [ -67.5974, 5.8278 ], [ -67.6194, 5.7482 ], [ -67.6311, 5.7323 ], [ -67.6381, 5.6704 ], [ -67.6202, 5.5663 ], [ -67.5991, 5.5403 ], [ -67.6181, 5.5149 ], [ -67.6246, 5.477 ], [ -67.6814, 5.4276 ], [ -67.7072, 5.4194 ], [ -67.7268, 5.397 ], [ -67.799, 5.3592 ], [ -67.8477, 5.3079 ] ] ] } }
]
}
